candidate_id,scenario_id,applicable,rank,unique_trips,unique_routes,active_stops,events
extend-hours:crem:000981-B03,primary,true,16,48,4,10,75
extend-hours:crem:000981-B03,distance-300,true,11,46,4,6,49
extend-hours:crem:000981-B03,distance-500,true,27,53,4,18,151
extend-hours:crem:000981-B03,rider-conditional,true,14,48,4,10,75
extend-hours:crem:000981-B03,normal-operations,true,16,48,4,10,75
extend-hours:crem:000981-B03,optimistic-information,false,not applicable,not applicable,not applicable,not applicable,not applicable
extend-hours:crem:000981-B03,saturday,true,19,47,4,10,73
extend-hours:crem:000981-B04,primary,true,13,50,4,10,91
extend-hours:crem:000981-B04,distance-300,true,12,46,4,5,46
extend-hours:crem:000981-B04,distance-500,true,29,53,4,17,149
extend-hours:crem:000981-B04,rider-conditional,true,11,50,4,10,91
extend-hours:crem:000981-B04,normal-operations,true,13,50,4,10,91
extend-hours:crem:000981-B04,optimistic-information,false,not applicable,not applicable,not applicable,not applicable,not applicable
extend-hours:crem:000981-B04,saturday,true,14,48,4,10,88
extend-hours:crem:001879-B01,primary,true,15,48,4,11,66
extend-hours:crem:001879-B01,distance-300,true,154,9,2,5,14
extend-hours:crem:001879-B01,distance-500,true,37,48,4,14,92
extend-hours:crem:001879-B01,rider-conditional,true,13,48,4,11,66
extend-hours:crem:001879-B01,normal-operations,true,15,48,4,11,66
extend-hours:crem:001879-B01,optimistic-information,false,not applicable,not applicable,not applicable,not applicable,not applicable
extend-hours:crem:001879-B01,saturday,true,18,47,4,11,61
extend-hours:crem:003257-B02,primary,true,30,42,5,9,49
extend-hours:crem:003257-B02,distance-300,true,157,9,2,2,9
extend-hours:crem:003257-B02,distance-500,true,33,50,7,13,72
extend-hours:crem:003257-B02,rider-conditional,true,26,42,5,9,49
extend-hours:crem:003257-B02,normal-operations,true,30,42,5,9,49
extend-hours:crem:003257-B02,optimistic-information,false,not applicable,not applicable,not applicable,not applicable,not applicable
extend-hours:crem:003257-B02,saturday,true,29,41,5,9,48
extend-hours:crem:003889-B04,primary,true,130,17,1,3,25
extend-hours:crem:003889-B04,distance-300,true,87,17,1,2,17
extend-hours:crem:003889-B04,distance-500,true,178,17,1,5,43
extend-hours:crem:003889-B04,rider-conditional,true,127,17,1,3,25
extend-hours:crem:003889-B04,normal-operations,true,130,17,1,3,25
extend-hours:crem:003889-B04,optimistic-information,false,not applicable,not applicable,not applicable,not applicable,not applicable
extend-hours:crem:003889-B04,saturday,true,133,16,1,3,24
extend-hours:crem:005581-B01,primary,true,184,11,2,10,25
extend-hours:crem:005581-B01,distance-300,true,148,10,2,6,14
extend-hours:crem:005581-B01,distance-500,true,226,11,2,12,29
extend-hours:crem:005581-B01,rider-conditional,true,182,11,2,10,25
extend-hours:crem:005581-B01,normal-operations,true,184,11,2,10,25
extend-hours:crem:005581-B01,optimistic-information,false,not applicable,not applicable,not applicable,not applicable,not applicable
extend-hours:crem:005581-B01,saturday,true,160,13,2,10,31
extend-hours:crem:City Hall|100 Queen Street West,primary,true,132,16,2,10,28
extend-hours:crem:City Hall|100 Queen Street West,distance-300,true,208,4,1,4,8
extend-hours:crem:City Hall|100 Queen Street West,distance-500,true,158,19,3,14,45
extend-hours:crem:City Hall|100 Queen Street West,rider-conditional,true,129,16,2,10,28
extend-hours:crem:City Hall|100 Queen Street West,normal-operations,true,132,16,2,10,28
extend-hours:crem:City Hall|100 Queen Street West,optimistic-information,false,not applicable,not applicable,not applicable,not applicable,not applicable
extend-hours:crem:City Hall|100 Queen Street West,saturday,true,119,17,2,10,31
extend-hours:crem:Metro Hall|55 John Street,primary,true,62,29,1,4,54
extend-hours:crem:Metro Hall|55 John Street,distance-300,true,40,28,1,3,40
extend-hours:crem:Metro Hall|55 John Street,distance-500,true,58,42,2,8,93
extend-hours:crem:Metro Hall|55 John Street,rider-conditional,true,58,29,1,4,54
extend-hours:crem:Metro Hall|55 John Street,normal-operations,true,62,29,1,4,54
extend-hours:crem:Metro Hall|55 John Street,optimistic-information,false,not applicable,not applicable,not applicable,not applicable,not applicable
extend-hours:crem:Metro Hall|55 John Street,saturday,true,87,25,1,4,50
extend-hours:library:AB,primary,true,235,6,1,3,8
extend-hours:library:AB,distance-300,true,187,6,1,2,6
extend-hours:library:AB,distance-500,true,88,30,3,12,53
extend-hours:library:AB,rider-conditional,true,232,6,1,3,8
extend-hours:library:AB,normal-operations,true,235,6,1,3,8
extend-hours:library:AB,optimistic-information,false,not applicable,not applicable,not applicable,not applicable,not applicable
extend-hours:library:AB,saturday,true,252,4,1,3,6
extend-hours:library:ACD,primary,true,185,11,2,8,21
extend-hours:library:ACD,distance-300,true,149,10,2,5,12
extend-hours:library:ACD,distance-500,true,225,11,2,12,33
extend-hours:library:ACD,rider-conditional,true,183,11,2,8,21
extend-hours:library:ACD,normal-operations,true,185,11,2,8,21
extend-hours:library:ACD,optimistic-information,false,not applicable,not applicable,not applicable,not applicable,not applicable
extend-hours:library:ACD,saturday,true,192,9,2,8,17
extend-hours:library:AG,primary,true,287,0,0,0,0
extend-hours:library:AG,distance-300,true,245,0,0,0,0
extend-hours:library:AG,distance-500,true,212,13,1,2,13
extend-hours:library:AG,rider-conditional,true,285,0,0,0,0
extend-hours:library:AG,normal-operations,true,287,0,0,0,0
extend-hours:library:AG,optimistic-information,false,not applicable,not applicable,not applicable,not applicable,not applicable
extend-hours:library:AG,saturday,true,287,0,0,0,0
extend-hours:library:AN,primary,true,33,40,6,14,63
extend-hours:library:AN,distance-300,true,27,32,5,11,42
extend-hours:library:AN,distance-500,true,54,42,6,21,111
extend-hours:library:AN,rider-conditional,true,28,40,6,14,63
extend-hours:library:AN,normal-operations,true,33,40,6,14,63
extend-hours:library:AN,optimistic-information,false,not applicable,not applicable,not applicable,not applicable,not applicable
extend-hours:library:AN,saturday,true,28,41,6,14,64
extend-hours:library:AP,primary,true,79,25,2,10,56
extend-hours:library:AP,distance-300,true,47,25,2,6,31
extend-hours:library:AP,distance-500,true,111,26,2,13,77
extend-hours:library:AP,rider-conditional,true,75,25,2,10,56
extend-hours:library:AP,normal-operations,true,79,25,2,10,56
extend-hours:library:AP,optimistic-information,false,not applicable,not applicable,not applicable,not applicable,not applicable
extend-hours:library:AP,saturday,true,94,22,2,10,46
extend-hours:library:BB,primary,true,97,22,2,4,37
extend-hours:library:BB,distance-300,true,69,20,2,3,28
extend-hours:library:BB,distance-500,true,137,22,2,7,58
extend-hours:library:BB,rider-conditional,true,93,22,2,4,37
extend-hours:library:BB,normal-operations,true,97,22,2,4,37
extend-hours:library:BB,optimistic-information,false,not applicable,not applicable,not applicable,not applicable,not applicable
extend-hours:library:BB,saturday,true,108,19,2,4,34
extend-hours:library:BD,primary,true,196,10,1,4,20
extend-hours:library:BD,distance-300,true,151,10,1,3,15
extend-hours:library:BD,distance-500,true,235,10,1,6,30
extend-hours:library:BD,rider-conditional,true,193,10,1,4,20
extend-hours:library:BD,normal-operations,true,196,10,1,4,20
extend-hours:library:BD,optimistic-information,false,not applicable,not applicable,not applicable,not applicable,not applicable
extend-hours:library:BD,saturday,true,190,10,1,4,20
extend-hours:library:BE,primary,true,110,20,2,6,35
extend-hours:library:BE,distance-300,true,74,19,2,4,22
extend-hours:library:BE,distance-500,true,148,21,2,8,48
extend-hours:library:BE,rider-conditional,true,107,20,2,6,35
extend-hours:library:BE,normal-operations,true,110,20,2,6,35
extend-hours:library:BE,optimistic-information,false,not applicable,not applicable,not applicable,not applicable,not applicable
extend-hours:library:BE,saturday,true,112,18,2,6,33
extend-hours:library:BF,primary,true,81,25,2,9,56
extend-hours:library:BF,distance-300,true,128,12,1,2,12
extend-hours:library:BF,distance-500,true,121,25,2,11,68
extend-hours:library:BF,rider-conditional,true,77,25,2,9,56
extend-hours:library:BF,normal-operations,true,81,25,2,9,56
extend-hours:library:BF,optimistic-information,false,not applicable,not applicable,not applicable,not applicable,not applicable
extend-hours:library:BF,saturday,true,77,25,2,9,55
extend-hours:library:BL,primary,true,18,47,3,4,47
extend-hours:library:BL,distance-300,true,25,33,3,3,33
extend-hours:library:BL,distance-500,true,34,50,3,7,76
extend-hours:library:BL,rider-conditional,true,16,47,3,4,47
extend-hours:library:BL,normal-operations,true,18,47,3,4,47
extend-hours:library:BL,optimistic-information,false,not applicable,not applicable,not applicable,not applicable,not applicable
extend-hours:library:BL,saturday,true,20,47,3,4,47
extend-hours:library:BR,primary,true,74,26,3,7,52
extend-hours:library:BR,distance-300,true,182,6,1,3,9
extend-hours:library:BR,distance-500,true,30,52,6,12,88
extend-hours:library:BR,rider-conditional,true,70,26,3,7,52
extend-hours:library:BR,normal-operations,true,74,26,3,7,52
extend-hours:library:BR,optimistic-information,false,not applicable,not applicable,not applicable,not applicable,not applicable
extend-hours:library:BR,saturday,true,89,23,3,7,45
extend-hours:library:BRW,primary,true,209,8,1,4,16
extend-hours:library:BRW,distance-300,true,165,8,1,4,16
extend-hours:library:BRW,distance-500,true,245,8,1,5,19
extend-hours:library:BRW,rider-conditional,true,206,8,1,4,16
extend-hours:library:BRW,normal-operations,true,209,8,1,4,16
extend-hours:library:BRW,optimistic-information,false,not applicable,not applicable,not applicable,not applicable,not applicable
extend-hours:library:BRW,saturday,true,207,7,1,4,12
extend-hours:library:CC,primary,true,59,29,3,6,53
extend-hours:library:CC,distance-300,true,30,29,3,6,53
extend-hours:library:CC,distance-500,true,84,31,3,9,93
extend-hours:library:CC,rider-conditional,true,55,29,3,6,53
extend-hours:library:CC,normal-operations,true,59,29,3,6,53
extend-hours:library:CC,optimistic-information,false,not applicable,not applicable,not applicable,not applicable,not applicable
extend-hours:library:CC,saturday,true,90,23,2,6,41
extend-hours:library:CED,primary,true,31,42,3,9,94
extend-hours:library:CED,distance-300,true,59,22,1,5,55
extend-hours:library:CED,distance-500,true,56,42,3,10,103
extend-hours:library:CED,rider-conditional,true,27,42,3,9,94
extend-hours:library:CED,normal-operations,true,31,42,3,9,94
extend-hours:library:CED,optimistic-information,false,not applicable,not applicable,not applicable,not applicable,not applicable
extend-hours:library:CED,saturday,true,50,32,3,9,71
extend-hours:library:CL,primary,true,123,18,2,5,22
extend-hours:library:CL,distance-300,true,124,13,1,1,13
extend-hours:library:CL,distance-500,true,92,30,2,6,34
extend-hours:library:CL,rider-conditional,true,120,18,2,5,22
extend-hours:library:CL,normal-operations,true,123,18,2,5,22
extend-hours:library:CL,optimistic-information,false,not applicable,not applicable,not applicable,not applicable,not applicable
extend-hours:library:CL,saturday,true,107,19,2,5,24
extend-hours:library:CS,primary,true,67,28,2,7,46
extend-hours:library:CS,distance-300,true,37,28,2,6,40
extend-hours:library:CS,distance-500,true,90,30,2,12,80
extend-hours:library:CS,rider-conditional,true,63,28,2,7,46
extend-hours:library:CS,normal-operations,true,67,28,2,7,46
extend-hours:library:CS,optimistic-information,false,not applicable,not applicable,not applicable,not applicable,not applicable
extend-hours:library:CS,saturday,true,80,25,2,7,44
extend-hours:library:DA,primary,true,23,46,3,6,58
extend-hours:library:DA,distance-300,true,16,38,2,4,38
extend-hours:library:DA,distance-500,true,44,46,3,10,78
extend-hours:library:DA,rider-conditional,true,20,46,3,6,58
extend-hours:library:DA,normal-operations,true,23,46,3,6,58
extend-hours:library:DA,optimistic-information,false,not applicable,not applicable,not applicable,not applicable,not applicable
extend-hours:library:DA,saturday,true,32,41,3,6,53
extend-hours:library:DGH,primary,true,26,44,6,15,93
extend-hours:library:DGH,distance-300,true,14,44,6,14,91
extend-hours:library:DGH,distance-500,true,49,44,6,25,153
extend-hours:library:DGH,rider-conditional,true,23,44,6,15,93
extend-hours:library:DGH,normal-operations,true,26,44,6,15,93
extend-hours:library:DGH,optimistic-information,false,not applicable,not applicable,not applicable,not applicable,not applicable
extend-hours:library:DGH,saturday,true,42,35,5,15,84
extend-hours:library:DM,primary,true,138,15,4,7,24
extend-hours:library:DM,distance-300,true,169,7,2,3,7
extend-hours:library:DM,distance-500,true,51,43,6,11,55
extend-hours:library:DM,rider-conditional,true,136,15,4,7,24
extend-hours:library:DM,normal-operations,true,138,15,4,7,24
extend-hours:library:DM,optimistic-information,false,not applicable,not applicable,not applicable,not applicable,not applicable
extend-hours:library:DM,saturday,true,157,13,3,7,22
extend-hours:library:DO,primary,true,28,43,5,10,68
extend-hours:library:DO,distance-300,true,32,28,5,7,47
extend-hours:library:DO,distance-500,true,50,44,5,12,75
extend-hours:library:DO,rider-conditional,true,25,43,5,10,68
extend-hours:library:DO,normal-operations,true,28,43,5,10,68
extend-hours:library:DO,optimistic-information,false,not applicable,not applicable,not applicable,not applicable,not applicable
extend-hours:library:DO,saturday,true,16,47,5,10,70
extend-hours:library:DP,primary,true,9,53,5,11,70
extend-hours:library:DP,distance-300,true,10,46,5,6,46
extend-hours:library:DP,distance-500,true,14,60,5,18,111
extend-hours:library:DP,rider-conditional,true,7,53,5,11,70
extend-hours:library:DP,normal-operations,true,9,53,5,11,70
extend-hours:library:DP,optimistic-information,false,not applicable,not applicable,not applicable,not applicable,not applicable
extend-hours:library:DP,saturday,true,10,52,5,11,68
extend-hours:library:DT,primary,true,118,19,2,6,25
extend-hours:library:DT,distance-300,true,72,19,2,6,25
extend-hours:library:DT,distance-500,true,108,26,4,13,47
extend-hours:library:DT,rider-conditional,true,115,19,2,6,25
extend-hours:library:DT,normal-operations,true,118,19,2,6,25
extend-hours:library:DT,optimistic-information,false,not applicable,not applicable,not applicable,not applicable,not applicable
extend-hours:library:DT,saturday,true,122,17,2,6,21
extend-hours:library:DU,primary,true,46,35,3,9,67
extend-hours:library:DU,distance-300,true,23,33,3,7,53
extend-hours:library:DU,distance-500,true,64,38,4,15,109
extend-hours:library:DU,rider-conditional,true,42,35,3,9,67
extend-hours:library:DU,normal-operations,true,46,35,3,9,67
extend-hours:library:DU,optimistic-information,false,not applicable,not applicable,not applicable,not applicable,not applicable
extend-hours:library:DU,saturday,true,25,43,3,9,83
extend-hours:library:EA,primary,true,160,13,2,11,31
extend-hours:library:EA,distance-300,true,142,11,2,6,17
extend-hours:library:EA,distance-500,true,188,14,2,12,34
extend-hours:library:EA,rider-conditional,true,158,13,2,11,31
extend-hours:library:EA,normal-operations,true,160,13,2,11,31
extend-hours:library:EA,optimistic-information,false,not applicable,not applicable,not applicable,not applicable,not applicable
extend-hours:library:EA,saturday,true,159,13,2,11,34
extend-hours:library:EB,primary,true,249,5,1,2,5
extend-hours:library:EB,distance-300,true,286,0,0,0,0
extend-hours:library:EB,distance-500,true,279,5,1,3,7
extend-hours:library:EB,rider-conditional,true,246,5,1,2,5
extend-hours:library:EB,normal-operations,true,249,5,1,2,5
extend-hours:library:EB,optimistic-information,false,not applicable,not applicable,not applicable,not applicable,not applicable
extend-hours:library:EB,saturday,true,241,5,1,2,5
extend-hours:library:EG,primary,true,189,11,1,3,15
extend-hours:library:EG,distance-300,true,145,11,1,3,15
extend-hours:library:EG,distance-500,true,232,11,1,4,20
extend-hours:library:EG,rider-conditional,true,187,11,1,3,15
extend-hours:library:EG,normal-operations,true,189,11,1,3,15
extend-hours:library:EG,optimistic-information,false,not applicable,not applicable,not applicable,not applicable,not applicable
extend-hours:library:EG,saturday,true,212,7,1,3,10
extend-hours:library:EN,primary,true,68,28,2,6,34
extend-hours:library:EN,distance-300,true,38,28,2,6,34
extend-hours:library:EN,distance-500,true,94,29,2,10,47
extend-hours:library:EN,rider-conditional,true,64,28,2,6,34
extend-hours:library:EN,normal-operations,true,68,28,2,6,34
extend-hours:library:EN,optimistic-information,false,not applicable,not applicable,not applicable,not applicable,not applicable
extend-hours:library:EN,saturday,true,64,28,2,6,34
extend-hours:library:FO,primary,true,12,51,2,6,96
extend-hours:library:FO,distance-300,true,52,24,1,2,24
extend-hours:library:FO,distance-500,true,32,51,2,7,108
extend-hours:library:FO,rider-conditional,true,10,51,2,6,96
extend-hours:library:FO,normal-operations,true,12,51,2,6,96
extend-hours:library:FO,optimistic-information,false,not applicable,not applicable,not applicable,not applicable,not applicable
extend-hours:library:FO,saturday,true,7,55,2,6,98
extend-hours:library:FV,primary,true,126,17,2,3,25
extend-hours:library:FV,distance-300,true,91,16,2,2,16
extend-hours:library:FV,distance-500,true,177,17,2,3,25
extend-hours:library:FV,rider-conditional,true,135,16,2,2,16
extend-hours:library:FV,normal-operations,true,126,17,2,3,25
extend-hours:library:FV,optimistic-information,false,not applicable,not applicable,not applicable,not applicable,not applicable
extend-hours:library:FV,saturday,true,149,14,2,3,21
extend-hours:library:GE,primary,true,82,25,2,7,44
extend-hours:library:GE,distance-300,true,46,25,2,7,44
extend-hours:library:GE,distance-500,true,122,25,2,8,56
extend-hours:library:GE,rider-conditional,true,78,25,2,7,44
extend-hours:library:GE,normal-operations,true,82,25,2,7,44
extend-hours:library:GE,optimistic-information,false,not applicable,not applicable,not applicable,not applicable,not applicable
extend-hours:library:GE,saturday,true,82,25,2,7,44
extend-hours:library:GHP,primary,true,323,0,0,0,0
extend-hours:library:GHP,distance-300,true,299,0,0,0,0
extend-hours:library:GHP,distance-500,true,209,13,1,4,26
extend-hours:library:GHP,rider-conditional,true,321,0,0,0,0
extend-hours:library:GHP,normal-operations,true,323,0,0,0,0
extend-hours:library:GHP,optimistic-information,false,not applicable,not applicable,not applicable,not applicable,not applicable
extend-hours:library:GHP,saturday,true,323,0,0,0,0
extend-hours:library:GW,primary,true,168,13,1,5,33
extend-hours:library:GW,distance-300,true,117,13,1,5,33
extend-hours:library:GW,distance-500,true,206,13,1,6,39
extend-hours:library:GW,rider-conditional,true,166,13,1,5,33
extend-hours:library:GW,normal-operations,true,168,13,1,5,33
extend-hours:library:GW,optimistic-information,false,not applicable,not applicable,not applicable,not applicable,not applicable
extend-hours:library:GW,saturday,true,166,13,1,5,31
extend-hours:library:HB,primary,true,66,28,3,7,34
extend-hours:library:HB,distance-300,true,35,28,3,5,30
extend-hours:library:HB,distance-500,true,99,28,3,7,34
extend-hours:library:HB,rider-conditional,true,62,28,3,7,34
extend-hours:library:HB,normal-operations,true,66,28,3,7,34
extend-hours:library:HB,optimistic-information,false,not applicable,not applicable,not applicable,not applicable,not applicable
extend-hours:library:HB,saturday,true,59,30,3,7,38
extend-hours:library:HC,primary,true,162,13,2,6,27
extend-hours:library:HC,distance-300,true,113,13,2,4,18
extend-hours:library:HC,distance-500,true,189,14,2,10,44
extend-hours:library:HC,rider-conditional,true,160,13,2,6,27
extend-hours:library:HC,normal-operations,true,162,13,2,6,27
extend-hours:library:HC,optimistic-information,false,not applicable,not applicable,not applicable,not applicable,not applicable
extend-hours:library:HC,saturday,true,163,13,2,6,31
extend-hours:library:HIL,primary,true,245,5,1,5,13
extend-hours:library:HIL,distance-300,true,202,5,1,2,5
extend-hours:library:HIL,distance-500,true,275,5,1,6,15
extend-hours:library:HIL,rider-conditional,true,242,5,1,5,13
extend-hours:library:HIL,normal-operations,true,245,5,1,5,13
extend-hours:library:HIL,optimistic-information,false,not applicable,not applicable,not applicable,not applicable,not applicable
extend-hours:library:HIL,saturday,true,221,6,1,5,15
extend-hours:library:HP,primary,true,145,15,1,4,28
extend-hours:library:HP,distance-300,true,93,15,1,4,28
extend-hours:library:HP,distance-500,true,185,15,1,7,47
extend-hours:library:HP,rider-conditional,true,143,15,1,4,28
extend-hours:library:HP,normal-operations,true,145,15,1,4,28
extend-hours:library:HP,optimistic-information,false,not applicable,not applicable,not applicable,not applicable,not applicable
extend-hours:library:HP,saturday,true,168,13,1,4,24
extend-hours:library:HS,primary,true,229,6,1,5,15
extend-hours:library:HS,distance-300,true,183,6,1,3,9
extend-hours:library:HS,distance-500,true,263,6,1,5,15
extend-hours:library:HS,rider-conditional,true,226,6,1,5,15
extend-hours:library:HS,normal-operations,true,229,6,1,5,15
extend-hours:library:HS,optimistic-information,false,not applicable,not applicable,not applicable,not applicable,not applicable
extend-hours:library:HS,saturday,true,248,4,1,5,10
extend-hours:library:JO,primary,true,141,15,2,6,22
extend-hours:library:JO,distance-300,true,181,6,1,4,11
extend-hours:library:JO,distance-500,true,42,46,4,11,61
extend-hours:library:JO,rider-conditional,true,139,15,2,6,22
extend-hours:library:JO,normal-operations,true,141,15,2,6,22
extend-hours:library:JO,optimistic-information,false,not applicable,not applicable,not applicable,not applicable,not applicable
extend-hours:library:JO,saturday,true,147,14,2,6,22
extend-hours:library:JS,primary,true,27,44,5,9,82
extend-hours:library:JS,distance-300,true,83,18,2,3,26
extend-hours:library:JS,distance-500,true,46,45,5,11,101
extend-hours:library:JS,rider-conditional,true,24,44,5,9,82
extend-hours:library:JS,normal-operations,true,27,44,5,9,82
extend-hours:library:JS,optimistic-information,false,not applicable,not applicable,not applicable,not applicable,not applicable
extend-hours:library:JS,saturday,true,26,42,4,9,84
extend-hours:library:JT,primary,true,219,7,1,2,7
extend-hours:library:JT,distance-300,true,173,7,1,2,7
extend-hours:library:JT,distance-500,true,229,11,2,6,18
extend-hours:library:JT,rider-conditional,true,216,7,1,2,7
extend-hours:library:JT,normal-operations,true,219,7,1,2,7
extend-hours:library:JT,optimistic-information,false,not applicable,not applicable,not applicable,not applicable,not applicable
extend-hours:library:JT,saturday,true,214,7,1,2,7
extend-hours:library:KE,primary,true,29,43,4,10,56
extend-hours:library:KE,distance-300,true,20,34,4,6,36
extend-hours:library:KE,distance-500,true,5,70,11,14,97
extend-hours:library:KE,rider-conditional,true,40,36,4,9,45
extend-hours:library:KE,normal-operations,true,29,43,4,10,56
extend-hours:library:KE,optimistic-information,false,not applicable,not applicable,not applicable,not applicable,not applicable
extend-hours:library:KE,saturday,true,21,45,4,10,59
extend-hours:library:LB,primary,true,154,14,1,6,40
extend-hours:library:LB,distance-300,true,118,13,1,5,32
extend-hours:library:LB,distance-500,true,192,14,1,6,40
extend-hours:library:LB,rider-conditional,true,152,14,1,6,40
extend-hours:library:LB,normal-operations,true,154,14,1,6,40
extend-hours:library:LB,optimistic-information,false,not applicable,not applicable,not applicable,not applicable,not applicable
extend-hours:library:LB,saturday,true,150,14,1,6,42
extend-hours:library:LE,primary,true,256,4,1,6,9
extend-hours:library:LE,distance-300,true,222,3,1,4,6
extend-hours:library:LE,distance-500,true,286,4,1,6,9
extend-hours:library:LE,rider-conditional,true,253,4,1,6,9
extend-hours:library:LE,normal-operations,true,256,4,1,6,9
extend-hours:library:LE,optimistic-information,false,not applicable,not applicable,not applicable,not applicable,not applicable
extend-hours:library:LE,saturday,true,246,4,1,6,10
extend-hours:library:LO,primary,true,10,52,5,18,89
extend-hours:library:LO,distance-300,true,6,51,5,12,69
extend-hours:library:LO,distance-500,true,25,54,6,21,96
extend-hours:library:LO,rider-conditional,true,8,52,5,18,89
extend-hours:library:LO,normal-operations,true,10,52,5,18,89
extend-hours:library:LO,optimistic-information,false,not applicable,not applicable,not applicable,not applicable,not applicable
extend-hours:library:LO,saturday,true,11,51,5,18,88
extend-hours:library:LS,primary,true,53,33,2,7,54
extend-hours:library:LS,distance-300,true,26,33,2,6,45
extend-hours:library:LS,distance-500,true,79,33,2,12,88
extend-hours:library:LS,rider-conditional,true,49,33,2,7,54
extend-hours:library:LS,normal-operations,true,53,33,2,7,54
extend-hours:library:LS,optimistic-information,false,not applicable,not applicable,not applicable,not applicable,not applicable
extend-hours:library:LS,saturday,true,56,31,2,7,51
extend-hours:library:MA,primary,true,90,24,3,13,54
extend-hours:library:MA,distance-300,true,51,24,3,8,32
extend-hours:library:MA,distance-500,true,127,24,3,14,56
extend-hours:library:MA,rider-conditional,true,86,24,3,13,54
extend-hours:library:MA,normal-operations,true,90,24,3,13,54
extend-hours:library:MA,optimistic-information,false,not applicable,not applicable,not applicable,not applicable,not applicable
extend-hours:library:MA,saturday,true,69,26,3,13,57
extend-hours:library:MAL,primary,true,101,21,3,12,47
extend-hours:library:MAL,distance-300,true,111,13,2,5,17
extend-hours:library:MAL,distance-500,true,142,21,3,15,57
extend-hours:library:MAL,rider-conditional,true,97,21,3,12,47
extend-hours:library:MAL,normal-operations,true,101,21,3,12,47
extend-hours:library:MAL,optimistic-information,false,not applicable,not applicable,not applicable,not applicable,not applicable
extend-hours:library:MAL,saturday,true,117,17,3,12,37
extend-hours:library:MAS,primary,true,17,47,4,13,82
extend-hours:library:MAS,distance-300,true,13,45,4,10,60
extend-hours:library:MAS,distance-500,true,7,67,6,16,109
extend-hours:library:MAS,rider-conditional,true,15,47,4,13,82
extend-hours:library:MAS,normal-operations,true,17,47,4,13,82
extend-hours:library:MAS,optimistic-information,false,not applicable,not applicable,not applicable,not applicable,not applicable
extend-hours:library:MAS,saturday,true,13,49,4,13,80
extend-hours:library:MCG,primary,true,125,17,2,5,31
extend-hours:library:MCG,distance-300,true,96,15,1,2,15
extend-hours:library:MCG,distance-500,true,149,21,2,7,37
extend-hours:library:MCG,rider-conditional,true,123,17,2,5,31
extend-hours:library:MCG,normal-operations,true,125,17,2,5,31
extend-hours:library:MCG,optimistic-information,false,not applicable,not applicable,not applicable,not applicable,not applicable
extend-hours:library:MCG,saturday,true,115,18,2,5,30
extend-hours:library:MD,primary,true,1,125,12,23,319
extend-hours:library:MD,distance-300,true,1,80,7,6,100
extend-hours:library:MD,distance-500,true,1,132,12,30,444
extend-hours:library:MD,rider-conditional,true,1,108,11,17,197
extend-hours:library:MD,normal-operations,true,1,125,12,23,319
extend-hours:library:MD,optimistic-information,false,not applicable,not applicable,not applicable,not applicable,not applicable
extend-hours:library:MD,saturday,true,1,118,12,23,290
extend-hours:library:MI,primary,true,241,6,1,1,6
extend-hours:library:MI,distance-300,true,324,0,0,0,0
extend-hours:library:MI,distance-500,true,162,19,2,6,38
extend-hours:library:MI,rider-conditional,true,238,6,1,1,6
extend-hours:library:MI,normal-operations,true,241,6,1,1,6
extend-hours:library:MI,optimistic-information,false,not applicable,not applicable,not applicable,not applicable,not applicable
extend-hours:library:MI,saturday,true,233,6,1,1,6
extend-hours:library:MP,primary,true,228,6,1,6,18
extend-hours:library:MP,distance-300,true,180,6,1,6,18
extend-hours:library:MP,distance-500,true,134,22,3,11,48
extend-hours:library:MP,rider-conditional,true,225,6,1,6,18
extend-hours:library:MP,normal-operations,true,228,6,1,6,18
extend-hours:library:MP,optimistic-information,false,not applicable,not applicable,not applicable,not applicable,not applicable
extend-hours:library:MP,saturday,true,220,6,1,6,18
extend-hours:library:MS,primary,true,232,6,1,4,12
extend-hours:library:MS,distance-300,true,184,6,1,3,9
extend-hours:library:MS,distance-500,true,264,6,1,5,15
extend-hours:library:MS,rider-conditional,true,229,6,1,4,12
extend-hours:library:MS,normal-operations,true,232,6,1,4,12
extend-hours:library:MS,optimistic-information,false,not applicable,not applicable,not applicable,not applicable,not applicable
extend-hours:library:MS,saturday,true,238,5,1,4,9
extend-hours:library:ND,primary,true,4,60,8,13,77
extend-hours:library:ND,distance-300,true,4,55,6,10,60
extend-hours:library:ND,distance-500,true,8,66,8,20,107
extend-hours:library:ND,rider-conditional,true,262,4,1,2,4
extend-hours:library:ND,normal-operations,true,4,60,8,13,77
extend-hours:library:ND,optimistic-information,false,not applicable,not applicable,not applicable,not applicable,not applicable
extend-hours:library:ND,saturday,true,5,57,8,13,75
extend-hours:library:NE,primary,true,122,18,2,7,33
extend-hours:library:NE,distance-300,true,81,18,2,6,30
extend-hours:library:NE,distance-500,true,167,18,2,8,36
extend-hours:library:NE,rider-conditional,true,119,18,2,7,33
extend-hours:library:NE,normal-operations,true,122,18,2,7,33
extend-hours:library:NE,optimistic-information,false,not applicable,not applicable,not applicable,not applicable,not applicable
extend-hours:library:NE,saturday,true,129,16,2,7,30
extend-hours:library:NT,primary,true,142,15,2,4,30
extend-hours:library:NT,distance-300,true,92,15,2,4,30
extend-hours:library:NT,distance-500,true,170,17,2,7,40
extend-hours:library:NT,rider-conditional,true,140,15,2,4,30
extend-hours:library:NT,normal-operations,true,142,15,2,4,30
extend-hours:library:NT,optimistic-information,false,not applicable,not applicable,not applicable,not applicable,not applicable
extend-hours:library:NT,saturday,true,124,17,2,4,29
extend-hours:library:OV,primary,true,120,18,2,9,47
extend-hours:library:OV,distance-300,true,82,18,2,6,35
extend-hours:library:OV,distance-500,true,166,18,2,12,70
extend-hours:library:OV,rider-conditional,true,117,18,2,9,47
extend-hours:library:OV,normal-operations,true,120,18,2,9,47
extend-hours:library:OV,optimistic-information,false,not applicable,not applicable,not applicable,not applicable,not applicable
extend-hours:library:OV,saturday,true,99,20,2,9,52
extend-hours:library:PA,primary,true,39,39,2,8,65
extend-hours:library:PA,distance-300,true,15,39,2,8,65
extend-hours:library:PA,distance-500,true,38,48,3,14,98
extend-hours:library:PA,rider-conditional,true,34,39,2,8,65
extend-hours:library:PA,normal-operations,true,39,39,2,8,65
extend-hours:library:PA,optimistic-information,false,not applicable,not applicable,not applicable,not applicable,not applicable
extend-hours:library:PA,saturday,true,45,34,2,8,57
extend-hours:library:PK,primary,true,14,49,4,10,83
extend-hours:library:PK,distance-300,true,103,14,1,4,27
extend-hours:library:PK,distance-500,true,21,56,5,15,114
extend-hours:library:PK,rider-conditional,true,12,49,4,10,83
extend-hours:library:PK,normal-operations,true,14,49,4,10,83
extend-hours:library:PK,optimistic-information,false,not applicable,not applicable,not applicable,not applicable,not applicable
extend-hours:library:PK,saturday,true,9,53,4,10,72
extend-hours:library:PL,primary,true,24,45,5,18,103
extend-hours:library:PL,distance-300,true,61,21,2,6,30
extend-hours:library:PL,distance-500,true,35,49,5,21,117
extend-hours:library:PL,rider-conditional,true,21,45,5,18,103
extend-hours:library:PL,normal-operations,true,24,45,5,18,103
extend-hours:library:PL,optimistic-information,false,not applicable,not applicable,not applicable,not applicable,not applicable
extend-hours:library:PL,saturday,true,23,44,5,18,102
extend-hours:library:PM,primary,true,76,26,1,2,26
extend-hours:library:PM,distance-300,true,141,12,1,1,12
extend-hours:library:PM,distance-500,true,9,66,4,8,103
extend-hours:library:PM,rider-conditional,true,72,26,1,2,26
extend-hours:library:PM,normal-operations,true,76,26,1,2,26
extend-hours:library:PM,optimistic-information,false,not applicable,not applicable,not applicable,not applicable,not applicable
extend-hours:library:PM,saturday,true,105,20,1,2,20
extend-hours:library:PV,primary,true,255,4,1,7,14
extend-hours:library:PV,distance-300,true,207,4,1,5,10
extend-hours:library:PV,distance-500,true,284,4,1,10,20
extend-hours:library:PV,rider-conditional,true,252,4,1,7,14
extend-hours:library:PV,normal-operations,true,255,4,1,7,14
extend-hours:library:PV,optimistic-information,false,not applicable,not applicable,not applicable,not applicable,not applicable
extend-hours:library:PV,saturday,true,283,2,1,7,7
extend-hours:library:RD,primary,true,5,60,6,16,174
extend-hours:library:RD,distance-300,true,3,59,6,13,137
extend-hours:library:RD,distance-500,true,12,62,6,21,228
extend-hours:library:RD,rider-conditional,true,3,60,6,16,174
extend-hours:library:RD,normal-operations,true,5,60,6,16,174
extend-hours:library:RD,optimistic-information,false,not applicable,not applicable,not applicable,not applicable,not applicable
extend-hours:library:RD,saturday,true,4,58,6,16,180
extend-hours:library:RI,primary,true,202,9,1,4,18
extend-hours:library:RI,distance-300,true,159,9,1,3,14
extend-hours:library:RI,distance-500,true,171,17,2,7,31
extend-hours:library:RI,rider-conditional,true,199,9,1,4,18
extend-hours:library:RI,normal-operations,true,202,9,1,4,18
extend-hours:library:RI,optimistic-information,false,not applicable,not applicable,not applicable,not applicable,not applicable
extend-hours:library:RI,saturday,true,199,8,1,4,16
extend-hours:library:RN,primary,true,21,46,4,6,48
extend-hours:library:RN,distance-300,true,21,34,4,5,36
extend-hours:library:RN,distance-500,true,43,46,4,7,50
extend-hours:library:RN,rider-conditional,true,18,46,4,6,48
extend-hours:library:RN,normal-operations,true,21,46,4,6,48
extend-hours:library:RN,optimistic-information,false,not applicable,not applicable,not applicable,not applicable,not applicable
extend-hours:library:RN,saturday,true,35,37,4,6,39
extend-hours:library:RX,primary,true,93,23,2,8,47
extend-hours:library:RX,distance-300,true,57,22,2,5,28
extend-hours:library:RX,distance-500,true,114,26,2,11,65
extend-hours:library:RX,rider-conditional,true,89,23,2,8,47
extend-hours:library:RX,normal-operations,true,93,23,2,8,47
extend-hours:library:RX,optimistic-information,false,not applicable,not applicable,not applicable,not applicable,not applicable
extend-hours:library:RX,saturday,true,79,25,2,8,51
extend-hours:library:SA,primary,true,43,38,2,8,72
extend-hours:library:SA,distance-300,true,18,36,2,5,42
extend-hours:library:SA,distance-500,true,57,42,2,12,108
extend-hours:library:SA,rider-conditional,true,38,38,2,8,72
extend-hours:library:SA,normal-operations,true,43,38,2,8,72
extend-hours:library:SA,optimistic-information,false,not applicable,not applicable,not applicable,not applicable,not applicable
extend-hours:library:SA,saturday,true,41,36,2,8,71
extend-hours:library:SC,primary,true,128,17,1,4,34
extend-hours:library:SC,distance-300,true,86,17,1,3,25
extend-hours:library:SC,distance-500,true,136,22,2,8,56
extend-hours:library:SC,rider-conditional,true,125,17,1,4,34
extend-hours:library:SC,normal-operations,true,128,17,1,4,34
extend-hours:library:SC,optimistic-information,false,not applicable,not applicable,not applicable,not applicable,not applicable
extend-hours:library:SC,saturday,true,131,16,1,4,32
extend-hours:library:SI,primary,true,64,28,4,10,56
extend-hours:library:SI,distance-300,true,34,28,4,8,45
extend-hours:library:SI,distance-500,true,93,29,4,12,69
extend-hours:library:SI,rider-conditional,true,60,28,4,10,56
extend-hours:library:SI,normal-operations,true,64,28,4,10,56
extend-hours:library:SI,optimistic-information,false,not applicable,not applicable,not applicable,not applicable,not applicable
extend-hours:library:SI,saturday,true,66,27,4,10,55
extend-hours:library:SL,primary,true,11,52,4,19,136
extend-hours:library:SL,distance-300,true,7,50,4,10,64
extend-hours:library:SL,distance-500,true,19,57,5,24,168
extend-hours:library:SL,rider-conditional,true,9,52,4,19,136
extend-hours:library:SL,normal-operations,true,11,52,4,19,136
extend-hours:library:SL,optimistic-information,false,not applicable,not applicable,not applicable,not applicable,not applicable
extend-hours:library:SL,saturday,true,17,47,4,19,131
extend-hours:library:SP,primary,true,2,75,4,10,85
extend-hours:library:SP,distance-300,true,9,48,4,6,53
extend-hours:library:SP,distance-500,true,4,79,4,13,108
extend-hours:library:SP,rider-conditional,true,2,75,4,10,85
extend-hours:library:SP,normal-operations,true,2,75,4,10,85
extend-hours:library:SP,optimistic-information,false,not applicable,not applicable,not applicable,not applicable,not applicable
extend-hours:library:SP,saturday,true,2,68,4,10,76
extend-hours:library:ST,primary,true,221,7,1,2,7
extend-hours:library:ST,distance-300,true,174,7,1,2,7
extend-hours:library:ST,distance-500,true,254,7,1,4,14
extend-hours:library:ST,rider-conditional,true,218,7,1,2,7
extend-hours:library:ST,normal-operations,true,221,7,1,2,7
extend-hours:library:ST,optimistic-information,false,not applicable,not applicable,not applicable,not applicable,not applicable
extend-hours:library:ST,saturday,true,215,7,1,2,7
extend-hours:library:SWS,primary,true,144,15,2,3,15
extend-hours:library:SWS,distance-300,true,138,12,1,2,12
extend-hours:library:SWS,distance-500,true,135,22,3,9,41
extend-hours:library:SWS,rider-conditional,true,142,15,2,3,15
extend-hours:library:SWS,normal-operations,true,144,15,2,3,15
extend-hours:library:SWS,optimistic-information,false,not applicable,not applicable,not applicable,not applicable,not applicable
extend-hours:library:SWS,saturday,true,143,15,2,3,15
extend-hours:library:TA,primary,true,95,22,3,9,59
extend-hours:library:TA,distance-300,true,56,22,3,6,44
extend-hours:library:TA,distance-500,true,132,23,3,12,88
extend-hours:library:TA,rider-conditional,true,91,22,3,9,59
extend-hours:library:TA,normal-operations,true,95,22,3,9,59
extend-hours:library:TA,optimistic-information,false,not applicable,not applicable,not applicable,not applicable,not applicable
extend-hours:library:TA,saturday,true,92,22,3,9,57
extend-hours:library:TH,primary,true,164,13,2,6,39
extend-hours:library:TH,distance-300,true,112,13,2,5,32
extend-hours:library:TH,distance-500,true,200,13,2,7,45
extend-hours:library:TH,rider-conditional,true,162,13,2,6,39
extend-hours:library:TH,normal-operations,true,164,13,2,6,39
extend-hours:library:TH,optimistic-information,false,not applicable,not applicable,not applicable,not applicable,not applicable
extend-hours:library:TH,saturday,true,280,7,2,6,21
extend-hours:library:TRL,primary,true,32,42,3,7,46
extend-hours:library:TRL,distance-300,true,89,16,2,4,18
extend-hours:library:TRL,distance-500,true,15,60,4,13,70
extend-hours:library:TRL,rider-conditional,true,357,0,0,0,0
extend-hours:library:TRL,normal-operations,true,32,42,3,7,46
extend-hours:library:TRL,optimistic-information,false,not applicable,not applicable,not applicable,not applicable,not applicable
extend-hours:library:TRL,saturday,true,37,37,3,7,41
extend-hours:library:VV,primary,true,259,4,1,4,8
extend-hours:library:VV,distance-300,true,211,4,1,3,6
extend-hours:library:VV,distance-500,true,276,5,1,6,13
extend-hours:library:VV,rider-conditional,true,256,4,1,4,8
extend-hours:library:VV,normal-operations,true,259,4,1,4,8
extend-hours:library:VV,optimistic-information,false,not applicable,not applicable,not applicable,not applicable,not applicable
extend-hours:library:VV,saturday,true,251,4,1,4,8
extend-hours:library:WE,primary,true,25,45,4,6,62
extend-hours:library:WE,distance-300,true,68,20,2,4,37
extend-hours:library:WE,distance-500,true,40,47,5,15,138
extend-hours:library:WE,rider-conditional,true,22,45,4,6,62
extend-hours:library:WE,normal-operations,true,25,45,4,6,62
extend-hours:library:WE,optimistic-information,false,not applicable,not applicable,not applicable,not applicable,not applicable
extend-hours:library:WE,saturday,true,27,42,4,6,59
extend-hours:library:WP,primary,true,61,29,2,7,56
extend-hours:library:WP,distance-300,true,31,29,2,5,42
extend-hours:library:WP,distance-500,true,95,29,2,7,56
extend-hours:library:WP,rider-conditional,true,57,29,2,7,56
extend-hours:library:WP,normal-operations,true,61,29,2,7,56
extend-hours:library:WP,optimistic-information,false,not applicable,not applicable,not applicable,not applicable,not applicable
extend-hours:library:WP,saturday,true,63,28,2,7,53
extend-hours:library:WY,primary,true,19,46,5,14,95
extend-hours:library:WY,distance-300,true,22,34,4,5,45
extend-hours:library:WY,distance-500,true,22,55,6,19,127
extend-hours:library:WY,rider-conditional,true,17,46,5,14,95
extend-hours:library:WY,normal-operations,true,19,46,5,14,95
extend-hours:library:WY,optimistic-information,false,not applicable,not applicable,not applicable,not applicable,not applicable
extend-hours:library:WY,saturday,true,12,49,5,14,100
extend-hours:library:YO,primary,true,20,46,4,12,68
extend-hours:library:YO,distance-300,true,64,20,3,7,24
extend-hours:library:YO,distance-500,true,13,61,4,15,97
extend-hours:library:YO,rider-conditional,true,121,18,2,5,22
extend-hours:library:YO,normal-operations,true,20,46,4,12,68
extend-hours:library:YO,optimistic-information,false,not applicable,not applicable,not applicable,not applicable,not applicable
extend-hours:library:YO,saturday,true,31,41,4,12,59
extend-hours:library:YW,primary,true,173,13,1,2,13
extend-hours:library:YW,distance-300,true,123,13,1,2,13
extend-hours:library:YW,distance-500,true,214,13,1,2,13
extend-hours:library:YW,rider-conditional,true,171,13,1,2,13
extend-hours:library:YW,normal-operations,true,173,13,1,2,13
extend-hours:library:YW,optimistic-information,false,not applicable,not applicable,not applicable,not applicable,not applicable
extend-hours:library:YW,saturday,true,183,12,1,2,12
extend-hours:museum:1,primary,true,151,14,2,3,14
extend-hours:museum:1,distance-300,true,130,12,1,2,12
extend-hours:museum:1,distance-500,true,174,17,2,4,17
extend-hours:museum:1,rider-conditional,true,149,14,2,3,14
extend-hours:museum:1,normal-operations,true,151,14,2,3,14
extend-hours:museum:1,optimistic-information,false,not applicable,not applicable,not applicable,not applicable,not applicable
extend-hours:museum:1,saturday,true,138,15,2,3,15
extend-hours:museum:10,primary,true,222,7,1,1,7
extend-hours:museum:10,distance-300,true,175,7,1,1,7
extend-hours:museum:10,distance-500,true,255,7,1,2,14
extend-hours:museum:10,rider-conditional,true,219,7,1,1,7
extend-hours:museum:10,normal-operations,true,222,7,1,1,7
extend-hours:museum:10,optimistic-information,false,not applicable,not applicable,not applicable,not applicable,not applicable
extend-hours:museum:10,saturday,true,229,6,1,1,6
extend-hours:museum:2,primary,true,320,0,0,0,0
extend-hours:museum:2,distance-300,true,295,0,0,0,0
extend-hours:museum:2,distance-500,true,39,48,2,2,48
extend-hours:museum:2,rider-conditional,true,318,0,0,0,0
extend-hours:museum:2,normal-operations,true,320,0,0,0,0
extend-hours:museum:2,optimistic-information,false,not applicable,not applicable,not applicable,not applicable,not applicable
extend-hours:museum:2,saturday,true,320,0,0,0,0
extend-hours:museum:3,primary,true,134,16,2,4,18
extend-hours:museum:3,distance-300,true,233,2,1,1,2
extend-hours:museum:3,distance-500,true,96,29,2,5,31
extend-hours:museum:3,rider-conditional,true,131,16,2,4,18
extend-hours:museum:3,normal-operations,true,134,16,2,4,18
extend-hours:museum:3,optimistic-information,false,not applicable,not applicable,not applicable,not applicable,not applicable
extend-hours:museum:3,saturday,true,109,19,2,4,22
extend-hours:museum:4,primary,true,22,46,3,11,68
extend-hours:museum:4,distance-300,true,99,14,2,3,14
extend-hours:museum:4,distance-500,true,28,53,4,17,102
extend-hours:museum:4,rider-conditional,true,19,46,3,11,68
extend-hours:museum:4,normal-operations,true,22,46,3,11,68
extend-hours:museum:4,optimistic-information,false,not applicable,not applicable,not applicable,not applicable,not applicable
extend-hours:museum:4,saturday,true,22,45,3,11,65
extend-hours:museum:5,primary,true,149,14,2,10,32
extend-hours:museum:5,distance-300,true,108,13,2,7,21
extend-hours:museum:5,distance-500,true,150,20,3,15,50
extend-hours:museum:5,rider-conditional,true,147,14,2,10,32
extend-hours:museum:5,normal-operations,true,149,14,2,10,32
extend-hours:museum:5,optimistic-information,false,not applicable,not applicable,not applicable,not applicable,not applicable
extend-hours:museum:5,saturday,true,161,13,2,10,32
extend-hours:museum:6,primary,true,274,2,1,2,4
extend-hours:museum:6,distance-300,true,236,2,1,1,2
extend-hours:museum:6,distance-500,true,290,4,1,5,10
extend-hours:museum:6,rider-conditional,true,272,2,1,2,4
extend-hours:museum:6,normal-operations,true,274,2,1,2,4
extend-hours:museum:6,optimistic-information,false,not applicable,not applicable,not applicable,not applicable,not applicable
extend-hours:museum:6,saturday,true,273,2,1,2,4
extend-hours:museum:7,primary,true,356,0,0,0,0
extend-hours:museum:7,distance-300,true,351,0,0,0,0
extend-hours:museum:7,distance-500,true,358,0,0,0,0
extend-hours:museum:7,rider-conditional,true,355,0,0,0,0
extend-hours:museum:7,normal-operations,true,356,0,0,0,0
extend-hours:museum:7,optimistic-information,false,not applicable,not applicable,not applicable,not applicable,not applicable
extend-hours:museum:7,saturday,true,356,0,0,0,0
extend-hours:museum:8,primary,true,58,30,3,5,30
extend-hours:museum:8,distance-300,true,36,28,3,4,28
extend-hours:museum:8,distance-500,true,89,30,3,11,71
extend-hours:museum:8,rider-conditional,true,54,30,3,5,30
extend-hours:museum:8,normal-operations,true,58,30,3,5,30
extend-hours:museum:8,optimistic-information,false,not applicable,not applicable,not applicable,not applicable,not applicable
extend-hours:museum:8,saturday,true,53,32,3,5,32
extend-hours:museum:9,primary,true,294,0,0,0,0
extend-hours:museum:9,distance-300,true,256,0,0,0,0
extend-hours:museum:9,distance-500,true,317,0,0,0,0
extend-hours:museum:9,rider-conditional,true,292,0,0,0,0
extend-hours:museum:9,normal-operations,true,294,0,0,0,0
extend-hours:museum:9,optimistic-information,false,not applicable,not applicable,not applicable,not applicable,not applicable
extend-hours:museum:9,saturday,true,294,0,0,0,0
extend-hours:parks:1016,primary,true,230,6,1,5,15
extend-hours:parks:1016,distance-300,true,186,6,1,3,9
extend-hours:parks:1016,distance-500,true,261,6,1,7,21
extend-hours:parks:1016,rider-conditional,true,227,6,1,5,15
extend-hours:parks:1016,normal-operations,true,230,6,1,5,15
extend-hours:parks:1016,optimistic-information,false,not applicable,not applicable,not applicable,not applicable,not applicable
extend-hours:parks:1016,saturday,true,249,4,1,5,10
extend-hours:parks:101973,primary,true,295,0,0,0,0
extend-hours:parks:101973,distance-300,true,259,0,0,0,0
extend-hours:parks:101973,distance-500,true,318,0,0,0,0
extend-hours:parks:101973,rider-conditional,true,293,0,0,0,0
extend-hours:parks:101973,normal-operations,true,295,0,0,0,0
extend-hours:parks:101973,optimistic-information,false,not applicable,not applicable,not applicable,not applicable,not applicable
extend-hours:parks:101973,saturday,true,295,0,0,0,0
extend-hours:parks:101976,primary,true,357,0,0,0,0
extend-hours:parks:101976,distance-300,true,352,0,0,0,0
extend-hours:parks:101976,distance-500,true,359,0,0,0,0
extend-hours:parks:101976,rider-conditional,true,356,0,0,0,0
extend-hours:parks:101976,normal-operations,true,357,0,0,0,0
extend-hours:parks:101976,optimistic-information,false,not applicable,not applicable,not applicable,not applicable,not applicable
extend-hours:parks:101976,saturday,true,357,0,0,0,0
extend-hours:parks:103143,primary,true,269,3,1,1,3
extend-hours:parks:103143,distance-300,true,289,0,0,0,0
extend-hours:parks:103143,distance-500,true,253,7,1,4,13
extend-hours:parks:103143,rider-conditional,true,267,3,1,1,3
extend-hours:parks:103143,normal-operations,true,269,3,1,1,3
extend-hours:parks:103143,optimistic-information,false,not applicable,not applicable,not applicable,not applicable,not applicable
extend-hours:parks:103143,saturday,true,265,3,1,1,3
extend-hours:parks:105,primary,true,129,17,1,3,25
extend-hours:parks:105,distance-300,true,168,8,1,1,8
extend-hours:parks:105,distance-500,true,161,19,2,6,43
extend-hours:parks:105,rider-conditional,true,126,17,1,3,25
extend-hours:parks:105,normal-operations,true,129,17,1,3,25
extend-hours:parks:105,optimistic-information,false,not applicable,not applicable,not applicable,not applicable,not applicable
extend-hours:parks:105,saturday,true,132,16,1,3,24
extend-hours:parks:1075,primary,true,213,7,2,3,11
extend-hours:parks:1075,distance-300,true,220,4,1,1,4
extend-hours:parks:1075,distance-500,true,81,32,3,10,46
extend-hours:parks:1075,rider-conditional,true,210,7,2,3,11
extend-hours:parks:1075,normal-operations,true,213,7,2,3,11
extend-hours:parks:1075,optimistic-information,false,not applicable,not applicable,not applicable,not applicable,not applicable
extend-hours:parks:1075,saturday,true,204,7,2,3,11
extend-hours:parks:1095,primary,true,140,15,2,9,41
extend-hours:parks:1095,distance-300,true,97,14,2,6,28
extend-hours:parks:1095,distance-500,true,146,21,2,11,54
extend-hours:parks:1095,rider-conditional,true,138,15,2,9,41
extend-hours:parks:1095,normal-operations,true,140,15,2,9,41
extend-hours:parks:1095,optimistic-information,false,not applicable,not applicable,not applicable,not applicable,not applicable
extend-hours:parks:1095,saturday,true,135,15,2,9,39
extend-hours:parks:13006,primary,true,121,18,2,7,32
extend-hours:parks:13006,distance-300,true,79,18,2,7,32
extend-hours:parks:13006,distance-500,true,160,19,2,10,40
extend-hours:parks:13006,rider-conditional,true,118,18,2,7,32
extend-hours:parks:13006,normal-operations,true,121,18,2,7,32
extend-hours:parks:13006,optimistic-information,false,not applicable,not applicable,not applicable,not applicable,not applicable
extend-hours:parks:13006,saturday,true,111,18,2,7,32
extend-hours:parks:13008,primary,true,289,0,0,0,0
extend-hours:parks:13008,distance-300,true,249,0,0,0,0
extend-hours:parks:13008,distance-500,true,315,0,0,0,0
extend-hours:parks:13008,rider-conditional,true,287,0,0,0,0
extend-hours:parks:13008,normal-operations,true,289,0,0,0,0
extend-hours:parks:13008,optimistic-information,false,not applicable,not applicable,not applicable,not applicable,not applicable
extend-hours:parks:13008,saturday,true,289,0,0,0,0
extend-hours:parks:13016,primary,true,296,0,0,0,0
extend-hours:parks:13016,distance-300,true,260,0,0,0,0
extend-hours:parks:13016,distance-500,true,319,0,0,0,0
extend-hours:parks:13016,rider-conditional,true,294,0,0,0,0
extend-hours:parks:13016,normal-operations,true,296,0,0,0,0
extend-hours:parks:13016,optimistic-information,false,not applicable,not applicable,not applicable,not applicable,not applicable
extend-hours:parks:13016,saturday,true,296,0,0,0,0
extend-hours:parks:13020,primary,true,113,20,2,5,52
extend-hours:parks:13020,distance-300,true,70,20,2,2,20
extend-hours:parks:13020,distance-500,true,155,20,2,6,60
extend-hours:parks:13020,rider-conditional,true,110,20,2,5,52
extend-hours:parks:13020,normal-operations,true,113,20,2,5,52
extend-hours:parks:13020,optimistic-information,false,not applicable,not applicable,not applicable,not applicable,not applicable
extend-hours:parks:13020,saturday,true,102,20,2,5,52
extend-hours:parks:13023,primary,true,308,0,0,0,0
extend-hours:parks:13023,distance-300,true,276,0,0,0,0
extend-hours:parks:13023,distance-500,true,272,6,1,1,6
extend-hours:parks:13023,rider-conditional,true,306,0,0,0,0
extend-hours:parks:13023,normal-operations,true,308,0,0,0,0
extend-hours:parks:13023,optimistic-information,false,not applicable,not applicable,not applicable,not applicable,not applicable
extend-hours:parks:13023,saturday,true,308,0,0,0,0
extend-hours:parks:13027,primary,true,112,20,2,6,30
extend-hours:parks:13027,distance-300,true,90,16,2,3,16
extend-hours:parks:13027,distance-500,true,156,20,2,6,30
extend-hours:parks:13027,rider-conditional,true,109,20,2,6,30
extend-hours:parks:13027,normal-operations,true,112,20,2,6,30
extend-hours:parks:13027,optimistic-information,false,not applicable,not applicable,not applicable,not applicable,not applicable
extend-hours:parks:13027,saturday,true,113,18,2,6,30
extend-hours:parks:13041,primary,true,146,15,1,3,27
extend-hours:parks:13041,distance-300,true,94,15,1,3,27
extend-hours:parks:13041,distance-500,true,85,31,3,7,55
extend-hours:parks:13041,rider-conditional,true,144,15,1,3,27
extend-hours:parks:13041,normal-operations,true,146,15,1,3,27
extend-hours:parks:13041,optimistic-information,false,not applicable,not applicable,not applicable,not applicable,not applicable
extend-hours:parks:13041,saturday,true,170,13,1,3,25
extend-hours:parks:13045,primary,true,336,0,0,0,0
extend-hours:parks:13045,distance-300,true,314,0,0,0,0
extend-hours:parks:13045,distance-500,true,310,3,1,2,3
extend-hours:parks:13045,rider-conditional,true,334,0,0,0,0
extend-hours:parks:13045,normal-operations,true,336,0,0,0,0
extend-hours:parks:13045,optimistic-information,false,not applicable,not applicable,not applicable,not applicable,not applicable
extend-hours:parks:13045,saturday,true,336,0,0,0,0
extend-hours:parks:13047,primary,true,102,21,3,11,43
extend-hours:parks:13047,distance-300,true,114,13,2,4,13
extend-hours:parks:13047,distance-500,true,143,21,3,13,51
extend-hours:parks:13047,rider-conditional,true,98,21,3,11,43
extend-hours:parks:13047,normal-operations,true,102,21,3,11,43
extend-hours:parks:13047,optimistic-information,false,not applicable,not applicable,not applicable,not applicable,not applicable
extend-hours:parks:13047,saturday,true,118,17,3,11,34
extend-hours:parks:13049,primary,true,155,14,1,5,35
extend-hours:parks:13049,distance-300,true,102,14,1,4,27
extend-hours:parks:13049,distance-500,true,11,63,5,14,108
extend-hours:parks:13049,rider-conditional,true,153,14,1,5,35
extend-hours:parks:13049,normal-operations,true,155,14,1,5,35
extend-hours:parks:13049,optimistic-information,false,not applicable,not applicable,not applicable,not applicable,not applicable
extend-hours:parks:13049,saturday,true,278,8,1,5,19
extend-hours:parks:13052,primary,true,147,15,1,2,15
extend-hours:parks:13052,distance-300,true,95,15,1,2,15
extend-hours:parks:13052,distance-500,true,187,15,1,2,15
extend-hours:parks:13052,rider-conditional,true,145,15,1,2,15
extend-hours:parks:13052,normal-operations,true,147,15,1,2,15
extend-hours:parks:13052,optimistic-information,false,not applicable,not applicable,not applicable,not applicable,not applicable
extend-hours:parks:13052,saturday,true,181,12,1,2,12
extend-hours:parks:13055,primary,true,344,0,0,0,0
extend-hours:parks:13055,distance-300,true,330,0,0,0,0
extend-hours:parks:13055,distance-500,true,210,13,1,4,25
extend-hours:parks:13055,rider-conditional,true,342,0,0,0,0
extend-hours:parks:13055,normal-operations,true,344,0,0,0,0
extend-hours:parks:13055,optimistic-information,false,not applicable,not applicable,not applicable,not applicable,not applicable
extend-hours:parks:13055,saturday,true,344,0,0,0,0
extend-hours:parks:13058,primary,true,203,9,1,2,9
extend-hours:parks:13058,distance-300,true,205,5,1,1,5
extend-hours:parks:13058,distance-500,true,241,9,1,2,9
extend-hours:parks:13058,rider-conditional,true,200,9,1,2,9
extend-hours:parks:13058,normal-operations,true,203,9,1,2,9
extend-hours:parks:13058,optimistic-information,false,not applicable,not applicable,not applicable,not applicable,not applicable
extend-hours:parks:13058,saturday,true,201,8,1,2,8
extend-hours:parks:13063,primary,true,41,38,4,12,70
extend-hours:parks:13063,distance-300,true,80,18,2,7,34
extend-hours:parks:13063,distance-500,true,3,90,9,23,161
extend-hours:parks:13063,rider-conditional,true,36,38,4,12,70
extend-hours:parks:13063,normal-operations,true,41,38,4,12,70
extend-hours:parks:13063,optimistic-information,false,not applicable,not applicable,not applicable,not applicable,not applicable
extend-hours:parks:13063,saturday,true,38,36,4,12,74
extend-hours:parks:13064,primary,true,38,39,4,6,51
extend-hours:parks:13064,distance-300,true,54,23,2,3,30
extend-hours:parks:13064,distance-500,true,62,40,4,8,69
extend-hours:parks:13064,rider-conditional,true,33,39,4,6,51
extend-hours:parks:13064,normal-operations,true,38,39,4,6,51
extend-hours:parks:13064,optimistic-information,false,not applicable,not applicable,not applicable,not applicable,not applicable
extend-hours:parks:13064,saturday,true,52,32,3,6,41
extend-hours:parks:13073,primary,true,266,3,1,4,6
extend-hours:parks:13073,distance-300,true,223,3,1,3,5
extend-hours:parks:13073,distance-500,true,249,7,1,9,16
extend-hours:parks:13073,rider-conditional,true,264,3,1,4,6
extend-hours:parks:13073,normal-operations,true,266,3,1,4,6
extend-hours:parks:13073,optimistic-information,false,not applicable,not applicable,not applicable,not applicable,not applicable
extend-hours:parks:13073,saturday,true,261,3,1,4,6
extend-hours:parks:13476,primary,true,174,12,2,4,13
extend-hours:parks:13476,distance-300,true,242,1,1,1,1
extend-hours:parks:13476,distance-500,true,199,13,2,7,18
extend-hours:parks:13476,rider-conditional,true,172,12,2,4,13
extend-hours:parks:13476,normal-operations,true,174,12,2,4,13
extend-hours:parks:13476,optimistic-information,false,not applicable,not applicable,not applicable,not applicable,not applicable
extend-hours:parks:13476,saturday,true,175,12,2,4,13
extend-hours:parks:13481,primary,true,191,10,2,4,12
extend-hours:parks:13481,distance-300,true,179,6,2,2,6
extend-hours:parks:13481,distance-500,true,217,12,2,5,18
extend-hours:parks:13481,rider-conditional,true,188,10,2,4,12
extend-hours:parks:13481,normal-operations,true,191,10,2,4,12
extend-hours:parks:13481,optimistic-information,false,not applicable,not applicable,not applicable,not applicable,not applicable
extend-hours:parks:13481,saturday,true,186,11,2,4,14
extend-hours:parks:13482,primary,true,315,0,0,0,0
extend-hours:parks:13482,distance-300,true,284,0,0,0,0
extend-hours:parks:13482,distance-500,true,333,0,0,0,0
extend-hours:parks:13482,rider-conditional,true,313,0,0,0,0
extend-hours:parks:13482,normal-operations,true,315,0,0,0,0
extend-hours:parks:13482,optimistic-information,false,not applicable,not applicable,not applicable,not applicable,not applicable
extend-hours:parks:13482,saturday,true,315,0,0,0,0
extend-hours:parks:13487,primary,true,153,14,1,6,42
extend-hours:parks:13487,distance-300,true,101,14,1,4,28
extend-hours:parks:13487,distance-500,true,191,14,1,6,42
extend-hours:parks:13487,rider-conditional,true,151,14,1,6,42
extend-hours:parks:13487,normal-operations,true,153,14,1,6,42
extend-hours:parks:13487,optimistic-information,false,not applicable,not applicable,not applicable,not applicable,not applicable
extend-hours:parks:13487,saturday,true,104,20,1,6,58
extend-hours:parks:13493,primary,true,322,0,0,0,0
extend-hours:parks:13493,distance-300,true,297,0,0,0,0
extend-hours:parks:13493,distance-500,true,337,0,0,0,0
extend-hours:parks:13493,rider-conditional,true,320,0,0,0,0
extend-hours:parks:13493,normal-operations,true,322,0,0,0,0
extend-hours:parks:13493,optimistic-information,false,not applicable,not applicable,not applicable,not applicable,not applicable
extend-hours:parks:13493,saturday,true,322,0,0,0,0
extend-hours:parks:13591,primary,true,338,0,0,0,0
extend-hours:parks:13591,distance-300,true,319,0,0,0,0
extend-hours:parks:13591,distance-500,true,345,0,0,0,0
extend-hours:parks:13591,rider-conditional,true,336,0,0,0,0
extend-hours:parks:13591,normal-operations,true,338,0,0,0,0
extend-hours:parks:13591,optimistic-information,false,not applicable,not applicable,not applicable,not applicable,not applicable
extend-hours:parks:13591,saturday,true,338,0,0,0,0
extend-hours:parks:13599,primary,true,267,3,1,2,6
extend-hours:parks:13599,distance-300,true,227,3,1,1,3
extend-hours:parks:13599,distance-500,true,216,12,2,6,18
extend-hours:parks:13599,rider-conditional,true,265,3,1,2,6
extend-hours:parks:13599,normal-operations,true,267,3,1,2,6
extend-hours:parks:13599,optimistic-information,false,not applicable,not applicable,not applicable,not applicable,not applicable
extend-hours:parks:13599,saturday,true,258,4,1,2,8
extend-hours:parks:13602,primary,true,224,7,1,1,7
extend-hours:parks:13602,distance-300,true,323,0,0,0,0
extend-hours:parks:13602,distance-500,true,257,7,1,2,14
extend-hours:parks:13602,rider-conditional,true,221,7,1,1,7
extend-hours:parks:13602,normal-operations,true,224,7,1,1,7
extend-hours:parks:13602,optimistic-information,false,not applicable,not applicable,not applicable,not applicable,not applicable
extend-hours:parks:13602,saturday,true,232,6,1,1,6
extend-hours:parks:13637,primary,true,346,0,0,0,0
extend-hours:parks:13637,distance-300,true,335,0,0,0,0
extend-hours:parks:13637,distance-500,true,350,0,0,0,0
extend-hours:parks:13637,rider-conditional,true,345,0,0,0,0
extend-hours:parks:13637,normal-operations,true,346,0,0,0,0
extend-hours:parks:13637,optimistic-information,false,not applicable,not applicable,not applicable,not applicable,not applicable
extend-hours:parks:13637,saturday,true,346,0,0,0,0
extend-hours:parks:13639,primary,true,347,0,0,0,0
extend-hours:parks:13639,distance-300,true,336,0,0,0,0
extend-hours:parks:13639,distance-500,true,351,0,0,0,0
extend-hours:parks:13639,rider-conditional,true,346,0,0,0,0
extend-hours:parks:13639,normal-operations,true,347,0,0,0,0
extend-hours:parks:13639,optimistic-information,false,not applicable,not applicable,not applicable,not applicable,not applicable
extend-hours:parks:13639,saturday,true,347,0,0,0,0
extend-hours:parks:13688,primary,true,127,17,2,3,17
extend-hours:parks:13688,distance-300,true,353,0,0,0,0
extend-hours:parks:13688,distance-500,true,82,32,2,4,32
extend-hours:parks:13688,rider-conditional,true,124,17,2,3,17
extend-hours:parks:13688,normal-operations,true,127,17,2,3,17
extend-hours:parks:13688,optimistic-information,false,not applicable,not applicable,not applicable,not applicable,not applicable
extend-hours:parks:13688,saturday,true,126,17,2,3,17
extend-hours:parks:13850,primary,true,335,0,0,0,0
extend-hours:parks:13850,distance-300,true,313,0,0,0,0
extend-hours:parks:13850,distance-500,true,271,6,1,2,6
extend-hours:parks:13850,rider-conditional,true,333,0,0,0,0
extend-hours:parks:13850,normal-operations,true,335,0,0,0,0
extend-hours:parks:13850,optimistic-information,false,not applicable,not applicable,not applicable,not applicable,not applicable
extend-hours:parks:13850,saturday,true,335,0,0,0,0
extend-hours:parks:14322,primary,true,54,32,3,8,43
extend-hours:parks:14322,distance-300,true,42,27,2,4,27
extend-hours:parks:14322,distance-500,true,80,32,3,14,72
extend-hours:parks:14322,rider-conditional,true,50,32,3,8,43
extend-hours:parks:14322,normal-operations,true,54,32,3,8,43
extend-hours:parks:14322,optimistic-information,false,not applicable,not applicable,not applicable,not applicable,not applicable
extend-hours:parks:14322,saturday,true,58,30,3,8,41
extend-hours:parks:14342,primary,true,165,13,2,5,15
extend-hours:parks:14342,distance-300,true,110,13,2,5,15
extend-hours:parks:14342,distance-500,true,196,13,2,9,30
extend-hours:parks:14342,rider-conditional,true,163,13,2,5,15
extend-hours:parks:14342,normal-operations,true,165,13,2,5,15
extend-hours:parks:14342,optimistic-information,false,not applicable,not applicable,not applicable,not applicable,not applicable
extend-hours:parks:14342,saturday,true,185,11,2,5,13
extend-hours:parks:14343,primary,true,341,0,0,0,0
extend-hours:parks:14343,distance-300,true,325,0,0,0,0
extend-hours:parks:14343,distance-500,true,260,6,2,2,6
extend-hours:parks:14343,rider-conditional,true,339,0,0,0,0
extend-hours:parks:14343,normal-operations,true,341,0,0,0,0
extend-hours:parks:14343,optimistic-information,false,not applicable,not applicable,not applicable,not applicable,not applicable
extend-hours:parks:14343,saturday,true,341,0,0,0,0
extend-hours:parks:14344,primary,true,211,7,2,4,9
extend-hours:parks:14344,distance-300,true,238,4,1,2,4
extend-hours:parks:14344,distance-500,true,215,12,2,7,19
extend-hours:parks:14344,rider-conditional,true,208,7,2,4,9
extend-hours:parks:14344,normal-operations,true,211,7,2,4,9
extend-hours:parks:14344,optimistic-information,false,not applicable,not applicable,not applicable,not applicable,not applicable
extend-hours:parks:14344,saturday,true,245,4,2,4,5
extend-hours:parks:1439,primary,true,214,7,1,5,18
extend-hours:parks:1439,distance-300,true,171,7,1,3,11
extend-hours:parks:1439,distance-500,true,86,30,4,10,48
extend-hours:parks:1439,rider-conditional,true,211,7,1,5,18
extend-hours:parks:1439,normal-operations,true,214,7,1,5,18
extend-hours:parks:1439,optimistic-information,false,not applicable,not applicable,not applicable,not applicable,not applicable
extend-hours:parks:1439,saturday,true,222,6,1,5,16
extend-hours:parks:1569,primary,true,218,7,1,3,11
extend-hours:parks:1569,distance-300,true,221,4,1,1,4
extend-hours:parks:1569,distance-500,true,202,13,2,5,17
extend-hours:parks:1569,rider-conditional,true,215,7,1,3,11
extend-hours:parks:1569,normal-operations,true,218,7,1,3,11
extend-hours:parks:1569,optimistic-information,false,not applicable,not applicable,not applicable,not applicable,not applicable
extend-hours:parks:1569,saturday,true,213,7,1,3,11
extend-hours:parks:1608,primary,true,135,16,2,3,16
extend-hours:parks:1608,distance-300,true,192,6,1,1,6
extend-hours:parks:1608,distance-500,true,181,16,2,5,25
extend-hours:parks:1608,rider-conditional,true,132,16,2,3,16
extend-hours:parks:1608,normal-operations,true,135,16,2,3,16
extend-hours:parks:1608,optimistic-information,false,not applicable,not applicable,not applicable,not applicable,not applicable
extend-hours:parks:1608,saturday,true,136,15,2,3,15
extend-hours:parks:1610,primary,true,150,14,2,5,24
extend-hours:parks:1610,distance-300,true,98,14,2,3,19
extend-hours:parks:1610,distance-500,true,190,14,2,8,40
extend-hours:parks:1610,rider-conditional,true,148,14,2,5,24
extend-hours:parks:1610,normal-operations,true,150,14,2,5,24
extend-hours:parks:1610,optimistic-information,false,not applicable,not applicable,not applicable,not applicable,not applicable
extend-hours:parks:1610,saturday,true,164,13,2,5,22
extend-hours:parks:1621,primary,true,117,19,3,6,25
extend-hours:parks:1621,distance-300,true,71,19,3,6,25
extend-hours:parks:1621,distance-500,true,159,19,3,9,38
extend-hours:parks:1621,rider-conditional,true,114,19,3,6,25
extend-hours:parks:1621,normal-operations,true,117,19,3,6,25
extend-hours:parks:1621,optimistic-information,false,not applicable,not applicable,not applicable,not applicable,not applicable
extend-hours:parks:1621,saturday,true,121,17,2,6,21
extend-hours:parks:1662,primary,true,111,20,2,6,28
extend-hours:parks:1662,distance-300,true,65,20,2,6,28
extend-hours:parks:1662,distance-500,true,68,36,4,14,74
extend-hours:parks:1662,rider-conditional,true,108,20,2,6,28
extend-hours:parks:1662,normal-operations,true,111,20,2,6,28
extend-hours:parks:1662,optimistic-information,false,not applicable,not applicable,not applicable,not applicable,not applicable
extend-hours:parks:1662,saturday,true,101,20,2,6,27
extend-hours:parks:1674,primary,true,262,4,1,2,4
extend-hours:parks:1674,distance-300,true,258,0,0,0,0
extend-hours:parks:1674,distance-500,true,293,4,1,2,4
extend-hours:parks:1674,rider-conditional,true,259,4,1,2,4
extend-hours:parks:1674,normal-operations,true,262,4,1,2,4
extend-hours:parks:1674,optimistic-information,false,not applicable,not applicable,not applicable,not applicable,not applicable
extend-hours:parks:1674,saturday,true,255,4,1,2,4
extend-hours:parks:1675,primary,true,55,32,3,2,32
extend-hours:parks:1675,distance-300,true,78,18,3,1,18
extend-hours:parks:1675,distance-500,true,65,38,4,6,66
extend-hours:parks:1675,rider-conditional,true,51,32,3,2,32
extend-hours:parks:1675,normal-operations,true,55,32,3,2,32
extend-hours:parks:1675,optimistic-information,false,not applicable,not applicable,not applicable,not applicable,not applicable
extend-hours:parks:1675,saturday,true,61,30,3,2,30
extend-hours:parks:1701,primary,true,302,0,0,0,0
extend-hours:parks:1701,distance-300,true,266,0,0,0,0
extend-hours:parks:1701,distance-500,true,325,0,0,0,0
extend-hours:parks:1701,rider-conditional,true,300,0,0,0,0
extend-hours:parks:1701,normal-operations,true,302,0,0,0,0
extend-hours:parks:1701,optimistic-information,false,not applicable,not applicable,not applicable,not applicable,not applicable
extend-hours:parks:1701,saturday,true,302,0,0,0,0
extend-hours:parks:1715,primary,true,137,16,2,2,16
extend-hours:parks:1715,distance-300,true,272,0,0,0,0
extend-hours:parks:1715,distance-500,true,91,30,2,6,34
extend-hours:parks:1715,rider-conditional,true,134,16,2,2,16
extend-hours:parks:1715,normal-operations,true,137,16,2,2,16
extend-hours:parks:1715,optimistic-information,false,not applicable,not applicable,not applicable,not applicable,not applicable
extend-hours:parks:1715,saturday,true,130,16,2,2,16
extend-hours:parks:17168,primary,true,44,37,4,5,51
extend-hours:parks:17168,distance-300,true,17,36,4,3,36
extend-hours:parks:17168,distance-500,true,52,43,5,11,103
extend-hours:parks:17168,rider-conditional,true,39,37,4,5,51
extend-hours:parks:17168,normal-operations,true,44,37,4,5,51
extend-hours:parks:17168,optimistic-information,false,not applicable,not applicable,not applicable,not applicable,not applicable
extend-hours:parks:17168,saturday,true,36,37,4,5,51
extend-hours:parks:1720,primary,true,99,22,2,3,22
extend-hours:parks:1720,distance-300,true,280,0,0,0,0
extend-hours:parks:1720,distance-500,true,45,46,3,8,62
extend-hours:parks:1720,rider-conditional,true,95,22,2,3,22
extend-hours:parks:1720,normal-operations,true,99,22,2,3,22
extend-hours:parks:1720,optimistic-information,false,not applicable,not applicable,not applicable,not applicable,not applicable
extend-hours:parks:1720,saturday,true,125,17,2,3,17
extend-hours:parks:1723,primary,true,313,0,0,0,0
extend-hours:parks:1723,distance-300,true,282,0,0,0,0
extend-hours:parks:1723,distance-500,true,331,0,0,0,0
extend-hours:parks:1723,rider-conditional,true,311,0,0,0,0
extend-hours:parks:1723,normal-operations,true,313,0,0,0,0
extend-hours:parks:1723,optimistic-information,false,not applicable,not applicable,not applicable,not applicable,not applicable
extend-hours:parks:1723,saturday,true,313,0,0,0,0
extend-hours:parks:1725,primary,true,314,0,0,0,0
extend-hours:parks:1725,distance-300,true,283,0,0,0,0
extend-hours:parks:1725,distance-500,true,332,0,0,0,0
extend-hours:parks:1725,rider-conditional,true,312,0,0,0,0
extend-hours:parks:1725,normal-operations,true,314,0,0,0,0
extend-hours:parks:1725,optimistic-information,false,not applicable,not applicable,not applicable,not applicable,not applicable
extend-hours:parks:1725,saturday,true,314,0,0,0,0
extend-hours:parks:1732,primary,true,193,10,2,3,10
extend-hours:parks:1732,distance-300,true,226,3,1,1,3
extend-hours:parks:1732,distance-500,true,152,20,2,11,45
extend-hours:parks:1732,rider-conditional,true,190,10,2,3,10
extend-hours:parks:1732,normal-operations,true,193,10,2,3,10
extend-hours:parks:1732,optimistic-information,false,not applicable,not applicable,not applicable,not applicable,not applicable
extend-hours:parks:1732,saturday,true,193,9,2,3,9
extend-hours:parks:1737,primary,true,272,2,1,2,4
extend-hours:parks:1737,distance-300,true,230,2,1,2,4
extend-hours:parks:1737,distance-500,true,304,2,1,3,6
extend-hours:parks:1737,rider-conditional,true,270,2,1,2,4
extend-hours:parks:1737,normal-operations,true,272,2,1,2,4
extend-hours:parks:1737,optimistic-information,false,not applicable,not applicable,not applicable,not applicable,not applicable
extend-hours:parks:1737,saturday,true,271,2,1,2,4
extend-hours:parks:1740,primary,true,181,12,1,2,12
extend-hours:parks:1740,distance-300,true,132,12,1,2,12
extend-hours:parks:1740,distance-500,true,207,13,1,5,30
extend-hours:parks:1740,rider-conditional,true,179,12,1,2,12
extend-hours:parks:1740,normal-operations,true,181,12,1,2,12
extend-hours:parks:1740,optimistic-information,false,not applicable,not applicable,not applicable,not applicable,not applicable
extend-hours:parks:1740,saturday,true,179,12,1,2,12
extend-hours:parks:1745,primary,true,177,12,1,4,24
extend-hours:parks:1745,distance-300,true,133,12,1,2,12
extend-hours:parks:1745,distance-500,true,107,27,2,6,50
extend-hours:parks:1745,rider-conditional,true,175,12,1,4,24
extend-hours:parks:1745,normal-operations,true,177,12,1,4,24
extend-hours:parks:1745,optimistic-information,false,not applicable,not applicable,not applicable,not applicable,not applicable
extend-hours:parks:1745,saturday,true,167,13,1,4,26
extend-hours:parks:1764,primary,true,324,0,0,0,0
extend-hours:parks:1764,distance-300,true,301,0,0,0,0
extend-hours:parks:1764,distance-500,true,273,6,1,1,6
extend-hours:parks:1764,rider-conditional,true,322,0,0,0,0
extend-hours:parks:1764,normal-operations,true,324,0,0,0,0
extend-hours:parks:1764,optimistic-information,false,not applicable,not applicable,not applicable,not applicable,not applicable
extend-hours:parks:1764,saturday,true,324,0,0,0,0
extend-hours:parks:1768,primary,true,156,14,1,4,27
extend-hours:parks:1768,distance-300,true,104,14,1,3,20
extend-hours:parks:1768,distance-500,true,74,34,3,9,64
extend-hours:parks:1768,rider-conditional,true,154,14,1,4,27
extend-hours:parks:1768,normal-operations,true,156,14,1,4,27
extend-hours:parks:1768,optimistic-information,false,not applicable,not applicable,not applicable,not applicable,not applicable
extend-hours:parks:1768,saturday,true,151,14,1,4,28
extend-hours:parks:1817,primary,true,69,28,2,6,77
extend-hours:parks:1817,distance-300,true,39,28,2,6,77
extend-hours:parks:1817,distance-500,true,36,49,4,12,148
extend-hours:parks:1817,rider-conditional,true,65,28,2,6,77
extend-hours:parks:1817,normal-operations,true,69,28,2,6,77
extend-hours:parks:1817,optimistic-information,false,not applicable,not applicable,not applicable,not applicable,not applicable
extend-hours:parks:1817,saturday,true,84,25,2,6,70
extend-hours:parks:1818,primary,true,52,33,3,13,58
extend-hours:parks:1818,distance-300,true,73,19,2,6,25
extend-hours:parks:1818,distance-500,true,73,34,3,16,74
extend-hours:parks:1818,rider-conditional,true,48,33,3,13,58
extend-hours:parks:1818,normal-operations,true,52,33,3,13,58
extend-hours:parks:1818,optimistic-information,false,not applicable,not applicable,not applicable,not applicable,not applicable
extend-hours:parks:1818,saturday,true,49,32,3,13,57
extend-hours:parks:1820,primary,true,85,25,2,6,37
extend-hours:parks:1820,distance-300,true,49,25,2,4,25
extend-hours:parks:1820,distance-500,true,113,26,2,11,67
extend-hours:parks:1820,rider-conditional,true,81,25,2,6,37
extend-hours:parks:1820,normal-operations,true,85,25,2,6,37
extend-hours:parks:1820,optimistic-information,false,not applicable,not applicable,not applicable,not applicable,not applicable
extend-hours:parks:1820,saturday,true,85,25,2,6,37
extend-hours:parks:1840,primary,true,159,13,3,8,31
extend-hours:parks:1840,distance-300,true,163,8,2,2,8
extend-hours:parks:1840,distance-500,true,75,33,4,17,69
extend-hours:parks:1840,rider-conditional,true,157,13,3,8,31
extend-hours:parks:1840,normal-operations,true,159,13,3,8,31
extend-hours:parks:1840,optimistic-information,false,not applicable,not applicable,not applicable,not applicable,not applicable
extend-hours:parks:1840,saturday,true,173,12,3,8,27
extend-hours:parks:1846,primary,true,48,34,6,7,88
extend-hours:parks:1846,distance-300,true,62,20,4,2,40
extend-hours:parks:1846,distance-500,true,20,56,6,9,128
extend-hours:parks:1846,rider-conditional,true,44,34,6,7,88
extend-hours:parks:1846,normal-operations,true,48,34,6,7,88
extend-hours:parks:1846,optimistic-information,false,not applicable,not applicable,not applicable,not applicable,not applicable
extend-hours:parks:1846,saturday,true,47,32,5,7,83
extend-hours:parks:1866,primary,true,72,27,2,9,62
extend-hours:parks:1866,distance-300,true,100,14,1,5,34
extend-hours:parks:1866,distance-500,true,77,33,3,12,74
extend-hours:parks:1866,rider-conditional,true,68,27,2,9,62
extend-hours:parks:1866,normal-operations,true,72,27,2,9,62
extend-hours:parks:1866,optimistic-information,false,not applicable,not applicable,not applicable,not applicable,not applicable
extend-hours:parks:1866,saturday,true,78,25,2,9,55
extend-hours:parks:1867,primary,true,158,14,1,2,14
extend-hours:parks:1867,distance-300,true,177,7,1,1,7
extend-hours:parks:1867,distance-500,true,70,35,3,8,59
extend-hours:parks:1867,rider-conditional,true,156,14,1,2,14
extend-hours:parks:1867,normal-operations,true,158,14,1,2,14
extend-hours:parks:1867,optimistic-information,false,not applicable,not applicable,not applicable,not applicable,not applicable
extend-hours:parks:1867,saturday,true,110,19,1,2,19
extend-hours:parks:1873,primary,true,340,0,0,0,0
extend-hours:parks:1873,distance-300,true,322,0,0,0,0
extend-hours:parks:1873,distance-500,true,347,0,0,0,0
extend-hours:parks:1873,rider-conditional,true,338,0,0,0,0
extend-hours:parks:1873,normal-operations,true,340,0,0,0,0
extend-hours:parks:1873,optimistic-information,false,not applicable,not applicable,not applicable,not applicable,not applicable
extend-hours:parks:1873,saturday,true,340,0,0,0,0
extend-hours:parks:1874,primary,true,115,20,2,5,33
extend-hours:parks:1874,distance-300,true,67,20,2,4,27
extend-hours:parks:1874,distance-500,true,154,20,2,8,53
extend-hours:parks:1874,rider-conditional,true,112,20,2,5,33
extend-hours:parks:1874,normal-operations,true,115,20,2,5,33
extend-hours:parks:1874,optimistic-information,false,not applicable,not applicable,not applicable,not applicable,not applicable
extend-hours:parks:1874,saturday,true,116,18,2,5,30
extend-hours:parks:1886,primary,true,45,36,4,9,70
extend-hours:parks:1886,distance-300,true,77,18,3,5,36
extend-hours:parks:1886,distance-500,true,55,42,6,12,85
extend-hours:parks:1886,rider-conditional,true,41,36,4,8,63
extend-hours:parks:1886,normal-operations,true,45,36,4,9,70
extend-hours:parks:1886,optimistic-information,false,not applicable,not applicable,not applicable,not applicable,not applicable
extend-hours:parks:1886,saturday,true,44,34,4,9,68
extend-hours:parks:1892,primary,true,56,30,4,4,38
extend-hours:parks:1892,distance-300,true,45,25,3,2,25
extend-hours:parks:1892,distance-500,true,83,31,4,7,71
extend-hours:parks:1892,rider-conditional,true,52,30,4,4,38
extend-hours:parks:1892,normal-operations,true,56,30,4,4,38
extend-hours:parks:1892,optimistic-information,false,not applicable,not applicable,not applicable,not applicable,not applicable
extend-hours:parks:1892,saturday,true,70,26,3,4,34
extend-hours:parks:1943,primary,true,51,34,3,4,34
extend-hours:parks:1943,distance-300,true,342,0,0,0,0
extend-hours:parks:1943,distance-500,true,67,37,3,6,60
extend-hours:parks:1943,rider-conditional,true,47,34,3,4,34
extend-hours:parks:1943,normal-operations,true,51,34,3,4,34
extend-hours:parks:1943,optimistic-information,false,not applicable,not applicable,not applicable,not applicable,not applicable
extend-hours:parks:1943,saturday,true,55,31,3,4,31
extend-hours:parks:1981,primary,true,355,0,0,0,0
extend-hours:parks:1981,distance-300,true,348,0,0,0,0
extend-hours:parks:1981,distance-500,true,357,0,0,0,0
extend-hours:parks:1981,rider-conditional,true,354,0,0,0,0
extend-hours:parks:1981,normal-operations,true,355,0,0,0,0
extend-hours:parks:1981,optimistic-information,false,not applicable,not applicable,not applicable,not applicable,not applicable
extend-hours:parks:1981,saturday,true,355,0,0,0,0
extend-hours:parks:2006,primary,true,73,27,2,5,40
extend-hours:parks:2006,distance-300,true,106,14,1,2,14
extend-hours:parks:2006,distance-500,true,102,28,2,7,53
extend-hours:parks:2006,rider-conditional,true,69,27,2,5,40
extend-hours:parks:2006,normal-operations,true,73,27,2,5,40
extend-hours:parks:2006,optimistic-information,false,not applicable,not applicable,not applicable,not applicable,not applicable
extend-hours:parks:2006,saturday,true,73,26,2,5,40
extend-hours:parks:2013,primary,true,71,27,3,5,34
extend-hours:parks:2013,distance-300,true,41,27,3,5,34
extend-hours:parks:2013,distance-500,true,104,27,3,11,58
extend-hours:parks:2013,rider-conditional,true,67,27,3,5,34
extend-hours:parks:2013,normal-operations,true,71,27,3,5,34
extend-hours:parks:2013,optimistic-information,false,not applicable,not applicable,not applicable,not applicable,not applicable
extend-hours:parks:2013,saturday,true,54,31,3,5,41
extend-hours:parks:2045,primary,true,35,39,5,4,42
extend-hours:parks:2045,distance-300,true,246,0,0,0,0
extend-hours:parks:2045,distance-500,true,59,41,5,11,90
extend-hours:parks:2045,rider-conditional,true,30,39,5,4,42
extend-hours:parks:2045,normal-operations,true,35,39,5,4,42
extend-hours:parks:2045,optimistic-information,false,not applicable,not applicable,not applicable,not applicable,not applicable
extend-hours:parks:2045,saturday,true,24,44,5,4,47
extend-hours:parks:2051,primary,true,78,25,4,10,58
extend-hours:parks:2051,distance-300,true,88,16,4,6,40
extend-hours:parks:2051,distance-500,true,118,25,4,11,63
extend-hours:parks:2051,rider-conditional,true,74,25,4,10,58
extend-hours:parks:2051,normal-operations,true,78,25,4,10,58
extend-hours:parks:2051,optimistic-information,false,not applicable,not applicable,not applicable,not applicable,not applicable
extend-hours:parks:2051,saturday,true,75,25,4,10,52
extend-hours:parks:2052,primary,true,91,24,3,4,24
extend-hours:parks:2052,distance-300,true,252,0,0,0,0
extend-hours:parks:2052,distance-500,true,66,38,3,5,38
extend-hours:parks:2052,rider-conditional,true,87,24,3,4,24
extend-hours:parks:2052,normal-operations,true,91,24,3,4,24
extend-hours:parks:2052,optimistic-information,false,not applicable,not applicable,not applicable,not applicable,not applicable
extend-hours:parks:2052,saturday,true,96,21,3,4,21
extend-hours:parks:2053,primary,true,292,0,0,0,0
extend-hours:parks:2053,distance-300,true,254,0,0,0,0
extend-hours:parks:2053,distance-500,true,299,3,1,2,6
extend-hours:parks:2053,rider-conditional,true,290,0,0,0,0
extend-hours:parks:2053,normal-operations,true,292,0,0,0,0
extend-hours:parks:2053,optimistic-information,false,not applicable,not applicable,not applicable,not applicable,not applicable
extend-hours:parks:2053,saturday,true,292,0,0,0,0
extend-hours:parks:2054,primary,true,108,20,2,7,49
extend-hours:parks:2054,distance-300,true,66,20,2,6,43
extend-hours:parks:2054,distance-500,true,100,28,2,9,64
extend-hours:parks:2054,rider-conditional,true,105,20,2,7,49
extend-hours:parks:2054,normal-operations,true,108,20,2,7,49
extend-hours:parks:2054,optimistic-information,false,not applicable,not applicable,not applicable,not applicable,not applicable
extend-hours:parks:2054,saturday,true,97,21,2,7,52
extend-hours:parks:2055,primary,true,100,22,1,2,22
extend-hours:parks:2055,distance-300,true,257,0,0,0,0
extend-hours:parks:2055,distance-500,true,141,22,1,2,22
extend-hours:parks:2055,rider-conditional,true,96,22,1,2,22
extend-hours:parks:2055,normal-operations,true,100,22,1,2,22
extend-hours:parks:2055,optimistic-information,false,not applicable,not applicable,not applicable,not applicable,not applicable
extend-hours:parks:2055,saturday,true,134,16,1,2,16
extend-hours:parks:2057,primary,true,94,23,2,6,40
extend-hours:parks:2057,distance-300,true,152,10,1,1,10
extend-hours:parks:2057,distance-500,true,133,23,2,7,43
extend-hours:parks:2057,rider-conditional,true,90,23,2,6,40
extend-hours:parks:2057,normal-operations,true,94,23,2,6,40
extend-hours:parks:2057,optimistic-information,false,not applicable,not applicable,not applicable,not applicable,not applicable
extend-hours:parks:2057,saturday,true,88,24,2,6,42
extend-hours:parks:2060,primary,true,161,13,2,6,18
extend-hours:parks:2060,distance-300,true,109,13,2,6,18
extend-hours:parks:2060,distance-500,true,197,13,2,8,23
extend-hours:parks:2060,rider-conditional,true,159,13,2,6,18
extend-hours:parks:2060,normal-operations,true,161,13,2,6,18
extend-hours:parks:2060,optimistic-information,false,not applicable,not applicable,not applicable,not applicable,not applicable
extend-hours:parks:2060,saturday,true,162,13,2,6,19
extend-hours:parks:2061,primary,true,261,4,1,3,6
extend-hours:parks:2061,distance-300,true,213,4,1,2,4
extend-hours:parks:2061,distance-500,true,291,4,1,3,6
extend-hours:parks:2061,rider-conditional,true,258,4,1,3,6
extend-hours:parks:2061,normal-operations,true,261,4,1,3,6
extend-hours:parks:2061,optimistic-information,false,not applicable,not applicable,not applicable,not applicable,not applicable
extend-hours:parks:2061,saturday,true,211,7,1,3,11
extend-hours:parks:2064,primary,true,114,20,2,5,24
extend-hours:parks:2064,distance-300,true,217,4,1,1,4
extend-hours:parks:2064,distance-500,true,129,24,2,8,36
extend-hours:parks:2064,rider-conditional,true,111,20,2,5,24
extend-hours:parks:2064,normal-operations,true,114,20,2,5,24
extend-hours:parks:2064,optimistic-information,false,not applicable,not applicable,not applicable,not applicable,not applicable
extend-hours:parks:2064,saturday,true,114,18,2,5,21
extend-hours:parks:2065,primary,true,65,28,3,7,55
extend-hours:parks:2065,distance-300,true,76,19,1,2,19
extend-hours:parks:2065,distance-500,true,98,28,3,7,55
extend-hours:parks:2065,rider-conditional,true,61,28,3,7,55
extend-hours:parks:2065,normal-operations,true,65,28,3,7,55
extend-hours:parks:2065,optimistic-information,false,not applicable,not applicable,not applicable,not applicable,not applicable
extend-hours:parks:2065,saturday,true,81,25,2,7,49
extend-hours:parks:2068,primary,true,318,0,0,0,0
extend-hours:parks:2068,distance-300,true,292,0,0,0,0
extend-hours:parks:2068,distance-500,true,297,4,1,1,4
extend-hours:parks:2068,rider-conditional,true,316,0,0,0,0
extend-hours:parks:2068,normal-operations,true,318,0,0,0,0
extend-hours:parks:2068,optimistic-information,false,not applicable,not applicable,not applicable,not applicable,not applicable
extend-hours:parks:2068,saturday,true,318,0,0,0,0
extend-hours:parks:2070,primary,true,195,10,2,1,10
extend-hours:parks:2070,distance-300,true,293,0,0,0,0
extend-hours:parks:2070,distance-500,true,131,24,2,2,24
extend-hours:parks:2070,rider-conditional,true,192,10,2,1,10
extend-hours:parks:2070,normal-operations,true,195,10,2,1,10
extend-hours:parks:2070,optimistic-information,false,not applicable,not applicable,not applicable,not applicable,not applicable
extend-hours:parks:2070,saturday,true,202,8,1,1,8
extend-hours:parks:2074,primary,true,278,2,1,1,2
extend-hours:parks:2074,distance-300,true,234,2,1,1,2
extend-hours:parks:2074,distance-500,true,105,27,3,8,47
extend-hours:parks:2074,rider-conditional,true,276,2,1,1,2
extend-hours:parks:2074,normal-operations,true,278,2,1,1,2
extend-hours:parks:2074,optimistic-information,false,not applicable,not applicable,not applicable,not applicable,not applicable
extend-hours:parks:2074,saturday,true,275,2,1,1,2
extend-hours:parks:2076,primary,true,279,2,1,1,2
extend-hours:parks:2076,distance-300,true,300,0,0,0,0
extend-hours:parks:2076,distance-500,true,306,2,1,1,2
extend-hours:parks:2076,rider-conditional,true,277,2,1,1,2
extend-hours:parks:2076,normal-operations,true,279,2,1,1,2
extend-hours:parks:2076,optimistic-information,false,not applicable,not applicable,not applicable,not applicable,not applicable
extend-hours:parks:2076,saturday,true,276,2,1,1,2
extend-hours:parks:2079,primary,true,326,0,0,0,0
extend-hours:parks:2079,distance-300,true,303,0,0,0,0
extend-hours:parks:2079,distance-500,true,338,0,0,0,0
extend-hours:parks:2079,rider-conditional,true,324,0,0,0,0
extend-hours:parks:2079,normal-operations,true,326,0,0,0,0
extend-hours:parks:2079,optimistic-information,false,not applicable,not applicable,not applicable,not applicable,not applicable
extend-hours:parks:2079,saturday,true,326,0,0,0,0
extend-hours:parks:2081,primary,true,178,12,1,4,24
extend-hours:parks:2081,distance-300,true,135,12,1,2,12
extend-hours:parks:2081,distance-500,true,221,12,1,4,24
extend-hours:parks:2081,rider-conditional,true,176,12,1,4,24
extend-hours:parks:2081,normal-operations,true,178,12,1,4,24
extend-hours:parks:2081,optimistic-information,false,not applicable,not applicable,not applicable,not applicable,not applicable
extend-hours:parks:2081,saturday,true,169,13,1,4,26
extend-hours:parks:2082,primary,true,163,13,2,6,39
extend-hours:parks:2082,distance-300,true,115,13,2,3,19
extend-hours:parks:2082,distance-500,true,198,13,2,8,52
extend-hours:parks:2082,rider-conditional,true,161,13,2,6,39
extend-hours:parks:2082,normal-operations,true,163,13,2,6,39
extend-hours:parks:2082,optimistic-information,false,not applicable,not applicable,not applicable,not applicable,not applicable
extend-hours:parks:2082,saturday,true,279,7,2,6,21
extend-hours:parks:2085,primary,true,337,0,0,0,0
extend-hours:parks:2085,distance-300,true,318,0,0,0,0
extend-hours:parks:2085,distance-500,true,128,24,3,9,42
extend-hours:parks:2085,rider-conditional,true,335,0,0,0,0
extend-hours:parks:2085,normal-operations,true,337,0,0,0,0
extend-hours:parks:2085,optimistic-information,false,not applicable,not applicable,not applicable,not applicable,not applicable
extend-hours:parks:2085,saturday,true,337,0,0,0,0
extend-hours:parks:2091,primary,true,311,0,0,0,0
extend-hours:parks:2091,distance-300,true,279,0,0,0,0
extend-hours:parks:2091,distance-500,true,329,0,0,0,0
extend-hours:parks:2091,rider-conditional,true,309,0,0,0,0
extend-hours:parks:2091,normal-operations,true,311,0,0,0,0
extend-hours:parks:2091,optimistic-information,false,not applicable,not applicable,not applicable,not applicable,not applicable
extend-hours:parks:2091,saturday,true,311,0,0,0,0
extend-hours:parks:2092,primary,true,242,6,1,1,6
extend-hours:parks:2092,distance-300,true,331,0,0,0,0
extend-hours:parks:2092,distance-500,true,224,12,1,2,12
extend-hours:parks:2092,rider-conditional,true,239,6,1,1,6
extend-hours:parks:2092,normal-operations,true,242,6,1,1,6
extend-hours:parks:2092,optimistic-information,false,not applicable,not applicable,not applicable,not applicable,not applicable
extend-hours:parks:2092,saturday,true,235,6,1,1,6
extend-hours:parks:2095,primary,true,107,20,3,3,28
extend-hours:parks:2095,distance-300,true,147,10,3,1,10
extend-hours:parks:2095,distance-500,true,151,20,3,4,36
extend-hours:parks:2095,rider-conditional,true,104,20,3,3,28
extend-hours:parks:2095,normal-operations,true,107,20,3,3,28
extend-hours:parks:2095,optimistic-information,false,not applicable,not applicable,not applicable,not applicable,not applicable
extend-hours:parks:2095,saturday,true,142,15,2,3,21
extend-hours:parks:2097,primary,true,258,4,1,4,8
extend-hours:parks:2097,distance-300,true,215,4,1,2,4
extend-hours:parks:2097,distance-500,true,287,4,1,6,12
extend-hours:parks:2097,rider-conditional,true,255,4,1,4,8
extend-hours:parks:2097,normal-operations,true,258,4,1,4,8
extend-hours:parks:2097,optimistic-information,false,not applicable,not applicable,not applicable,not applicable,not applicable
extend-hours:parks:2097,saturday,true,284,2,1,4,4
extend-hours:parks:2099,primary,true,250,5,1,2,5
extend-hours:parks:2099,distance-300,true,338,0,0,0,0
extend-hours:parks:2099,distance-500,true,278,5,1,4,10
extend-hours:parks:2099,rider-conditional,true,247,5,1,2,5
extend-hours:parks:2099,normal-operations,true,250,5,1,2,5
extend-hours:parks:2099,optimistic-information,false,not applicable,not applicable,not applicable,not applicable,not applicable
extend-hours:parks:2099,saturday,true,242,5,1,2,5
extend-hours:parks:2103,primary,true,77,25,4,15,48
extend-hours:parks:2103,distance-300,true,53,23,4,10,34
extend-hours:parks:2103,distance-500,true,6,67,6,25,166
extend-hours:parks:2103,rider-conditional,true,73,25,4,15,48
extend-hours:parks:2103,normal-operations,true,77,25,4,15,48
extend-hours:parks:2103,optimistic-information,false,not applicable,not applicable,not applicable,not applicable,not applicable
extend-hours:parks:2103,saturday,true,74,25,4,15,47
extend-hours:parks:2104,primary,true,103,21,3,6,33
extend-hours:parks:2104,distance-300,true,139,12,1,2,12
extend-hours:parks:2104,distance-500,true,144,21,3,12,65
extend-hours:parks:2104,rider-conditional,true,99,21,3,6,33
extend-hours:parks:2104,normal-operations,true,103,21,3,6,33
extend-hours:parks:2104,optimistic-information,false,not applicable,not applicable,not applicable,not applicable,not applicable
extend-hours:parks:2104,saturday,true,98,20,3,6,32
extend-hours:parks:2106,primary,true,183,11,3,9,24
extend-hours:parks:2106,distance-300,true,155,9,2,4,9
extend-hours:parks:2106,distance-500,true,195,13,3,13,35
extend-hours:parks:2106,rider-conditional,true,181,11,3,9,24
extend-hours:parks:2106,normal-operations,true,183,11,3,9,24
extend-hours:parks:2106,optimistic-information,false,not applicable,not applicable,not applicable,not applicable,not applicable
extend-hours:parks:2106,saturday,true,156,13,3,9,27
extend-hours:parks:2108,primary,true,87,25,2,5,31
extend-hours:parks:2108,distance-300,true,75,19,2,3,19
extend-hours:parks:2108,distance-500,true,112,26,2,12,71
extend-hours:parks:2108,rider-conditional,true,83,25,2,5,31
extend-hours:parks:2108,normal-operations,true,87,25,2,5,31
extend-hours:parks:2108,optimistic-information,false,not applicable,not applicable,not applicable,not applicable,not applicable
extend-hours:parks:2108,saturday,true,65,28,2,5,34
extend-hours:parks:2109,primary,true,359,0,0,0,0
extend-hours:parks:2109,distance-300,true,355,0,0,0,0
extend-hours:parks:2109,distance-500,true,361,0,0,0,0
extend-hours:parks:2109,rider-conditional,true,359,0,0,0,0
extend-hours:parks:2109,normal-operations,true,359,0,0,0,0
extend-hours:parks:2109,optimistic-information,false,not applicable,not applicable,not applicable,not applicable,not applicable
extend-hours:parks:2109,saturday,true,359,0,0,0,0
extend-hours:parks:273,primary,true,176,12,1,5,30
extend-hours:parks:273,distance-300,true,131,12,1,2,12
extend-hours:parks:273,distance-500,true,219,12,1,6,35
extend-hours:parks:273,rider-conditional,true,174,12,1,5,30
extend-hours:parks:273,normal-operations,true,176,12,1,5,30
extend-hours:parks:273,optimistic-information,false,not applicable,not applicable,not applicable,not applicable,not applicable
extend-hours:parks:273,saturday,true,165,13,1,5,31
extend-hours:parks:28885,primary,true,210,8,1,4,15
extend-hours:parks:28885,distance-300,true,166,8,1,4,15
extend-hours:parks:28885,distance-500,true,164,18,3,11,40
extend-hours:parks:28885,rider-conditional,true,207,8,1,4,15
extend-hours:parks:28885,normal-operations,true,210,8,1,4,15
extend-hours:parks:28885,optimistic-information,false,not applicable,not applicable,not applicable,not applicable,not applicable
extend-hours:parks:28885,saturday,true,208,7,1,4,13
extend-hours:parks:28895,primary,true,106,20,3,6,24
extend-hours:parks:28895,distance-300,true,333,0,0,0,0
extend-hours:parks:28895,distance-500,true,71,35,3,7,39
extend-hours:parks:28895,rider-conditional,true,103,20,3,6,24
extend-hours:parks:28895,normal-operations,true,106,20,3,6,24
extend-hours:parks:28895,optimistic-information,false,not applicable,not applicable,not applicable,not applicable,not applicable
extend-hours:parks:28895,saturday,true,93,22,3,6,26
extend-hours:parks:28901,primary,true,89,24,4,5,34
extend-hours:parks:28901,distance-300,true,50,24,4,4,28
extend-hours:parks:28901,distance-500,true,97,28,4,7,46
extend-hours:parks:28901,rider-conditional,true,85,24,4,5,34
extend-hours:parks:28901,normal-operations,true,89,24,4,5,34
extend-hours:parks:28901,optimistic-information,false,not applicable,not applicable,not applicable,not applicable,not applicable
extend-hours:parks:28901,saturday,true,57,30,4,5,43
extend-hours:parks:29265,primary,true,286,0,0,0,0
extend-hours:parks:29265,distance-300,true,244,0,0,0,0
extend-hours:parks:29265,distance-500,true,313,0,0,0,0
extend-hours:parks:29265,rider-conditional,true,284,0,0,0,0
extend-hours:parks:29265,normal-operations,true,286,0,0,0,0
extend-hours:parks:29265,optimistic-information,false,not applicable,not applicable,not applicable,not applicable,not applicable
extend-hours:parks:29265,saturday,true,286,0,0,0,0
extend-hours:parks:29276,primary,true,276,2,1,1,2
extend-hours:parks:29276,distance-300,true,248,0,0,0,0
extend-hours:parks:29276,distance-500,true,243,8,2,3,8
extend-hours:parks:29276,rider-conditional,true,274,2,1,1,2
extend-hours:parks:29276,normal-operations,true,276,2,1,1,2
extend-hours:parks:29276,optimistic-information,false,not applicable,not applicable,not applicable,not applicable,not applicable
extend-hours:parks:29276,saturday,true,264,3,1,1,3
extend-hours:parks:29277,primary,true,63,28,4,11,84
extend-hours:parks:29277,distance-300,true,33,28,4,9,69
extend-hours:parks:29277,distance-500,true,63,39,5,21,135
extend-hours:parks:29277,rider-conditional,true,59,28,4,11,84
extend-hours:parks:29277,normal-operations,true,63,28,4,11,84
extend-hours:parks:29277,optimistic-information,false,not applicable,not applicable,not applicable,not applicable,not applicable
extend-hours:parks:29277,saturday,true,48,32,4,11,90
extend-hours:parks:29280,primary,true,290,0,0,0,0
extend-hours:parks:29280,distance-300,true,250,0,0,0,0
extend-hours:parks:29280,distance-500,true,301,3,1,1,3
extend-hours:parks:29280,rider-conditional,true,288,0,0,0,0
extend-hours:parks:29280,normal-operations,true,290,0,0,0,0
extend-hours:parks:29280,optimistic-information,false,not applicable,not applicable,not applicable,not applicable,not applicable
extend-hours:parks:29280,saturday,true,290,0,0,0,0
extend-hours:parks:29286,primary,true,208,8,1,4,15
extend-hours:parks:29286,distance-300,true,164,8,1,4,15
extend-hours:parks:29286,distance-500,true,246,8,1,4,15
extend-hours:parks:29286,rider-conditional,true,205,8,1,4,15
extend-hours:parks:29286,normal-operations,true,208,8,1,4,15
extend-hours:parks:29286,optimistic-information,false,not applicable,not applicable,not applicable,not applicable,not applicable
extend-hours:parks:29286,saturday,true,206,7,1,4,14
extend-hours:parks:29300,primary,true,284,2,1,1,2
extend-hours:parks:29300,distance-300,true,241,2,1,1,2
extend-hours:parks:29300,distance-500,true,312,2,1,1,2
extend-hours:parks:29300,rider-conditional,true,282,2,1,1,2
extend-hours:parks:29300,normal-operations,true,284,2,1,1,2
extend-hours:parks:29300,optimistic-information,false,not applicable,not applicable,not applicable,not applicable,not applicable
extend-hours:parks:29300,saturday,true,282,4,1,1,4
extend-hours:parks:29307,primary,true,283,2,1,2,2
extend-hours:parks:29307,distance-300,true,251,0,0,0,0
extend-hours:parks:29307,distance-500,true,311,2,1,2,2
extend-hours:parks:29307,rider-conditional,true,281,2,1,2,2
extend-hours:parks:29307,normal-operations,true,283,2,1,2,2
extend-hours:parks:29307,optimistic-information,false,not applicable,not applicable,not applicable,not applicable,not applicable
extend-hours:parks:29307,saturday,true,281,4,1,2,4
extend-hours:parks:29309,primary,true,260,4,1,3,6
extend-hours:parks:29309,distance-300,true,209,4,1,3,6
extend-hours:parks:29309,distance-500,true,288,4,1,5,10
extend-hours:parks:29309,rider-conditional,true,257,4,1,3,6
extend-hours:parks:29309,normal-operations,true,260,4,1,3,6
extend-hours:parks:29309,optimistic-information,false,not applicable,not applicable,not applicable,not applicable,not applicable
extend-hours:parks:29309,saturday,true,285,2,1,3,3
extend-hours:parks:29312,primary,true,293,0,0,0,0
extend-hours:parks:29312,distance-300,true,255,0,0,0,0
extend-hours:parks:29312,distance-500,true,103,28,2,5,34
extend-hours:parks:29312,rider-conditional,true,291,0,0,0,0
extend-hours:parks:29312,normal-operations,true,293,0,0,0,0
extend-hours:parks:29312,optimistic-information,false,not applicable,not applicable,not applicable,not applicable,not applicable
extend-hours:parks:29312,saturday,true,293,0,0,0,0
extend-hours:parks:29343,primary,true,301,0,0,0,0
extend-hours:parks:29343,distance-300,true,265,0,0,0,0
extend-hours:parks:29343,distance-500,true,324,0,0,0,0
extend-hours:parks:29343,rider-conditional,true,299,0,0,0,0
extend-hours:parks:29343,normal-operations,true,301,0,0,0,0
extend-hours:parks:29343,optimistic-information,false,not applicable,not applicable,not applicable,not applicable,not applicable
extend-hours:parks:29343,saturday,true,301,0,0,0,0
extend-hours:parks:29347,primary,true,303,0,0,0,0
extend-hours:parks:29347,distance-300,true,267,0,0,0,0
extend-hours:parks:29347,distance-500,true,248,7,2,3,7
extend-hours:parks:29347,rider-conditional,true,301,0,0,0,0
extend-hours:parks:29347,normal-operations,true,303,0,0,0,0
extend-hours:parks:29347,optimistic-information,false,not applicable,not applicable,not applicable,not applicable,not applicable
extend-hours:parks:29347,saturday,true,303,0,0,0,0
extend-hours:parks:29351,primary,true,236,6,1,3,9
extend-hours:parks:29351,distance-300,true,334,0,0,0,0
extend-hours:parks:29351,distance-500,true,265,6,1,5,15
extend-hours:parks:29351,rider-conditional,true,233,6,1,3,9
extend-hours:parks:29351,normal-operations,true,236,6,1,3,9
extend-hours:parks:29351,optimistic-information,false,not applicable,not applicable,not applicable,not applicable,not applicable
extend-hours:parks:29351,saturday,true,254,4,1,3,6
extend-hours:parks:29354,primary,true,92,23,3,12,66
extend-hours:parks:29354,distance-300,true,55,22,3,7,46
extend-hours:parks:29354,distance-500,true,119,25,3,15,90
extend-hours:parks:29354,rider-conditional,true,88,23,3,12,66
extend-hours:parks:29354,normal-operations,true,92,23,3,12,66
extend-hours:parks:29354,optimistic-information,false,not applicable,not applicable,not applicable,not applicable,not applicable
extend-hours:parks:29354,saturday,true,106,19,3,12,56
extend-hours:parks:29356,primary,true,88,25,2,2,25
extend-hours:parks:29356,distance-300,true,268,0,0,0,0
extend-hours:parks:29356,distance-500,true,53,43,5,8,62
extend-hours:parks:29356,rider-conditional,true,84,25,2,2,25
extend-hours:parks:29356,normal-operations,true,88,25,2,2,25
extend-hours:parks:29356,optimistic-information,false,not applicable,not applicable,not applicable,not applicable,not applicable
extend-hours:parks:29356,saturday,true,91,23,2,2,23
extend-hours:parks:29358,primary,true,37,39,4,8,64
extend-hours:parks:29358,distance-300,true,24,33,3,5,46
extend-hours:parks:29358,distance-500,true,41,46,5,9,71
extend-hours:parks:29358,rider-conditional,true,32,39,4,8,64
extend-hours:parks:29358,normal-operations,true,37,39,4,8,64
extend-hours:parks:29358,optimistic-information,false,not applicable,not applicable,not applicable,not applicable,not applicable
extend-hours:parks:29358,saturday,true,43,35,4,8,58
extend-hours:parks:29359,primary,true,304,0,0,0,0
extend-hours:parks:29359,distance-300,true,269,0,0,0,0
extend-hours:parks:29359,distance-500,true,213,13,1,2,13
extend-hours:parks:29359,rider-conditional,true,302,0,0,0,0
extend-hours:parks:29359,normal-operations,true,304,0,0,0,0
extend-hours:parks:29359,optimistic-information,false,not applicable,not applicable,not applicable,not applicable,not applicable
extend-hours:parks:29359,saturday,true,304,0,0,0,0
extend-hours:parks:29361,primary,true,305,0,0,0,0
extend-hours:parks:29361,distance-300,true,270,0,0,0,0
extend-hours:parks:29361,distance-500,true,169,18,2,5,21
extend-hours:parks:29361,rider-conditional,true,303,0,0,0,0
extend-hours:parks:29361,normal-operations,true,305,0,0,0,0
extend-hours:parks:29361,optimistic-information,false,not applicable,not applicable,not applicable,not applicable,not applicable
extend-hours:parks:29361,saturday,true,305,0,0,0,0
extend-hours:parks:29365,primary,true,264,4,1,2,4
extend-hours:parks:29365,distance-300,true,214,4,1,2,4
extend-hours:parks:29365,distance-500,true,295,4,1,2,4
extend-hours:parks:29365,rider-conditional,true,261,4,1,2,4
extend-hours:parks:29365,normal-operations,true,264,4,1,2,4
extend-hours:parks:29365,optimistic-information,false,not applicable,not applicable,not applicable,not applicable,not applicable
extend-hours:parks:29365,saturday,true,257,4,1,2,4
extend-hours:parks:29374,primary,true,231,6,1,4,12
extend-hours:parks:29374,distance-300,true,188,6,1,2,6
extend-hours:parks:29374,distance-500,true,266,6,1,4,12
extend-hours:parks:29374,rider-conditional,true,228,6,1,4,12
extend-hours:parks:29374,normal-operations,true,231,6,1,4,12
extend-hours:parks:29374,optimistic-information,false,not applicable,not applicable,not applicable,not applicable,not applicable
extend-hours:parks:29374,saturday,true,223,6,1,4,12
extend-hours:parks:29375,primary,true,306,0,0,0,0
extend-hours:parks:29375,distance-300,true,273,0,0,0,0
extend-hours:parks:29375,distance-500,true,302,3,1,1,3
extend-hours:parks:29375,rider-conditional,true,304,0,0,0,0
extend-hours:parks:29375,normal-operations,true,306,0,0,0,0
extend-hours:parks:29375,optimistic-information,false,not applicable,not applicable,not applicable,not applicable,not applicable
extend-hours:parks:29375,saturday,true,306,0,0,0,0
extend-hours:parks:29376,primary,true,307,0,0,0,0
extend-hours:parks:29376,distance-300,true,274,0,0,0,0
extend-hours:parks:29376,distance-500,true,326,0,0,0,0
extend-hours:parks:29376,rider-conditional,true,305,0,0,0,0
extend-hours:parks:29376,normal-operations,true,307,0,0,0,0
extend-hours:parks:29376,optimistic-information,false,not applicable,not applicable,not applicable,not applicable,not applicable
extend-hours:parks:29376,saturday,true,307,0,0,0,0
extend-hours:parks:29379,primary,true,98,22,2,4,44
extend-hours:parks:29379,distance-300,true,58,22,2,2,22
extend-hours:parks:29379,distance-500,true,138,22,2,4,44
extend-hours:parks:29379,rider-conditional,true,94,22,2,4,44
extend-hours:parks:29379,normal-operations,true,98,22,2,4,44
extend-hours:parks:29379,optimistic-information,false,not applicable,not applicable,not applicable,not applicable,not applicable
extend-hours:parks:29379,saturday,true,67,27,2,4,52
extend-hours:parks:29383,primary,true,131,16,3,1,16
extend-hours:parks:29383,distance-300,true,275,0,0,0,0
extend-hours:parks:29383,distance-500,true,179,16,3,1,16
extend-hours:parks:29383,rider-conditional,true,128,16,3,1,16
extend-hours:parks:29383,normal-operations,true,131,16,3,1,16
extend-hours:parks:29383,optimistic-information,false,not applicable,not applicable,not applicable,not applicable,not applicable
extend-hours:parks:29383,saturday,true,144,14,3,1,14
extend-hours:parks:29384,primary,true,49,34,4,3,45
extend-hours:parks:29384,distance-300,true,63,20,4,1,20
extend-hours:parks:29384,distance-500,true,48,45,4,6,91
extend-hours:parks:29384,rider-conditional,true,45,34,4,3,45
extend-hours:parks:29384,normal-operations,true,49,34,4,3,45
extend-hours:parks:29384,optimistic-information,false,not applicable,not applicable,not applicable,not applicable,not applicable
extend-hours:parks:29384,saturday,true,60,30,3,3,42
extend-hours:parks:29385,primary,true,310,0,0,0,0
extend-hours:parks:29385,distance-300,true,278,0,0,0,0
extend-hours:parks:29385,distance-500,true,328,0,0,0,0
extend-hours:parks:29385,rider-conditional,true,308,0,0,0,0
extend-hours:parks:29385,normal-operations,true,310,0,0,0,0
extend-hours:parks:29385,optimistic-information,false,not applicable,not applicable,not applicable,not applicable,not applicable
extend-hours:parks:29385,saturday,true,310,0,0,0,0
extend-hours:parks:29388,primary,true,84,25,2,6,37
extend-hours:parks:29388,distance-300,true,193,6,1,1,6
extend-hours:parks:29388,distance-500,true,123,25,2,7,44
extend-hours:parks:29388,rider-conditional,true,80,25,2,6,37
extend-hours:parks:29388,normal-operations,true,84,25,2,6,37
extend-hours:parks:29388,optimistic-information,false,not applicable,not applicable,not applicable,not applicable,not applicable
extend-hours:parks:29388,saturday,true,83,25,2,6,37
extend-hours:parks:29392,primary,true,312,0,0,0,0
extend-hours:parks:29392,distance-300,true,281,0,0,0,0
extend-hours:parks:29392,distance-500,true,330,0,0,0,0
extend-hours:parks:29392,rider-conditional,true,310,0,0,0,0
extend-hours:parks:29392,normal-operations,true,312,0,0,0,0
extend-hours:parks:29392,optimistic-information,false,not applicable,not applicable,not applicable,not applicable,not applicable
extend-hours:parks:29392,saturday,true,312,0,0,0,0
extend-hours:parks:29401,primary,true,192,10,2,3,10
extend-hours:parks:29401,distance-300,true,150,10,2,3,10
extend-hours:parks:29401,distance-500,true,218,12,2,4,16
extend-hours:parks:29401,rider-conditional,true,189,10,2,3,10
extend-hours:parks:29401,normal-operations,true,192,10,2,3,10
extend-hours:parks:29401,optimistic-information,false,not applicable,not applicable,not applicable,not applicable,not applicable
extend-hours:parks:29401,saturday,true,187,11,2,3,11
extend-hours:parks:29404,primary,true,246,5,1,3,7
extend-hours:parks:29404,distance-300,true,200,5,1,2,5
extend-hours:parks:29404,distance-500,true,262,6,1,5,12
extend-hours:parks:29404,rider-conditional,true,243,5,1,3,7
extend-hours:parks:29404,normal-operations,true,246,5,1,3,7
extend-hours:parks:29404,optimistic-information,false,not applicable,not applicable,not applicable,not applicable,not applicable
extend-hours:parks:29404,saturday,true,239,5,1,3,7
extend-hours:parks:29405,primary,true,277,2,1,1,2
extend-hours:parks:29405,distance-300,true,287,0,0,0,0
extend-hours:parks:29405,distance-500,true,305,2,1,1,2
extend-hours:parks:29405,rider-conditional,true,275,2,1,1,2
extend-hours:parks:29405,normal-operations,true,277,2,1,1,2
extend-hours:parks:29405,optimistic-information,false,not applicable,not applicable,not applicable,not applicable,not applicable
extend-hours:parks:29405,saturday,true,260,4,1,1,4
extend-hours:parks:29407,primary,true,316,0,0,0,0
extend-hours:parks:29407,distance-300,true,290,0,0,0,0
extend-hours:parks:29407,distance-500,true,334,0,0,0,0
extend-hours:parks:29407,rider-conditional,true,314,0,0,0,0
extend-hours:parks:29407,normal-operations,true,316,0,0,0,0
extend-hours:parks:29407,optimistic-information,false,not applicable,not applicable,not applicable,not applicable,not applicable
extend-hours:parks:29407,saturday,true,316,0,0,0,0
extend-hours:parks:29408,primary,true,317,0,0,0,0
extend-hours:parks:29408,distance-300,true,291,0,0,0,0
extend-hours:parks:29408,distance-500,true,335,0,0,0,0
extend-hours:parks:29408,rider-conditional,true,315,0,0,0,0
extend-hours:parks:29408,normal-operations,true,317,0,0,0,0
extend-hours:parks:29408,optimistic-information,false,not applicable,not applicable,not applicable,not applicable,not applicable
extend-hours:parks:29408,saturday,true,317,0,0,0,0
extend-hours:parks:29410,primary,true,105,21,2,5,32
extend-hours:parks:29410,distance-300,true,218,4,1,1,4
extend-hours:parks:29410,distance-500,true,72,35,2,8,53
extend-hours:parks:29410,rider-conditional,true,101,21,2,5,32
extend-hours:parks:29410,normal-operations,true,105,21,2,5,32
extend-hours:parks:29410,optimistic-information,false,not applicable,not applicable,not applicable,not applicable,not applicable
extend-hours:parks:29410,saturday,true,123,17,2,5,27
extend-hours:parks:29411,primary,true,319,0,0,0,0
extend-hours:parks:29411,distance-300,true,294,0,0,0,0
extend-hours:parks:29411,distance-500,true,231,11,2,1,11
extend-hours:parks:29411,rider-conditional,true,317,0,0,0,0
extend-hours:parks:29411,normal-operations,true,319,0,0,0,0
extend-hours:parks:29411,optimistic-information,false,not applicable,not applicable,not applicable,not applicable,not applicable
extend-hours:parks:29411,saturday,true,319,0,0,0,0
extend-hours:parks:29415,primary,true,60,29,2,8,53
extend-hours:parks:29415,distance-300,true,121,13,1,2,13
extend-hours:parks:29415,distance-500,true,69,35,3,11,71
extend-hours:parks:29415,rider-conditional,true,56,29,2,8,53
extend-hours:parks:29415,normal-operations,true,60,29,2,8,53
extend-hours:parks:29415,optimistic-information,false,not applicable,not applicable,not applicable,not applicable,not applicable
extend-hours:parks:29415,saturday,true,72,26,2,8,51
extend-hours:parks:29416,primary,true,197,10,1,2,10
extend-hours:parks:29416,distance-300,true,298,0,0,0,0
extend-hours:parks:29416,distance-500,true,236,10,1,4,20
extend-hours:parks:29416,rider-conditional,true,194,10,1,2,10
extend-hours:parks:29416,normal-operations,true,197,10,1,2,10
extend-hours:parks:29416,optimistic-information,false,not applicable,not applicable,not applicable,not applicable,not applicable
extend-hours:parks:29416,saturday,true,196,9,1,2,9
extend-hours:parks:29421,primary,true,104,21,2,8,36
extend-hours:parks:29421,distance-300,true,60,21,2,6,28
extend-hours:parks:29421,distance-500,true,147,21,2,10,49
extend-hours:parks:29421,rider-conditional,true,100,21,2,8,36
extend-hours:parks:29421,normal-operations,true,104,21,2,8,36
extend-hours:parks:29421,optimistic-information,false,not applicable,not applicable,not applicable,not applicable,not applicable
extend-hours:parks:29421,saturday,true,95,22,2,8,38
extend-hours:parks:29443,primary,true,281,16,2,5,18
extend-hours:parks:29443,distance-300,true,237,16,2,5,18
extend-hours:parks:29443,distance-500,true,308,16,2,7,22
extend-hours:parks:29443,rider-conditional,true,279,16,2,5,18
extend-hours:parks:29443,normal-operations,true,281,16,2,5,18
extend-hours:parks:29443,optimistic-information,false,not applicable,not applicable,not applicable,not applicable,not applicable
extend-hours:parks:29443,saturday,true,277,20,3,5,24
extend-hours:parks:29453,primary,true,325,0,0,0,0
extend-hours:parks:29453,distance-300,true,302,0,0,0,0
extend-hours:parks:29453,distance-500,true,139,22,2,4,33
extend-hours:parks:29453,rider-conditional,true,323,0,0,0,0
extend-hours:parks:29453,normal-operations,true,325,0,0,0,0
extend-hours:parks:29453,optimistic-information,false,not applicable,not applicable,not applicable,not applicable,not applicable
extend-hours:parks:29453,saturday,true,325,0,0,0,0
extend-hours:parks:29459,primary,true,206,8,2,2,8
extend-hours:parks:29459,distance-300,true,219,4,1,1,4
extend-hours:parks:29459,distance-500,true,145,21,3,3,21
extend-hours:parks:29459,rider-conditional,true,203,8,2,2,8
extend-hours:parks:29459,normal-operations,true,206,8,2,2,8
extend-hours:parks:29459,optimistic-information,false,not applicable,not applicable,not applicable,not applicable,not applicable
extend-hours:parks:29459,saturday,true,198,8,2,2,8
extend-hours:parks:29462,primary,true,152,14,2,3,14
extend-hours:parks:29462,distance-300,true,134,12,1,2,12
extend-hours:parks:29462,distance-500,true,175,17,2,4,17
extend-hours:parks:29462,rider-conditional,true,150,14,2,3,14
extend-hours:parks:29462,normal-operations,true,152,14,2,3,14
extend-hours:parks:29462,optimistic-information,false,not applicable,not applicable,not applicable,not applicable,not applicable
extend-hours:parks:29462,saturday,true,139,15,2,3,15
extend-hours:parks:29502,primary,true,327,0,0,0,0
extend-hours:parks:29502,distance-300,true,304,0,0,0,0
extend-hours:parks:29502,distance-500,true,223,12,1,2,12
extend-hours:parks:29502,rider-conditional,true,325,0,0,0,0
extend-hours:parks:29502,normal-operations,true,327,0,0,0,0
extend-hours:parks:29502,optimistic-information,false,not applicable,not applicable,not applicable,not applicable,not applicable
extend-hours:parks:29502,saturday,true,327,0,0,0,0
extend-hours:parks:29509,primary,true,329,0,0,0,0
extend-hours:parks:29509,distance-300,true,306,0,0,0,0
extend-hours:parks:29509,distance-500,true,340,0,0,0,0
extend-hours:parks:29509,rider-conditional,true,327,0,0,0,0
extend-hours:parks:29509,normal-operations,true,329,0,0,0,0
extend-hours:parks:29509,optimistic-information,false,not applicable,not applicable,not applicable,not applicable,not applicable
extend-hours:parks:29509,saturday,true,329,0,0,0,0
extend-hours:parks:29511,primary,true,244,5,1,5,12
extend-hours:parks:29511,distance-300,true,201,5,1,2,5
extend-hours:parks:29511,distance-500,true,277,5,1,5,12
extend-hours:parks:29511,rider-conditional,true,241,5,1,5,12
extend-hours:parks:29511,normal-operations,true,244,5,1,5,12
extend-hours:parks:29511,optimistic-information,false,not applicable,not applicable,not applicable,not applicable,not applicable
extend-hours:parks:29511,saturday,true,247,4,1,5,10
extend-hours:parks:29521,primary,true,271,2,1,4,8
extend-hours:parks:29521,distance-300,true,231,2,1,2,4
extend-hours:parks:29521,distance-500,true,289,4,1,5,10
extend-hours:parks:29521,rider-conditional,true,269,2,1,4,8
extend-hours:parks:29521,normal-operations,true,271,2,1,4,8
extend-hours:parks:29521,optimistic-information,false,not applicable,not applicable,not applicable,not applicable,not applicable
extend-hours:parks:29521,saturday,true,270,2,1,4,8
extend-hours:parks:29524,primary,true,199,9,2,6,12
extend-hours:parks:29524,distance-300,true,153,9,2,6,12
extend-hours:parks:29524,distance-500,true,237,9,2,9,16
extend-hours:parks:29524,rider-conditional,true,196,9,2,6,12
extend-hours:parks:29524,normal-operations,true,199,9,2,6,12
extend-hours:parks:29524,optimistic-information,false,not applicable,not applicable,not applicable,not applicable,not applicable
extend-hours:parks:29524,saturday,true,197,8,2,6,12
extend-hours:parks:29527,primary,true,331,0,0,0,0
extend-hours:parks:29527,distance-300,true,308,0,0,0,0
extend-hours:parks:29527,distance-500,true,342,0,0,0,0
extend-hours:parks:29527,rider-conditional,true,329,0,0,0,0
extend-hours:parks:29527,normal-operations,true,331,0,0,0,0
extend-hours:parks:29527,optimistic-information,false,not applicable,not applicable,not applicable,not applicable,not applicable
extend-hours:parks:29527,saturday,true,331,0,0,0,0
extend-hours:parks:29536,primary,true,332,0,0,0,0
extend-hours:parks:29536,distance-300,true,309,0,0,0,0
extend-hours:parks:29536,distance-500,true,274,6,1,1,6
extend-hours:parks:29536,rider-conditional,true,330,0,0,0,0
extend-hours:parks:29536,normal-operations,true,332,0,0,0,0
extend-hours:parks:29536,optimistic-information,false,not applicable,not applicable,not applicable,not applicable,not applicable
extend-hours:parks:29536,saturday,true,332,0,0,0,0
extend-hours:parks:29542,primary,true,333,0,0,0,0
extend-hours:parks:29542,distance-300,true,310,0,0,0,0
extend-hours:parks:29542,distance-500,true,343,0,0,0,0
extend-hours:parks:29542,rider-conditional,true,331,0,0,0,0
extend-hours:parks:29542,normal-operations,true,333,0,0,0,0
extend-hours:parks:29542,optimistic-information,false,not applicable,not applicable,not applicable,not applicable,not applicable
extend-hours:parks:29542,saturday,true,333,0,0,0,0
extend-hours:parks:29547,primary,true,247,5,1,3,6
extend-hours:parks:29547,distance-300,true,167,8,1,2,8
extend-hours:parks:29547,distance-500,true,153,20,2,8,31
extend-hours:parks:29547,rider-conditional,true,244,5,1,3,6
extend-hours:parks:29547,normal-operations,true,247,5,1,3,6
extend-hours:parks:29547,optimistic-information,false,not applicable,not applicable,not applicable,not applicable,not applicable
extend-hours:parks:29547,saturday,true,253,4,1,3,5
extend-hours:parks:29553,primary,true,226,6,2,5,10
extend-hours:parks:29553,distance-300,true,235,2,1,1,2
extend-hours:parks:29553,distance-500,true,238,9,2,7,15
extend-hours:parks:29553,rider-conditional,true,223,6,2,5,10
extend-hours:parks:29553,normal-operations,true,226,6,2,5,10
extend-hours:parks:29553,optimistic-information,false,not applicable,not applicable,not applicable,not applicable,not applicable
extend-hours:parks:29553,saturday,true,218,6,2,5,10
extend-hours:parks:29556,primary,true,36,39,4,10,103
extend-hours:parks:29556,distance-300,true,29,30,3,6,67
extend-hours:parks:29556,distance-500,true,61,40,4,15,140
extend-hours:parks:29556,rider-conditional,true,31,39,4,10,103
extend-hours:parks:29556,normal-operations,true,36,39,4,10,103
extend-hours:parks:29556,optimistic-information,false,not applicable,not applicable,not applicable,not applicable,not applicable
extend-hours:parks:29556,saturday,true,33,39,4,10,101
extend-hours:parks:29566,primary,true,220,7,1,2,7
extend-hours:parks:29566,distance-300,true,317,0,0,0,0
extend-hours:parks:29566,distance-500,true,256,7,1,2,7
extend-hours:parks:29566,rider-conditional,true,217,7,1,2,7
extend-hours:parks:29566,normal-operations,true,220,7,1,2,7
extend-hours:parks:29566,optimistic-information,false,not applicable,not applicable,not applicable,not applicable,not applicable
extend-hours:parks:29566,saturday,true,227,6,1,2,6
extend-hours:parks:29570,primary,true,339,0,0,0,0
extend-hours:parks:29570,distance-300,true,320,0,0,0,0
extend-hours:parks:29570,distance-500,true,346,0,0,0,0
extend-hours:parks:29570,rider-conditional,true,337,0,0,0,0
extend-hours:parks:29570,normal-operations,true,339,0,0,0,0
extend-hours:parks:29570,optimistic-information,false,not applicable,not applicable,not applicable,not applicable,not applicable
extend-hours:parks:29570,saturday,true,339,0,0,0,0
extend-hours:parks:29572,primary,true,257,4,1,4,8
extend-hours:parks:29572,distance-300,true,210,4,1,3,6
extend-hours:parks:29572,distance-500,true,285,4,1,7,16
extend-hours:parks:29572,rider-conditional,true,254,4,1,4,8
extend-hours:parks:29572,normal-operations,true,257,4,1,4,8
extend-hours:parks:29572,optimistic-information,false,not applicable,not applicable,not applicable,not applicable,not applicable
extend-hours:parks:29572,saturday,true,250,4,1,4,8
extend-hours:parks:29578,primary,true,207,8,2,1,8
extend-hours:parks:29578,distance-300,true,327,0,0,0,0
extend-hours:parks:29578,distance-500,true,244,8,2,1,8
extend-hours:parks:29578,rider-conditional,true,204,8,2,1,8
extend-hours:parks:29578,normal-operations,true,207,8,2,1,8
extend-hours:parks:29578,optimistic-information,false,not applicable,not applicable,not applicable,not applicable,not applicable
extend-hours:parks:29578,saturday,true,234,6,1,1,6
extend-hours:parks:29579,primary,true,342,0,0,0,0
extend-hours:parks:29579,distance-300,true,326,0,0,0,0
extend-hours:parks:29579,distance-500,true,348,0,0,0,0
extend-hours:parks:29579,rider-conditional,true,340,0,0,0,0
extend-hours:parks:29579,normal-operations,true,342,0,0,0,0
extend-hours:parks:29579,optimistic-information,false,not applicable,not applicable,not applicable,not applicable,not applicable
extend-hours:parks:29579,saturday,true,342,0,0,0,0
extend-hours:parks:29580,primary,true,343,0,0,0,0
extend-hours:parks:29580,distance-300,true,328,0,0,0,0
extend-hours:parks:29580,distance-500,true,349,0,0,0,0
extend-hours:parks:29580,rider-conditional,true,341,0,0,0,0
extend-hours:parks:29580,normal-operations,true,343,0,0,0,0
extend-hours:parks:29580,optimistic-information,false,not applicable,not applicable,not applicable,not applicable,not applicable
extend-hours:parks:29580,saturday,true,343,0,0,0,0
extend-hours:parks:29581,primary,true,170,13,1,3,19
extend-hours:parks:29581,distance-300,true,329,0,0,0,0
extend-hours:parks:29581,distance-500,true,208,13,1,5,32
extend-hours:parks:29581,rider-conditional,true,168,13,1,3,19
extend-hours:parks:29581,normal-operations,true,170,13,1,3,19
extend-hours:parks:29581,optimistic-information,false,not applicable,not applicable,not applicable,not applicable,not applicable
extend-hours:parks:29581,saturday,true,171,13,1,3,18
extend-hours:parks:29583,primary,true,166,13,2,3,17
extend-hours:parks:29583,distance-300,true,116,13,2,3,17
extend-hours:parks:29583,distance-500,true,203,13,2,4,21
extend-hours:parks:29583,rider-conditional,true,164,13,2,3,17
extend-hours:parks:29583,normal-operations,true,166,13,2,3,17
extend-hours:parks:29583,optimistic-information,false,not applicable,not applicable,not applicable,not applicable,not applicable
extend-hours:parks:29583,saturday,true,141,15,2,3,20
extend-hours:parks:29590,primary,true,109,20,2,7,36
extend-hours:parks:29590,distance-300,true,136,12,1,2,12
extend-hours:parks:29590,distance-500,true,109,26,3,12,57
extend-hours:parks:29590,rider-conditional,true,106,20,2,7,36
extend-hours:parks:29590,normal-operations,true,109,20,2,7,36
extend-hours:parks:29590,optimistic-information,false,not applicable,not applicable,not applicable,not applicable,not applicable
extend-hours:parks:29590,saturday,true,100,20,2,7,41
extend-hours:parks:29596,primary,true,186,11,2,8,22
extend-hours:parks:29596,distance-300,true,156,9,2,3,9
extend-hours:parks:29596,distance-500,true,228,11,2,10,26
extend-hours:parks:29596,rider-conditional,true,184,11,2,8,22
extend-hours:parks:29596,normal-operations,true,186,11,2,8,22
extend-hours:parks:29596,optimistic-information,false,not applicable,not applicable,not applicable,not applicable,not applicable
extend-hours:parks:29596,saturday,true,174,12,2,8,23
extend-hours:parks:29598,primary,true,345,0,0,0,0
extend-hours:parks:29598,distance-300,true,332,0,0,0,0
extend-hours:parks:29598,distance-500,true,234,10,2,2,10
extend-hours:parks:29598,rider-conditional,true,344,0,0,0,0
extend-hours:parks:29598,normal-operations,true,345,0,0,0,0
extend-hours:parks:29598,optimistic-information,false,not applicable,not applicable,not applicable,not applicable,not applicable
extend-hours:parks:29598,saturday,true,345,0,0,0,0
extend-hours:parks:29600,primary,true,217,7,1,3,11
extend-hours:parks:29600,distance-300,true,172,7,1,3,11
extend-hours:parks:29600,distance-500,true,252,7,1,5,18
extend-hours:parks:29600,rider-conditional,true,214,7,1,3,11
extend-hours:parks:29600,normal-operations,true,217,7,1,3,11
extend-hours:parks:29600,optimistic-information,false,not applicable,not applicable,not applicable,not applicable,not applicable
extend-hours:parks:29600,saturday,true,225,6,1,3,10
extend-hours:parks:29606,primary,true,205,8,2,6,12
extend-hours:parks:29606,distance-300,true,216,4,1,2,4
extend-hours:parks:29606,distance-500,true,242,8,2,6,12
extend-hours:parks:29606,rider-conditional,true,202,8,2,6,12
extend-hours:parks:29606,normal-operations,true,205,8,2,6,12
extend-hours:parks:29606,optimistic-information,false,not applicable,not applicable,not applicable,not applicable,not applicable
extend-hours:parks:29606,saturday,true,184,11,2,6,15
extend-hours:parks:29612,primary,true,40,38,5,5,72
extend-hours:parks:29612,distance-300,true,19,35,4,3,52
extend-hours:parks:29612,distance-500,true,26,54,6,11,137
extend-hours:parks:29612,rider-conditional,true,35,38,5,5,72
extend-hours:parks:29612,normal-operations,true,40,38,5,5,72
extend-hours:parks:29612,optimistic-information,false,not applicable,not applicable,not applicable,not applicable,not applicable
extend-hours:parks:29612,saturday,true,30,41,5,5,77
extend-hours:parks:29614,primary,true,348,0,0,0,0
extend-hours:parks:29614,distance-300,true,337,0,0,0,0
extend-hours:parks:29614,distance-500,true,182,16,2,4,16
extend-hours:parks:29614,rider-conditional,true,347,0,0,0,0
extend-hours:parks:29614,normal-operations,true,348,0,0,0,0
extend-hours:parks:29614,optimistic-information,false,not applicable,not applicable,not applicable,not applicable,not applicable
extend-hours:parks:29614,saturday,true,348,0,0,0,0
extend-hours:parks:29616,primary,true,285,2,1,1,2
extend-hours:parks:29616,distance-300,true,339,0,0,0,0
extend-hours:parks:29616,distance-500,true,283,5,1,2,7
extend-hours:parks:29616,rider-conditional,true,283,2,1,1,2
extend-hours:parks:29616,normal-operations,true,285,2,1,1,2
extend-hours:parks:29616,optimistic-information,false,not applicable,not applicable,not applicable,not applicable,not applicable
extend-hours:parks:29616,saturday,true,267,3,1,1,3
extend-hours:parks:29617,primary,true,233,6,1,4,12
extend-hours:parks:29617,distance-300,true,185,6,1,3,9
extend-hours:parks:29617,distance-500,true,267,6,1,4,12
extend-hours:parks:29617,rider-conditional,true,230,6,1,4,12
extend-hours:parks:29617,normal-operations,true,233,6,1,4,12
extend-hours:parks:29617,optimistic-information,false,not applicable,not applicable,not applicable,not applicable,not applicable
extend-hours:parks:29617,saturday,true,209,7,1,4,13
extend-hours:parks:29622,primary,true,350,0,0,0,0
extend-hours:parks:29622,distance-300,true,341,0,0,0,0
extend-hours:parks:29622,distance-500,true,353,0,0,0,0
extend-hours:parks:29622,rider-conditional,true,349,0,0,0,0
extend-hours:parks:29622,normal-operations,true,350,0,0,0,0
extend-hours:parks:29622,optimistic-information,false,not applicable,not applicable,not applicable,not applicable,not applicable
extend-hours:parks:29622,saturday,true,350,0,0,0,0
extend-hours:parks:29628,primary,true,351,0,0,0,0
extend-hours:parks:29628,distance-300,true,343,0,0,0,0
extend-hours:parks:29628,distance-500,true,354,0,0,0,0
extend-hours:parks:29628,rider-conditional,true,350,0,0,0,0
extend-hours:parks:29628,normal-operations,true,351,0,0,0,0
extend-hours:parks:29628,optimistic-information,false,not applicable,not applicable,not applicable,not applicable,not applicable
extend-hours:parks:29628,saturday,true,351,0,0,0,0
extend-hours:parks:29631,primary,true,8,55,5,6,63
extend-hours:parks:29631,distance-300,true,5,55,5,4,55
extend-hours:parks:29631,distance-500,true,24,55,5,7,65
extend-hours:parks:29631,rider-conditional,true,6,55,5,6,63
extend-hours:parks:29631,normal-operations,true,8,55,5,6,63
extend-hours:parks:29631,optimistic-information,false,not applicable,not applicable,not applicable,not applicable,not applicable
extend-hours:parks:29631,saturday,true,15,48,4,6,56
extend-hours:parks:29634,primary,true,234,6,1,4,11
extend-hours:parks:29634,distance-300,true,191,6,1,2,6
extend-hours:parks:29634,distance-500,true,268,6,1,4,11
extend-hours:parks:29634,rider-conditional,true,231,6,1,4,11
extend-hours:parks:29634,normal-operations,true,234,6,1,4,11
extend-hours:parks:29634,optimistic-information,false,not applicable,not applicable,not applicable,not applicable,not applicable
extend-hours:parks:29634,saturday,true,200,8,1,4,13
extend-hours:parks:29638,primary,true,248,5,1,3,8
extend-hours:parks:29638,distance-300,true,203,5,1,2,5
extend-hours:parks:29638,distance-500,true,172,17,2,6,22
extend-hours:parks:29638,rider-conditional,true,245,5,1,3,8
extend-hours:parks:29638,normal-operations,true,248,5,1,3,8
extend-hours:parks:29638,optimistic-information,false,not applicable,not applicable,not applicable,not applicable,not applicable
extend-hours:parks:29638,saturday,true,240,5,1,3,7
extend-hours:parks:29641,primary,true,133,16,2,7,34
extend-hours:parks:29641,distance-300,true,126,12,1,3,18
extend-hours:parks:29641,distance-500,true,180,16,2,9,48
extend-hours:parks:29641,rider-conditional,true,130,16,2,7,34
extend-hours:parks:29641,normal-operations,true,133,16,2,7,34
extend-hours:parks:29641,optimistic-information,false,not applicable,not applicable,not applicable,not applicable,not applicable
extend-hours:parks:29641,saturday,true,120,17,2,7,36
extend-hours:parks:29644,primary,true,47,35,2,7,86
extend-hours:parks:29644,distance-300,true,43,27,1,4,54
extend-hours:parks:29644,distance-500,true,60,41,3,10,112
extend-hours:parks:29644,rider-conditional,true,43,35,2,7,86
extend-hours:parks:29644,normal-operations,true,47,35,2,7,86
extend-hours:parks:29644,optimistic-information,false,not applicable,not applicable,not applicable,not applicable,not applicable
extend-hours:parks:29644,saturday,true,46,34,2,7,80
extend-hours:parks:29655,primary,true,237,6,1,3,8
extend-hours:parks:29655,distance-300,true,239,4,1,2,4
extend-hours:parks:29655,distance-500,true,247,8,1,4,12
extend-hours:parks:29655,rider-conditional,true,234,6,1,3,8
extend-hours:parks:29655,normal-operations,true,237,6,1,3,8
extend-hours:parks:29655,optimistic-information,false,not applicable,not applicable,not applicable,not applicable,not applicable
extend-hours:parks:29655,saturday,true,262,3,1,3,4
extend-hours:parks:29656,primary,true,200,9,1,5,23
extend-hours:parks:29656,distance-300,true,158,9,1,4,18
extend-hours:parks:29656,distance-500,true,239,9,1,7,32
extend-hours:parks:29656,rider-conditional,true,197,9,1,5,23
extend-hours:parks:29656,normal-operations,true,200,9,1,5,23
extend-hours:parks:29656,optimistic-information,false,not applicable,not applicable,not applicable,not applicable,not applicable
extend-hours:parks:29656,saturday,true,194,9,1,5,23
extend-hours:parks:29660,primary,true,239,6,1,2,6
extend-hours:parks:29660,distance-300,true,350,0,0,0,0
extend-hours:parks:29660,distance-500,true,269,6,1,3,9
extend-hours:parks:29660,rider-conditional,true,236,6,1,2,6
extend-hours:parks:29660,normal-operations,true,239,6,1,2,6
extend-hours:parks:29660,optimistic-information,false,not applicable,not applicable,not applicable,not applicable,not applicable
extend-hours:parks:29660,saturday,true,228,6,1,2,6
extend-hours:parks:29661,primary,true,238,6,1,3,9
extend-hours:parks:29661,distance-300,true,225,3,1,2,6
extend-hours:parks:29661,distance-500,true,270,6,1,3,9
extend-hours:parks:29661,rider-conditional,true,235,6,1,3,9
extend-hours:parks:29661,normal-operations,true,238,6,1,3,9
extend-hours:parks:29661,optimistic-information,false,not applicable,not applicable,not applicable,not applicable,not applicable
extend-hours:parks:29661,saturday,true,226,6,1,3,9
extend-hours:parks:29716,primary,true,179,12,1,3,18
extend-hours:parks:29716,distance-300,true,140,12,1,2,12
extend-hours:parks:29716,distance-500,true,222,12,1,4,24
extend-hours:parks:29716,rider-conditional,true,177,12,1,3,18
extend-hours:parks:29716,normal-operations,true,179,12,1,3,18
extend-hours:parks:29716,optimistic-information,false,not applicable,not applicable,not applicable,not applicable,not applicable
extend-hours:parks:29716,saturday,true,153,14,1,3,19
extend-hours:parks:29724,primary,true,227,6,2,5,15
extend-hours:parks:29724,distance-300,true,178,6,2,3,9
extend-hours:parks:29724,distance-500,true,259,6,2,6,18
extend-hours:parks:29724,rider-conditional,true,224,6,2,5,15
extend-hours:parks:29724,normal-operations,true,227,6,2,5,15
extend-hours:parks:29724,optimistic-information,false,not applicable,not applicable,not applicable,not applicable,not applicable
extend-hours:parks:29724,saturday,true,219,6,2,5,15
extend-hours:parks:29728,primary,true,253,5,1,2,5
extend-hours:parks:29728,distance-300,true,229,3,1,1,3
extend-hours:parks:29728,distance-500,true,282,5,1,3,8
extend-hours:parks:29728,rider-conditional,true,250,5,1,2,5
extend-hours:parks:29728,normal-operations,true,253,5,1,2,5
extend-hours:parks:29728,optimistic-information,false,not applicable,not applicable,not applicable,not applicable,not applicable
extend-hours:parks:29728,saturday,true,259,4,1,2,4
extend-hours:parks:29729,primary,true,7,55,6,11,91
extend-hours:parks:29729,distance-300,true,85,17,4,2,17
extend-hours:parks:29729,distance-500,true,23,55,6,14,113
extend-hours:parks:29729,rider-conditional,true,5,55,6,11,91
extend-hours:parks:29729,normal-operations,true,7,55,6,11,91
extend-hours:parks:29729,optimistic-information,false,not applicable,not applicable,not applicable,not applicable,not applicable
extend-hours:parks:29729,saturday,true,6,57,6,11,98
extend-hours:parks:29732,primary,true,358,0,0,0,0
extend-hours:parks:29732,distance-300,true,354,0,0,0,0
extend-hours:parks:29732,distance-500,true,360,0,0,0,0
extend-hours:parks:29732,rider-conditional,true,358,0,0,0,0
extend-hours:parks:29732,normal-operations,true,358,0,0,0,0
extend-hours:parks:29732,optimistic-information,false,not applicable,not applicable,not applicable,not applicable,not applicable
extend-hours:parks:29732,saturday,true,358,0,0,0,0
extend-hours:parks:29740,primary,true,280,2,1,1,2
extend-hours:parks:29740,distance-300,true,356,0,0,0,0
extend-hours:parks:29740,distance-500,true,292,4,1,3,6
extend-hours:parks:29740,rider-conditional,true,278,2,1,1,2
extend-hours:parks:29740,normal-operations,true,280,2,1,1,2
extend-hours:parks:29740,optimistic-information,false,not applicable,not applicable,not applicable,not applicable,not applicable
extend-hours:parks:29740,saturday,true,269,3,1,1,3
extend-hours:parks:29745,primary,true,361,0,0,0,0
extend-hours:parks:29745,distance-300,true,358,0,0,0,0
extend-hours:parks:29745,distance-500,true,307,2,1,1,2
extend-hours:parks:29745,rider-conditional,true,361,0,0,0,0
extend-hours:parks:29745,normal-operations,true,361,0,0,0,0
extend-hours:parks:29745,optimistic-information,false,not applicable,not applicable,not applicable,not applicable,not applicable
extend-hours:parks:29745,saturday,true,361,0,0,0,0
extend-hours:parks:29746,primary,true,362,0,0,0,0
extend-hours:parks:29746,distance-300,true,359,0,0,0,0
extend-hours:parks:29746,distance-500,true,363,0,0,0,0
extend-hours:parks:29746,rider-conditional,true,362,0,0,0,0
extend-hours:parks:29746,normal-operations,true,362,0,0,0,0
extend-hours:parks:29746,optimistic-information,false,not applicable,not applicable,not applicable,not applicable,not applicable
extend-hours:parks:29746,saturday,true,362,0,0,0,0
extend-hours:parks:29751,primary,true,363,0,0,0,0
extend-hours:parks:29751,distance-300,true,360,0,0,0,0
extend-hours:parks:29751,distance-500,true,194,14,1,3,19
extend-hours:parks:29751,rider-conditional,true,363,0,0,0,0
extend-hours:parks:29751,normal-operations,true,363,0,0,0,0
extend-hours:parks:29751,optimistic-information,false,not applicable,not applicable,not applicable,not applicable,not applicable
extend-hours:parks:29751,saturday,true,363,0,0,0,0
extend-hours:parks:29753,primary,true,225,7,1,1,7
extend-hours:parks:29753,distance-300,true,361,0,0,0,0
extend-hours:parks:29753,distance-500,true,186,15,1,7,47
extend-hours:parks:29753,rider-conditional,true,222,7,1,1,7
extend-hours:parks:29753,normal-operations,true,225,7,1,1,7
extend-hours:parks:29753,optimistic-information,false,not applicable,not applicable,not applicable,not applicable,not applicable
extend-hours:parks:29753,saturday,true,236,6,1,1,6
extend-hours:parks:29755,primary,true,143,15,2,4,15
extend-hours:parks:29755,distance-300,true,362,0,0,0,0
extend-hours:parks:29755,distance-500,true,106,27,3,5,27
extend-hours:parks:29755,rider-conditional,true,141,15,2,4,15
extend-hours:parks:29755,normal-operations,true,143,15,2,4,15
extend-hours:parks:29755,optimistic-information,false,not applicable,not applicable,not applicable,not applicable,not applicable
extend-hours:parks:29755,saturday,true,148,14,2,4,14
extend-hours:parks:30891,primary,true,321,0,0,0,0
extend-hours:parks:30891,distance-300,true,296,0,0,0,0
extend-hours:parks:30891,distance-500,true,336,0,0,0,0
extend-hours:parks:30891,rider-conditional,true,319,0,0,0,0
extend-hours:parks:30891,normal-operations,true,321,0,0,0,0
extend-hours:parks:30891,optimistic-information,false,not applicable,not applicable,not applicable,not applicable,not applicable
extend-hours:parks:30891,saturday,true,321,0,0,0,0
extend-hours:parks:30923,primary,true,187,11,2,7,19
extend-hours:parks:30923,distance-300,true,143,11,2,4,11
extend-hours:parks:30923,distance-500,true,227,11,2,11,29
extend-hours:parks:30923,rider-conditional,true,185,11,2,7,19
extend-hours:parks:30923,normal-operations,true,187,11,2,7,19
extend-hours:parks:30923,optimistic-information,false,not applicable,not applicable,not applicable,not applicable,not applicable
extend-hours:parks:30923,saturday,true,146,14,2,7,23
extend-hours:parks:312,primary,true,216,7,1,4,10
extend-hours:parks:312,distance-300,true,315,0,0,0,0
extend-hours:parks:312,distance-500,true,251,7,1,5,11
extend-hours:parks:312,rider-conditional,true,213,7,1,4,10
extend-hours:parks:312,normal-operations,true,216,7,1,4,10
extend-hours:parks:312,optimistic-information,false,not applicable,not applicable,not applicable,not applicable,not applicable
extend-hours:parks:312,saturday,true,224,6,1,3,8
extend-hours:parks:31265,primary,true,288,0,0,0,0
extend-hours:parks:31265,distance-300,true,247,0,0,0,0
extend-hours:parks:31265,distance-500,true,314,0,0,0,0
extend-hours:parks:31265,rider-conditional,true,286,0,0,0,0
extend-hours:parks:31265,normal-operations,true,288,0,0,0,0
extend-hours:parks:31265,optimistic-information,false,not applicable,not applicable,not applicable,not applicable,not applicable
extend-hours:parks:31265,saturday,true,288,0,0,0,0
extend-hours:parks:317,primary,true,6,56,5,13,97
extend-hours:parks:317,distance-300,true,8,49,5,9,66
extend-hours:parks:317,distance-500,true,16,59,5,17,128
extend-hours:parks:317,rider-conditional,true,4,56,5,13,97
extend-hours:parks:317,normal-operations,true,6,56,5,13,97
extend-hours:parks:317,optimistic-information,false,not applicable,not applicable,not applicable,not applicable,not applicable
extend-hours:parks:317,saturday,true,8,53,5,13,93
extend-hours:parks:32743,primary,true,172,13,1,2,13
extend-hours:parks:32743,distance-300,true,321,0,0,0,0
extend-hours:parks:32743,distance-500,true,130,24,2,7,64
extend-hours:parks:32743,rider-conditional,true,170,13,1,2,13
extend-hours:parks:32743,normal-operations,true,172,13,1,2,13
extend-hours:parks:32743,optimistic-information,false,not applicable,not applicable,not applicable,not applicable,not applicable
extend-hours:parks:32743,saturday,true,180,12,1,2,12
extend-hours:parks:32744,primary,true,243,6,1,1,6
extend-hours:parks:32744,distance-300,true,196,6,1,1,6
extend-hours:parks:32744,distance-500,true,163,19,2,4,25
extend-hours:parks:32744,rider-conditional,true,240,6,1,1,6
extend-hours:parks:32744,normal-operations,true,243,6,1,1,6
extend-hours:parks:32744,optimistic-information,false,not applicable,not applicable,not applicable,not applicable,not applicable
extend-hours:parks:32744,saturday,true,217,7,1,1,7
extend-hours:parks:32745,primary,true,360,0,0,0,0
extend-hours:parks:32745,distance-300,true,357,0,0,0,0
extend-hours:parks:32745,distance-500,true,362,0,0,0,0
extend-hours:parks:32745,rider-conditional,true,360,0,0,0,0
extend-hours:parks:32745,normal-operations,true,360,0,0,0,0
extend-hours:parks:32745,optimistic-information,false,not applicable,not applicable,not applicable,not applicable,not applicable
extend-hours:parks:32745,saturday,true,360,0,0,0,0
extend-hours:parks:32862,primary,true,148,14,3,4,17
extend-hours:parks:32862,distance-300,true,190,6,1,2,6
extend-hours:parks:32862,distance-500,true,110,26,3,7,31
extend-hours:parks:32862,rider-conditional,true,146,14,3,4,17
extend-hours:parks:32862,normal-operations,true,148,14,3,4,17
extend-hours:parks:32862,optimistic-information,false,not applicable,not applicable,not applicable,not applicable,not applicable
extend-hours:parks:32862,saturday,true,158,13,3,4,16
extend-hours:parks:32902,primary,true,75,26,1,3,37
extend-hours:parks:32902,distance-300,true,316,0,0,0,0
extend-hours:parks:32902,distance-500,true,31,52,2,6,97
extend-hours:parks:32902,rider-conditional,true,71,26,1,3,37
extend-hours:parks:32902,normal-operations,true,75,26,1,3,37
extend-hours:parks:32902,optimistic-information,false,not applicable,not applicable,not applicable,not applicable,not applicable
extend-hours:parks:32902,saturday,true,68,27,1,3,40
extend-hours:parks:32922,primary,true,50,34,3,7,53
extend-hours:parks:32922,distance-300,true,44,26,2,2,26
extend-hours:parks:32922,distance-500,true,47,45,4,11,82
extend-hours:parks:32922,rider-conditional,true,46,34,3,7,53
extend-hours:parks:32922,normal-operations,true,50,34,3,7,53
extend-hours:parks:32922,optimistic-information,false,not applicable,not applicable,not applicable,not applicable,not applicable
extend-hours:parks:32922,saturday,true,51,32,3,7,50
extend-hours:parks:347,primary,true,167,13,2,2,13
extend-hours:parks:347,distance-300,true,288,0,0,0,0
extend-hours:parks:347,distance-500,true,204,13,2,2,13
extend-hours:parks:347,rider-conditional,true,165,13,2,2,13
extend-hours:parks:347,normal-operations,true,167,13,2,2,13
extend-hours:parks:347,optimistic-information,false,not applicable,not applicable,not applicable,not applicable,not applicable
extend-hours:parks:347,saturday,true,155,14,1,2,14
extend-hours:parks:34992,primary,true,297,0,0,0,0
extend-hours:parks:34992,distance-300,true,261,0,0,0,0
extend-hours:parks:34992,distance-500,true,320,0,0,0,0
extend-hours:parks:34992,rider-conditional,true,295,0,0,0,0
extend-hours:parks:34992,normal-operations,true,297,0,0,0,0
extend-hours:parks:34992,optimistic-information,false,not applicable,not applicable,not applicable,not applicable,not applicable
extend-hours:parks:34992,saturday,true,297,0,0,0,0
extend-hours:parks:34993,primary,true,298,0,0,0,0
extend-hours:parks:34993,distance-300,true,262,0,0,0,0
extend-hours:parks:34993,distance-500,true,321,0,0,0,0
extend-hours:parks:34993,rider-conditional,true,296,0,0,0,0
extend-hours:parks:34993,normal-operations,true,298,0,0,0,0
extend-hours:parks:34993,optimistic-information,false,not applicable,not applicable,not applicable,not applicable,not applicable
extend-hours:parks:34993,saturday,true,298,0,0,0,0
extend-hours:parks:35368,primary,true,328,0,0,0,0
extend-hours:parks:35368,distance-300,true,305,0,0,0,0
extend-hours:parks:35368,distance-500,true,339,0,0,0,0
extend-hours:parks:35368,rider-conditional,true,326,0,0,0,0
extend-hours:parks:35368,normal-operations,true,328,0,0,0,0
extend-hours:parks:35368,optimistic-information,false,not applicable,not applicable,not applicable,not applicable,not applicable
extend-hours:parks:35368,saturday,true,328,0,0,0,0
extend-hours:parks:36323,primary,true,334,0,0,0,0
extend-hours:parks:36323,distance-300,true,312,0,0,0,0
extend-hours:parks:36323,distance-500,true,344,0,0,0,0
extend-hours:parks:36323,rider-conditional,true,332,0,0,0,0
extend-hours:parks:36323,normal-operations,true,334,0,0,0,0
extend-hours:parks:36323,optimistic-information,false,not applicable,not applicable,not applicable,not applicable,not applicable
extend-hours:parks:36323,saturday,true,334,0,0,0,0
extend-hours:parks:36324,primary,true,136,16,2,3,16
extend-hours:parks:36324,distance-300,true,122,13,1,2,13
extend-hours:parks:36324,distance-500,true,157,20,2,6,35
extend-hours:parks:36324,rider-conditional,true,133,16,2,3,16
extend-hours:parks:36324,normal-operations,true,136,16,2,3,16
extend-hours:parks:36324,optimistic-information,false,not applicable,not applicable,not applicable,not applicable,not applicable
extend-hours:parks:36324,saturday,true,140,15,2,3,15
extend-hours:parks:36489,primary,true,198,9,3,1,9
extend-hours:parks:36489,distance-300,true,285,0,0,0,0
extend-hours:parks:36489,distance-500,true,165,18,3,5,36
extend-hours:parks:36489,rider-conditional,true,195,9,3,1,9
extend-hours:parks:36489,normal-operations,true,198,9,3,1,9
extend-hours:parks:36489,optimistic-information,false,not applicable,not applicable,not applicable,not applicable,not applicable
extend-hours:parks:36489,saturday,true,191,9,3,1,9
extend-hours:parks:36492,primary,true,330,0,0,0,0
extend-hours:parks:36492,distance-300,true,307,0,0,0,0
extend-hours:parks:36492,distance-500,true,341,0,0,0,0
extend-hours:parks:36492,rider-conditional,true,328,0,0,0,0
extend-hours:parks:36492,normal-operations,true,330,0,0,0,0
extend-hours:parks:36492,optimistic-information,false,not applicable,not applicable,not applicable,not applicable,not applicable
extend-hours:parks:36492,saturday,true,330,0,0,0,0
extend-hours:parks:36503,primary,true,352,0,0,0,0
extend-hours:parks:36503,distance-300,true,344,0,0,0,0
extend-hours:parks:36503,distance-500,true,355,0,0,0,0
extend-hours:parks:36503,rider-conditional,true,351,0,0,0,0
extend-hours:parks:36503,normal-operations,true,352,0,0,0,0
extend-hours:parks:36503,optimistic-information,false,not applicable,not applicable,not applicable,not applicable,not applicable
extend-hours:parks:36503,saturday,true,352,0,0,0,0
extend-hours:parks:36974,primary,true,263,4,1,2,4
extend-hours:parks:36974,distance-300,true,212,4,1,2,4
extend-hours:parks:36974,distance-500,true,294,4,1,2,4
extend-hours:parks:36974,rider-conditional,true,260,4,1,2,4
extend-hours:parks:36974,normal-operations,true,263,4,1,2,4
extend-hours:parks:36974,optimistic-information,false,not applicable,not applicable,not applicable,not applicable,not applicable
extend-hours:parks:36974,saturday,true,256,4,1,2,4
extend-hours:parks:37104,primary,true,157,14,1,3,27
extend-hours:parks:37104,distance-300,true,107,14,1,2,20
extend-hours:parks:37104,distance-500,true,193,14,1,4,33
extend-hours:parks:37104,rider-conditional,true,155,14,1,3,27
extend-hours:parks:37104,normal-operations,true,157,14,1,3,27
extend-hours:parks:37104,optimistic-information,false,not applicable,not applicable,not applicable,not applicable,not applicable
extend-hours:parks:37104,saturday,true,154,14,1,3,27
extend-hours:parks:37106,primary,true,34,40,6,11,50
extend-hours:parks:37106,distance-300,true,199,5,1,4,10
extend-hours:parks:37106,distance-500,true,10,63,6,18,98
extend-hours:parks:37106,rider-conditional,true,29,40,6,11,50
extend-hours:parks:37106,normal-operations,true,34,40,6,11,50
extend-hours:parks:37106,optimistic-information,false,not applicable,not applicable,not applicable,not applicable,not applicable
extend-hours:parks:37106,saturday,true,34,38,6,11,48
extend-hours:parks:37108,primary,true,282,4,1,3,8
extend-hours:parks:37108,distance-300,true,240,4,1,1,4
extend-hours:parks:37108,distance-500,true,309,4,1,3,8
extend-hours:parks:37108,rider-conditional,true,280,4,1,3,8
extend-hours:parks:37108,normal-operations,true,282,4,1,3,8
extend-hours:parks:37108,optimistic-information,false,not applicable,not applicable,not applicable,not applicable,not applicable
extend-hours:parks:37108,saturday,true,210,7,1,3,14
extend-hours:parks:4,primary,true,171,13,1,2,13
extend-hours:parks:4,distance-300,true,243,0,0,0,0
extend-hours:parks:4,distance-500,true,211,13,1,3,19
extend-hours:parks:4,rider-conditional,true,169,13,1,2,13
extend-hours:parks:4,normal-operations,true,171,13,1,2,13
extend-hours:parks:4,optimistic-information,false,not applicable,not applicable,not applicable,not applicable,not applicable
extend-hours:parks:4,saturday,true,189,11,1,2,11
extend-hours:parks:41663,primary,true,42,38,4,5,44
extend-hours:parks:41663,distance-300,true,363,0,0,0,0
extend-hours:parks:41663,distance-500,true,17,59,5,10,76
extend-hours:parks:41663,rider-conditional,true,37,38,4,5,44
extend-hours:parks:41663,normal-operations,true,42,38,4,5,44
extend-hours:parks:41663,optimistic-information,false,not applicable,not applicable,not applicable,not applicable,not applicable
extend-hours:parks:41663,saturday,true,39,36,4,5,42
extend-hours:parks:45042,primary,true,190,11,1,2,11
extend-hours:parks:45042,distance-300,true,197,6,1,1,6
extend-hours:parks:45042,distance-500,true,233,11,1,2,11
extend-hours:parks:45042,rider-conditional,true,343,0,0,0,0
extend-hours:parks:45042,normal-operations,true,190,11,1,2,11
extend-hours:parks:45042,optimistic-information,false,not applicable,not applicable,not applicable,not applicable,not applicable
extend-hours:parks:45042,saturday,true,182,12,1,2,12
extend-hours:parks:45062,primary,true,3,64,9,7,91
extend-hours:parks:45062,distance-300,true,2,64,9,6,88
extend-hours:parks:45062,distance-500,true,2,110,10,10,158
extend-hours:parks:45062,rider-conditional,true,102,20,4,5,25
extend-hours:parks:45062,normal-operations,true,3,64,9,7,91
extend-hours:parks:45062,optimistic-information,false,not applicable,not applicable,not applicable,not applicable,not applicable
extend-hours:parks:45062,saturday,true,3,61,9,7,87
extend-hours:parks:45442,primary,true,300,0,0,0,0
extend-hours:parks:45442,distance-300,true,264,0,0,0,0
extend-hours:parks:45442,distance-500,true,323,0,0,0,0
extend-hours:parks:45442,rider-conditional,true,298,0,0,0,0
extend-hours:parks:45442,normal-operations,true,300,0,0,0,0
extend-hours:parks:45442,optimistic-information,false,not applicable,not applicable,not applicable,not applicable,not applicable
extend-hours:parks:45442,saturday,true,300,0,0,0,0
extend-hours:parks:45463,primary,true,70,27,3,5,27
extend-hours:parks:45463,distance-300,true,198,6,1,1,6
extend-hours:parks:45463,distance-500,true,78,33,3,7,39
extend-hours:parks:45463,rider-conditional,true,66,27,3,5,27
extend-hours:parks:45463,normal-operations,true,70,27,3,5,27
extend-hours:parks:45463,optimistic-information,false,not applicable,not applicable,not applicable,not applicable,not applicable
extend-hours:parks:45463,saturday,true,62,28,3,5,28
extend-hours:parks:46,primary,true,57,30,3,10,84
extend-hours:parks:46,distance-300,true,28,30,3,8,60
extend-hours:parks:46,distance-500,true,87,30,3,13,102
extend-hours:parks:46,rider-conditional,true,53,30,3,10,84
extend-hours:parks:46,normal-operations,true,57,30,3,10,84
extend-hours:parks:46,optimistic-information,false,not applicable,not applicable,not applicable,not applicable,not applicable
extend-hours:parks:46,saturday,true,40,36,3,10,99
extend-hours:parks:46102,primary,true,252,5,1,2,5
extend-hours:parks:46102,distance-300,true,204,5,1,2,5
extend-hours:parks:46102,distance-500,true,176,17,2,4,17
extend-hours:parks:46102,rider-conditional,true,249,5,1,2,5
extend-hours:parks:46102,normal-operations,true,252,5,1,2,5
extend-hours:parks:46102,optimistic-information,false,not applicable,not applicable,not applicable,not applicable,not applicable
extend-hours:parks:46102,saturday,true,244,5,1,2,5
extend-hours:parks:46103,primary,true,251,5,1,2,5
extend-hours:parks:46103,distance-300,true,349,0,0,0,0
extend-hours:parks:46103,distance-500,true,173,17,2,6,21
extend-hours:parks:46103,rider-conditional,true,248,5,1,2,5
extend-hours:parks:46103,normal-operations,true,251,5,1,2,5
extend-hours:parks:46103,optimistic-information,false,not applicable,not applicable,not applicable,not applicable,not applicable
extend-hours:parks:46103,saturday,true,243,5,1,2,5
extend-hours:parks:46142,primary,true,299,0,0,0,0
extend-hours:parks:46142,distance-300,true,263,0,0,0,0
extend-hours:parks:46142,distance-500,true,322,0,0,0,0
extend-hours:parks:46142,rider-conditional,true,297,0,0,0,0
extend-hours:parks:46142,normal-operations,true,299,0,0,0,0
extend-hours:parks:46142,optimistic-information,false,not applicable,not applicable,not applicable,not applicable,not applicable
extend-hours:parks:46142,saturday,true,299,0,0,0,0
extend-hours:parks:500,primary,true,273,2,1,2,4
extend-hours:parks:500,distance-300,true,232,2,1,2,4
extend-hours:parks:500,distance-500,true,298,3,1,4,9
extend-hours:parks:500,rider-conditional,true,271,2,1,2,4
extend-hours:parks:500,normal-operations,true,273,2,1,2,4
extend-hours:parks:500,optimistic-information,false,not applicable,not applicable,not applicable,not applicable,not applicable
extend-hours:parks:500,saturday,true,272,2,1,2,4
extend-hours:parks:5445,primary,true,270,3,1,1,3
extend-hours:parks:5445,distance-300,true,228,3,1,1,3
extend-hours:parks:5445,distance-500,true,280,5,1,3,8
extend-hours:parks:5445,rider-conditional,true,268,3,1,1,3
extend-hours:parks:5445,normal-operations,true,270,3,1,1,3
extend-hours:parks:5445,optimistic-information,false,not applicable,not applicable,not applicable,not applicable,not applicable
extend-hours:parks:5445,saturday,true,266,3,1,1,3
extend-hours:parks:5459,primary,true,169,13,1,3,19
extend-hours:parks:5459,distance-300,true,119,13,1,3,19
extend-hours:parks:5459,distance-500,true,117,26,2,6,45
extend-hours:parks:5459,rider-conditional,true,167,13,1,3,19
extend-hours:parks:5459,normal-operations,true,169,13,1,3,19
extend-hours:parks:5459,optimistic-information,false,not applicable,not applicable,not applicable,not applicable,not applicable
extend-hours:parks:5459,saturday,true,152,14,1,3,21
extend-hours:parks:57282,primary,true,354,0,0,0,0
extend-hours:parks:57282,distance-300,true,346,0,0,0,0
extend-hours:parks:57282,distance-500,true,205,13,2,1,13
extend-hours:parks:57282,rider-conditional,true,353,0,0,0,0
extend-hours:parks:57282,normal-operations,true,354,0,0,0,0
extend-hours:parks:57282,optimistic-information,false,not applicable,not applicable,not applicable,not applicable,not applicable
extend-hours:parks:57282,saturday,true,354,0,0,0,0
extend-hours:parks:5787,primary,true,309,0,0,0,0
extend-hours:parks:5787,distance-300,true,277,0,0,0,0
extend-hours:parks:5787,distance-500,true,327,0,0,0,0
extend-hours:parks:5787,rider-conditional,true,307,0,0,0,0
extend-hours:parks:5787,normal-operations,true,309,0,0,0,0
extend-hours:parks:5787,optimistic-information,false,not applicable,not applicable,not applicable,not applicable,not applicable
extend-hours:parks:5787,saturday,true,309,0,0,0,0
extend-hours:parks:60142,primary,true,268,3,1,2,6
extend-hours:parks:60142,distance-300,true,224,3,1,2,6
extend-hours:parks:60142,distance-500,true,300,3,1,2,6
extend-hours:parks:60142,rider-conditional,true,266,3,1,2,6
extend-hours:parks:60142,normal-operations,true,268,3,1,2,6
extend-hours:parks:60142,optimistic-information,false,not applicable,not applicable,not applicable,not applicable,not applicable
extend-hours:parks:60142,saturday,true,263,3,1,2,6
extend-hours:parks:6157,primary,true,349,0,0,0,0
extend-hours:parks:6157,distance-300,true,340,0,0,0,0
extend-hours:parks:6157,distance-500,true,352,0,0,0,0
extend-hours:parks:6157,rider-conditional,true,348,0,0,0,0
extend-hours:parks:6157,normal-operations,true,349,0,0,0,0
extend-hours:parks:6157,optimistic-information,false,not applicable,not applicable,not applicable,not applicable,not applicable
extend-hours:parks:6157,saturday,true,349,0,0,0,0
extend-hours:parks:6294,primary,true,139,15,2,9,51
extend-hours:parks:6294,distance-300,true,125,12,1,5,30
extend-hours:parks:6294,distance-500,true,184,15,2,9,51
extend-hours:parks:6294,rider-conditional,true,137,15,2,9,51
extend-hours:parks:6294,normal-operations,true,139,15,2,9,51
extend-hours:parks:6294,optimistic-information,false,not applicable,not applicable,not applicable,not applicable,not applicable
extend-hours:parks:6294,saturday,true,145,14,2,9,50
extend-hours:parks:63,primary,true,80,25,2,9,56
extend-hours:parks:63,distance-300,true,127,12,1,2,12
extend-hours:parks:63,distance-500,true,120,25,2,11,68
extend-hours:parks:63,rider-conditional,true,76,25,2,9,56
extend-hours:parks:63,normal-operations,true,80,25,2,9,56
extend-hours:parks:63,optimistic-information,false,not applicable,not applicable,not applicable,not applicable,not applicable
extend-hours:parks:63,saturday,true,76,25,2,9,55
extend-hours:parks:63202,primary,true,119,19,1,2,19
extend-hours:parks:63202,distance-300,true,161,9,1,1,9
extend-hours:parks:63202,distance-500,true,140,22,1,4,48
extend-hours:parks:63202,rider-conditional,true,116,19,1,2,19
extend-hours:parks:63202,normal-operations,true,119,19,1,2,19
extend-hours:parks:63202,optimistic-information,false,not applicable,not applicable,not applicable,not applicable,not applicable
extend-hours:parks:63202,saturday,true,128,17,1,2,17
extend-hours:parks:66883,primary,true,86,25,2,5,37
extend-hours:parks:66883,distance-300,true,120,13,1,2,13
extend-hours:parks:66883,distance-500,true,125,25,2,6,44
extend-hours:parks:66883,rider-conditional,true,82,25,2,5,37
extend-hours:parks:66883,normal-operations,true,86,25,2,5,37
extend-hours:parks:66883,optimistic-information,false,not applicable,not applicable,not applicable,not applicable,not applicable
extend-hours:parks:66883,saturday,true,86,25,2,5,38
extend-hours:parks:71,primary,true,215,7,1,4,13
extend-hours:parks:71,distance-300,true,170,7,1,4,13
extend-hours:parks:71,distance-500,true,250,7,1,6,19
extend-hours:parks:71,rider-conditional,true,212,7,1,4,13
extend-hours:parks:71,normal-operations,true,215,7,1,4,13
extend-hours:parks:71,optimistic-information,false,not applicable,not applicable,not applicable,not applicable,not applicable
extend-hours:parks:71,saturday,true,205,7,1,4,12
extend-hours:parks:74844,primary,true,204,8,3,4,29
extend-hours:parks:74844,distance-300,true,162,8,3,2,16
extend-hours:parks:74844,distance-500,true,183,15,3,6,39
extend-hours:parks:74844,rider-conditional,true,201,8,3,4,29
extend-hours:parks:74844,normal-operations,true,204,8,3,4,29
extend-hours:parks:74844,optimistic-information,false,not applicable,not applicable,not applicable,not applicable,not applicable
extend-hours:parks:74844,saturday,true,237,5,2,4,17
extend-hours:parks:75662,primary,true,275,2,1,2,4
extend-hours:parks:75662,distance-300,true,347,0,0,0,0
extend-hours:parks:75662,distance-500,true,303,2,1,4,8
extend-hours:parks:75662,rider-conditional,true,273,2,1,2,4
extend-hours:parks:75662,normal-operations,true,275,2,1,2,4
extend-hours:parks:75662,optimistic-information,false,not applicable,not applicable,not applicable,not applicable,not applicable
extend-hours:parks:75662,saturday,true,274,2,1,2,4
extend-hours:parks:75804,primary,true,223,7,1,1,7
extend-hours:parks:75804,distance-300,true,176,7,1,1,7
extend-hours:parks:75804,distance-500,true,258,7,1,1,7
extend-hours:parks:75804,rider-conditional,true,220,7,1,1,7
extend-hours:parks:75804,normal-operations,true,223,7,1,1,7
extend-hours:parks:75804,optimistic-information,false,not applicable,not applicable,not applicable,not applicable,not applicable
extend-hours:parks:75804,saturday,true,231,6,1,1,6
extend-hours:parks:771,primary,true,201,9,1,4,18
extend-hours:parks:771,distance-300,true,160,9,1,2,9
extend-hours:parks:771,distance-500,true,240,9,1,4,18
extend-hours:parks:771,rider-conditional,true,198,9,1,4,18
extend-hours:parks:771,normal-operations,true,201,9,1,4,18
extend-hours:parks:771,optimistic-information,false,not applicable,not applicable,not applicable,not applicable,not applicable
extend-hours:parks:771,saturday,true,195,9,1,4,18
extend-hours:parks:78226,primary,true,254,5,1,1,5
extend-hours:parks:78226,distance-300,true,206,5,1,1,5
extend-hours:parks:78226,distance-500,true,281,5,1,3,9
extend-hours:parks:78226,rider-conditional,true,251,5,1,1,5
extend-hours:parks:78226,normal-operations,true,254,5,1,1,5
extend-hours:parks:78226,optimistic-information,false,not applicable,not applicable,not applicable,not applicable,not applicable
extend-hours:parks:78226,saturday,true,268,3,1,1,3
extend-hours:parks:79226,primary,true,212,7,2,3,7
extend-hours:parks:79226,distance-300,true,311,0,0,0,0
extend-hours:parks:79226,distance-500,true,76,33,4,9,38
extend-hours:parks:79226,rider-conditional,true,209,7,2,3,7
extend-hours:parks:79226,normal-operations,true,212,7,2,3,7
extend-hours:parks:79226,optimistic-information,false,not applicable,not applicable,not applicable,not applicable,not applicable
extend-hours:parks:79226,saturday,true,203,7,2,3,7
extend-hours:parks:79231,primary,true,180,12,1,2,12
extend-hours:parks:79231,distance-300,true,129,12,1,2,12
extend-hours:parks:79231,distance-500,true,18,59,4,8,64
extend-hours:parks:79231,rider-conditional,true,178,12,1,2,12
extend-hours:parks:79231,normal-operations,true,180,12,1,2,12
extend-hours:parks:79231,optimistic-information,false,not applicable,not applicable,not applicable,not applicable,not applicable
extend-hours:parks:79231,saturday,true,178,12,1,2,12
extend-hours:parks:79343,primary,true,240,6,1,1,6
extend-hours:parks:79343,distance-300,true,195,6,1,1,6
extend-hours:parks:79343,distance-500,true,116,26,2,7,44
extend-hours:parks:79343,rider-conditional,true,237,6,1,1,6
extend-hours:parks:79343,normal-operations,true,240,6,1,1,6
extend-hours:parks:79343,optimistic-information,false,not applicable,not applicable,not applicable,not applicable,not applicable
extend-hours:parks:79343,saturday,true,216,7,1,1,7
extend-hours:parks:79344,primary,true,182,12,1,2,12
extend-hours:parks:79344,distance-300,true,194,6,1,1,6
extend-hours:parks:79344,distance-500,true,115,26,2,8,50
extend-hours:parks:79344,rider-conditional,true,180,12,1,2,12
extend-hours:parks:79344,normal-operations,true,182,12,1,2,12
extend-hours:parks:79344,optimistic-information,false,not applicable,not applicable,not applicable,not applicable,not applicable
extend-hours:parks:79344,saturday,true,172,13,1,2,13
extend-hours:parks:79459,primary,true,265,4,1,1,4
extend-hours:parks:79459,distance-300,true,271,0,0,0,0
extend-hours:parks:79459,distance-500,true,296,4,1,1,4
extend-hours:parks:79459,rider-conditional,true,263,4,1,1,4
extend-hours:parks:79459,normal-operations,true,265,4,1,1,4
extend-hours:parks:79459,optimistic-information,false,not applicable,not applicable,not applicable,not applicable,not applicable
extend-hours:parks:79459,saturday,true,230,6,1,1,6
extend-hours:parks:829,primary,true,194,10,2,3,10
extend-hours:parks:829,distance-300,true,189,6,1,2,6
extend-hours:parks:829,distance-500,true,201,13,2,5,16
extend-hours:parks:829,rider-conditional,true,191,10,2,3,10
extend-hours:parks:829,normal-operations,true,194,10,2,3,10
extend-hours:parks:829,optimistic-information,false,not applicable,not applicable,not applicable,not applicable,not applicable
extend-hours:parks:829,saturday,true,188,11,2,3,11
extend-hours:parks:925,primary,true,83,25,2,7,48
extend-hours:parks:925,distance-300,true,48,25,2,5,27
extend-hours:parks:925,distance-500,true,124,25,2,7,48
extend-hours:parks:925,rider-conditional,true,79,25,2,7,48
extend-hours:parks:925,normal-operations,true,83,25,2,7,48
extend-hours:parks:925,optimistic-information,false,not applicable,not applicable,not applicable,not applicable,not applicable
extend-hours:parks:925,saturday,true,127,17,1,4,34
extend-hours:parks:93642,primary,true,353,0,0,0,0
extend-hours:parks:93642,distance-300,true,345,0,0,0,0
extend-hours:parks:93642,distance-500,true,356,0,0,0,0
extend-hours:parks:93642,rider-conditional,true,352,0,0,0,0
extend-hours:parks:93642,normal-operations,true,353,0,0,0,0
extend-hours:parks:93642,optimistic-information,false,not applicable,not applicable,not applicable,not applicable,not applicable
extend-hours:parks:93642,saturday,true,353,0,0,0,0
extend-hours:parks:97106,primary,true,188,11,2,2,11
extend-hours:parks:97106,distance-300,true,144,11,2,2,11
extend-hours:parks:97106,distance-500,true,230,11,2,2,11
extend-hours:parks:97106,rider-conditional,true,186,11,2,2,11
extend-hours:parks:97106,normal-operations,true,188,11,2,2,11
extend-hours:parks:97106,optimistic-information,false,not applicable,not applicable,not applicable,not applicable,not applicable
extend-hours:parks:97106,saturday,true,176,12,2,2,12
extend-hours:parks:971308,primary,true,175,12,1,6,36
extend-hours:parks:971308,distance-300,true,137,12,1,2,12
extend-hours:parks:971308,distance-500,true,220,12,1,6,36
extend-hours:parks:971308,rider-conditional,true,173,12,1,6,36
extend-hours:parks:971308,normal-operations,true,175,12,1,6,36
extend-hours:parks:971308,optimistic-information,false,not applicable,not applicable,not applicable,not applicable,not applicable
extend-hours:parks:971308,saturday,true,177,12,1,6,36
extend-hours:parks:971422,primary,true,291,0,0,0,0
extend-hours:parks:971422,distance-300,true,253,0,0,0,0
extend-hours:parks:971422,distance-500,true,316,0,0,0,0
extend-hours:parks:971422,rider-conditional,true,289,0,0,0,0
extend-hours:parks:971422,normal-operations,true,291,0,0,0,0
extend-hours:parks:971422,optimistic-information,false,not applicable,not applicable,not applicable,not applicable,not applicable
extend-hours:parks:971422,saturday,true,291,0,0,0,0
extend-hours:parks:971579,primary,true,116,20,2,4,28
extend-hours:parks:971579,distance-300,true,105,14,1,2,14
extend-hours:parks:971579,distance-500,true,101,28,2,7,53
extend-hours:parks:971579,rider-conditional,true,113,20,2,4,28
extend-hours:parks:971579,normal-operations,true,116,20,2,4,28
extend-hours:parks:971579,optimistic-information,false,not applicable,not applicable,not applicable,not applicable,not applicable
extend-hours:parks:971579,saturday,true,103,20,2,4,28
extend-hours:parks:988554,primary,true,96,22,3,3,30
extend-hours:parks:988554,distance-300,true,146,10,3,1,10
extend-hours:parks:988554,distance-500,true,126,24,4,7,55
extend-hours:parks:988554,rider-conditional,true,92,22,3,3,30
extend-hours:parks:988554,normal-operations,true,96,22,3,3,30
extend-hours:parks:988554,optimistic-information,false,not applicable,not applicable,not applicable,not applicable,not applicable
extend-hours:parks:988554,saturday,true,71,26,3,3,34
extend-hours:parks:988593,primary,true,124,18,2,3,26
extend-hours:parks:988593,distance-300,true,84,18,2,2,18
extend-hours:parks:988593,distance-500,true,168,18,2,6,51
extend-hours:parks:988593,rider-conditional,true,122,18,2,3,26
extend-hours:parks:988593,normal-operations,true,124,18,2,3,26
extend-hours:parks:988593,optimistic-information,false,not applicable,not applicable,not applicable,not applicable,not applicable
extend-hours:parks:988593,saturday,true,137,15,2,3,22
new-facility-zone:10039,primary,true,381,11,2,12,29
new-facility-zone:10039,distance-300,true,349,10,2,10,24
new-facility-zone:10039,distance-500,true,392,11,2,14,33
new-facility-zone:10039,rider-conditional,true,378,11,2,12,29
new-facility-zone:10039,normal-operations,true,381,11,2,12,29
new-facility-zone:10039,optimistic-information,true,402,7,2,5,12
new-facility-zone:10039,saturday,true,349,13,2,12,35
new-facility-zone:10047,primary,true,378,11,3,17,45
new-facility-zone:10047,distance-300,true,330,11,3,13,36
new-facility-zone:10047,distance-500,true,390,11,3,19,51
new-facility-zone:10047,rider-conditional,true,374,11,3,17,45
new-facility-zone:10047,normal-operations,true,378,11,3,17,45
new-facility-zone:10047,optimistic-information,true,375,11,3,17,45
new-facility-zone:10047,saturday,true,363,12,3,17,48
new-facility-zone:10053,primary,true,322,18,2,7,36
new-facility-zone:10053,distance-300,true,255,18,2,6,30
new-facility-zone:10053,distance-500,true,337,18,2,9,44
new-facility-zone:10053,rider-conditional,true,315,18,2,7,36
new-facility-zone:10053,normal-operations,true,322,18,2,7,36
new-facility-zone:10053,optimistic-information,true,315,18,2,7,36
new-facility-zone:10053,saturday,true,312,18,2,7,37
new-facility-zone:10058,primary,true,209,28,3,7,48
new-facility-zone:10058,distance-300,true,165,25,3,4,32
new-facility-zone:10058,distance-500,true,236,28,3,9,54
new-facility-zone:10058,rider-conditional,true,199,28,3,7,48
new-facility-zone:10058,normal-operations,true,209,28,3,7,48
new-facility-zone:10058,optimistic-information,true,205,28,3,7,48
new-facility-zone:10058,saturday,true,172,31,3,7,60
new-facility-zone:10071,primary,true,376,12,2,5,16
new-facility-zone:10071,distance-300,true,352,10,2,4,14
new-facility-zone:10071,distance-500,true,244,27,3,11,43
new-facility-zone:10071,rider-conditional,true,372,12,2,5,16
new-facility-zone:10071,normal-operations,true,376,12,2,5,16
new-facility-zone:10071,optimistic-information,true,373,12,2,5,16
new-facility-zone:10071,saturday,true,378,11,2,5,13
new-facility-zone:10072,primary,true,205,28,3,11,64
new-facility-zone:10072,distance-300,true,144,27,3,6,34
new-facility-zone:10072,distance-500,true,221,29,3,14,81
new-facility-zone:10072,rider-conditional,true,195,28,3,11,64
new-facility-zone:10072,normal-operations,true,205,28,3,11,64
new-facility-zone:10072,optimistic-information,true,201,28,3,11,64
new-facility-zone:10072,saturday,true,224,25,3,11,55
new-facility-zone:10085,primary,true,347,14,2,12,42
new-facility-zone:10085,distance-300,true,289,14,2,11,38
new-facility-zone:10085,distance-500,true,359,14,2,13,45
new-facility-zone:10085,rider-conditional,true,341,14,2,12,42
new-facility-zone:10085,normal-operations,true,347,14,2,12,42
new-facility-zone:10085,optimistic-information,true,342,14,2,12,42
new-facility-zone:10085,saturday,true,380,10,2,12,29
new-facility-zone:10093,primary,true,385,11,2,10,27
new-facility-zone:10093,distance-300,true,338,11,2,6,15
new-facility-zone:10093,distance-500,true,395,11,2,12,31
new-facility-zone:10093,rider-conditional,true,382,11,2,10,27
new-facility-zone:10093,normal-operations,true,385,11,2,10,27
new-facility-zone:10093,optimistic-information,true,381,11,2,10,27
new-facility-zone:10093,saturday,true,393,9,2,10,22
new-facility-zone:10097,primary,true,278,22,2,14,74
new-facility-zone:10097,distance-300,true,206,21,2,10,51
new-facility-zone:10097,distance-500,true,291,23,2,17,88
new-facility-zone:10097,rider-conditional,true,271,22,2,14,74
new-facility-zone:10097,normal-operations,true,278,22,2,14,74
new-facility-zone:10097,optimistic-information,true,272,22,2,14,74
new-facility-zone:10097,saturday,true,264,22,2,14,77
new-facility-zone:10102,primary,true,65,54,2,8,121
new-facility-zone:10102,distance-300,true,37,52,2,6,97
new-facility-zone:10102,distance-500,true,73,56,2,10,170
new-facility-zone:10102,rider-conditional,true,55,54,2,8,121
new-facility-zone:10102,normal-operations,true,65,54,2,8,121
new-facility-zone:10102,optimistic-information,true,63,54,2,8,121
new-facility-zone:10102,saturday,true,49,56,2,8,127
new-facility-zone:10115,primary,true,103,45,3,11,82
new-facility-zone:10115,distance-300,true,286,15,1,5,33
new-facility-zone:10115,distance-500,true,66,57,3,12,94
new-facility-zone:10115,rider-conditional,true,91,45,3,11,82
new-facility-zone:10115,normal-operations,true,103,45,3,11,82
new-facility-zone:10115,optimistic-information,true,99,45,3,11,82
new-facility-zone:10115,saturday,true,92,44,3,11,81
new-facility-zone:1013,primary,true,132,39,3,12,92
new-facility-zone:1013,distance-300,true,81,38,3,7,59
new-facility-zone:1013,distance-500,true,147,39,3,12,92
new-facility-zone:1013,rider-conditional,true,121,39,3,12,92
new-facility-zone:1013,normal-operations,true,132,39,3,12,92
new-facility-zone:1013,optimistic-information,true,128,39,3,12,92
new-facility-zone:1013,saturday,true,152,32,3,12,81
new-facility-zone:10150,primary,true,317,18,2,11,51
new-facility-zone:10150,distance-300,true,261,17,2,9,39
new-facility-zone:10150,distance-500,true,334,18,2,13,56
new-facility-zone:10150,rider-conditional,true,310,18,2,11,51
new-facility-zone:10150,normal-operations,true,317,18,2,11,51
new-facility-zone:10150,optimistic-information,true,310,18,2,11,51
new-facility-zone:10150,saturday,true,320,17,2,11,49
new-facility-zone:1018,primary,true,134,38,3,8,72
new-facility-zone:1018,distance-300,true,106,32,2,6,54
new-facility-zone:1018,distance-500,true,118,45,3,14,111
new-facility-zone:1018,rider-conditional,true,123,38,3,8,72
new-facility-zone:1018,normal-operations,true,134,38,3,8,72
new-facility-zone:1018,optimistic-information,true,131,38,3,8,72
new-facility-zone:1018,saturday,true,116,39,3,8,72
new-facility-zone:10202,primary,true,413,4,1,3,9
new-facility-zone:10202,distance-300,true,411,3,1,2,6
new-facility-zone:10202,distance-500,true,414,4,1,4,12
new-facility-zone:10202,rider-conditional,true,411,4,1,3,9
new-facility-zone:10202,normal-operations,true,413,4,1,3,9
new-facility-zone:10202,optimistic-information,true,413,4,1,3,9
new-facility-zone:10202,saturday,true,413,3,1,3,9
new-facility-zone:10219,primary,true,336,16,2,9,26
new-facility-zone:10219,distance-300,true,353,10,2,4,12
new-facility-zone:10219,distance-500,true,351,16,2,9,26
new-facility-zone:10219,rider-conditional,true,330,16,2,9,26
new-facility-zone:10219,normal-operations,true,336,16,2,9,26
new-facility-zone:10219,optimistic-information,true,330,16,2,9,26
new-facility-zone:10219,saturday,true,322,17,2,9,27
new-facility-zone:10224,primary,true,409,7,1,4,15
new-facility-zone:10224,distance-300,true,379,7,1,2,9
new-facility-zone:10224,distance-500,true,412,7,1,4,15
new-facility-zone:10224,rider-conditional,true,406,7,1,4,15
new-facility-zone:10224,normal-operations,true,409,7,1,4,15
new-facility-zone:10224,optimistic-information,true,407,7,1,4,15
new-facility-zone:10224,saturday,true,416,4,1,4,8
new-facility-zone:10249,primary,true,301,20,2,12,56
new-facility-zone:10249,distance-300,true,224,20,2,11,50
new-facility-zone:10249,distance-500,true,316,20,2,14,63
new-facility-zone:10249,rider-conditional,true,294,20,2,12,56
new-facility-zone:10249,normal-operations,true,301,20,2,12,56
new-facility-zone:10249,optimistic-information,true,295,20,2,12,56
new-facility-zone:10249,saturday,true,308,18,2,12,50
new-facility-zone:10254,primary,true,189,30,3,8,41
new-facility-zone:10254,distance-300,true,392,6,1,2,6
new-facility-zone:10254,distance-500,true,217,30,3,8,41
new-facility-zone:10254,rider-conditional,true,179,30,3,8,41
new-facility-zone:10254,normal-operations,true,189,30,3,8,41
new-facility-zone:10254,optimistic-information,true,185,30,3,8,41
new-facility-zone:10254,saturday,true,235,24,3,8,34
new-facility-zone:10259,primary,true,417,3,1,6,7
new-facility-zone:10259,distance-300,true,417,3,1,5,6
new-facility-zone:10259,distance-500,true,417,3,1,7,8
new-facility-zone:10259,rider-conditional,true,415,3,1,6,7
new-facility-zone:10259,normal-operations,true,417,3,1,6,7
new-facility-zone:10259,optimistic-information,true,417,3,1,6,7
new-facility-zone:10259,saturday,true,417,3,1,6,7
new-facility-zone:10295,primary,true,399,9,2,9,24
new-facility-zone:10295,distance-300,true,371,7,2,7,19
new-facility-zone:10295,distance-500,true,403,10,2,11,29
new-facility-zone:10295,rider-conditional,true,396,9,2,9,24
new-facility-zone:10295,normal-operations,true,399,9,2,9,24
new-facility-zone:10295,optimistic-information,true,395,9,2,9,24
new-facility-zone:10295,saturday,true,367,12,2,9,29
new-facility-zone:10339,primary,true,366,13,2,12,38
new-facility-zone:10339,distance-300,true,301,13,2,8,27
new-facility-zone:10339,distance-500,true,379,13,2,12,38
new-facility-zone:10339,rider-conditional,true,361,13,2,12,38
new-facility-zone:10339,normal-operations,true,366,13,2,12,38
new-facility-zone:10339,optimistic-information,true,361,13,2,12,38
new-facility-zone:10339,saturday,true,350,13,2,12,38
new-facility-zone:10358,primary,true,50,57,6,12,110
new-facility-zone:10358,distance-300,true,24,57,6,10,92
new-facility-zone:10358,distance-500,true,62,58,6,18,173
new-facility-zone:10358,rider-conditional,true,39,57,6,12,110
new-facility-zone:10358,normal-operations,true,50,57,6,12,110
new-facility-zone:10358,optimistic-information,true,48,57,6,12,110
new-facility-zone:10358,saturday,true,44,57,5,12,113
new-facility-zone:10385,primary,true,256,24,3,6,28
new-facility-zone:10385,distance-300,true,274,16,2,5,20
new-facility-zone:10385,distance-500,true,149,39,3,9,47
new-facility-zone:10385,rider-conditional,true,247,24,3,6,28
new-facility-zone:10385,normal-operations,true,256,24,3,6,28
new-facility-zone:10385,optimistic-information,true,250,24,3,6,28
new-facility-zone:10385,saturday,true,248,23,3,7,25
new-facility-zone:10400,primary,true,249,24,3,10,48
new-facility-zone:10400,distance-300,true,283,15,2,6,34
new-facility-zone:10400,distance-500,true,254,26,3,16,70
new-facility-zone:10400,rider-conditional,true,240,24,3,10,48
new-facility-zone:10400,normal-operations,true,249,24,3,10,48
new-facility-zone:10400,optimistic-information,true,244,24,3,10,48
new-facility-zone:10400,saturday,true,260,22,3,10,47
new-facility-zone:10438,primary,true,42,60,4,13,82
new-facility-zone:10438,distance-300,true,25,56,3,10,64
new-facility-zone:10438,distance-500,true,56,60,4,18,92
new-facility-zone:10438,rider-conditional,true,269,22,3,5,22
new-facility-zone:10438,normal-operations,true,42,60,4,13,82
new-facility-zone:10438,optimistic-information,true,41,60,4,13,82
new-facility-zone:10438,saturday,true,55,54,4,13,72
new-facility-zone:1047,primary,true,329,17,2,7,23
new-facility-zone:1047,distance-300,true,275,16,2,5,19
new-facility-zone:1047,distance-500,true,212,31,2,9,39
new-facility-zone:1047,rider-conditional,true,322,17,2,7,23
new-facility-zone:1047,normal-operations,true,329,17,2,7,23
new-facility-zone:1047,optimistic-information,true,324,17,2,5,20
new-facility-zone:1047,saturday,true,344,14,2,7,24
new-facility-zone:10480,primary,true,143,36,3,12,66
new-facility-zone:10480,distance-300,true,87,36,3,9,54
new-facility-zone:10480,distance-500,true,164,36,3,15,79
new-facility-zone:10480,rider-conditional,true,132,36,3,12,66
new-facility-zone:10480,normal-operations,true,143,36,3,12,66
new-facility-zone:10480,optimistic-information,true,140,36,3,12,66
new-facility-zone:10480,saturday,true,182,29,3,12,47
new-facility-zone:10487,primary,true,369,13,2,10,30
new-facility-zone:10487,distance-300,true,304,13,2,6,18
new-facility-zone:10487,distance-500,true,380,13,2,10,30
new-facility-zone:10487,rider-conditional,true,364,13,2,10,30
new-facility-zone:10487,normal-operations,true,369,13,2,10,30
new-facility-zone:10487,optimistic-information,true,365,13,2,10,30
new-facility-zone:10487,saturday,true,355,13,2,10,31
new-facility-zone:10500,primary,true,342,15,3,8,26
new-facility-zone:10500,distance-300,true,342,11,2,5,14
new-facility-zone:10500,distance-500,true,355,15,3,11,35
new-facility-zone:10500,rider-conditional,true,336,15,3,8,26
new-facility-zone:10500,normal-operations,true,342,15,3,8,26
new-facility-zone:10500,optimistic-information,true,335,15,3,8,26
new-facility-zone:10500,saturday,true,316,17,3,8,29
new-facility-zone:10511,primary,true,186,30,3,11,52
new-facility-zone:10511,distance-300,true,119,30,3,10,50
new-facility-zone:10511,distance-500,true,158,37,4,13,70
new-facility-zone:10511,rider-conditional,true,176,30,3,11,52
new-facility-zone:10511,normal-operations,true,186,30,3,11,52
new-facility-zone:10511,optimistic-information,true,182,30,3,11,52
new-facility-zone:10511,saturday,true,271,21,3,11,41
new-facility-zone:10515,primary,true,29,66,4,13,107
new-facility-zone:10515,distance-300,true,19,66,4,8,75
new-facility-zone:10515,distance-500,true,40,66,4,13,107
new-facility-zone:10515,rider-conditional,true,19,66,4,13,107
new-facility-zone:10515,normal-operations,true,29,66,4,13,107
new-facility-zone:10515,optimistic-information,true,29,66,4,13,107
new-facility-zone:10515,saturday,true,25,66,4,13,108
new-facility-zone:10570,primary,true,55,56,7,10,109
new-facility-zone:10570,distance-300,true,82,37,6,6,77
new-facility-zone:10570,distance-500,true,69,56,7,12,114
new-facility-zone:10570,rider-conditional,true,45,56,7,10,109
new-facility-zone:10570,normal-operations,true,55,56,7,10,109
new-facility-zone:10570,optimistic-information,true,52,56,7,10,109
new-facility-zone:10570,saturday,true,95,43,7,10,90
new-facility-zone:10595,primary,true,153,35,2,9,56
new-facility-zone:10595,distance-300,true,217,21,2,4,24
new-facility-zone:10595,distance-500,true,176,35,2,9,56
new-facility-zone:10595,rider-conditional,true,143,35,2,9,56
new-facility-zone:10595,normal-operations,true,153,35,2,9,56
new-facility-zone:10595,optimistic-information,true,150,35,2,9,56
new-facility-zone:10595,saturday,true,209,27,2,9,47
new-facility-zone:106,primary,true,275,22,3,8,49
new-facility-zone:106,distance-300,true,194,22,3,7,46
new-facility-zone:106,distance-500,true,168,35,5,21,125
new-facility-zone:106,rider-conditional,true,267,22,3,8,49
new-facility-zone:106,normal-operations,true,275,22,3,8,49
new-facility-zone:106,optimistic-information,true,269,22,3,8,49
new-facility-zone:106,saturday,true,340,14,3,8,32
new-facility-zone:10620,primary,true,139,37,3,12,81
new-facility-zone:10620,distance-300,true,88,36,3,7,48
new-facility-zone:10620,distance-500,true,161,37,3,13,87
new-facility-zone:10620,rider-conditional,true,128,37,3,12,81
new-facility-zone:10620,normal-operations,true,139,37,3,12,81
new-facility-zone:10620,optimistic-information,true,136,37,3,12,81
new-facility-zone:10620,saturday,true,166,31,3,12,78
new-facility-zone:10630,primary,true,279,22,2,10,41
new-facility-zone:10630,distance-300,true,282,15,2,7,22
new-facility-zone:10630,distance-500,true,363,14,2,10,28
new-facility-zone:10630,rider-conditional,true,272,22,2,10,41
new-facility-zone:10630,normal-operations,true,279,22,2,10,41
new-facility-zone:10630,optimistic-information,true,273,22,2,10,41
new-facility-zone:10630,saturday,true,238,24,2,10,64
new-facility-zone:10646,primary,true,234,25,4,18,73
new-facility-zone:10646,distance-300,true,219,20,4,12,44
new-facility-zone:10646,distance-500,true,265,25,4,26,94
new-facility-zone:10646,rider-conditional,true,224,25,4,18,73
new-facility-zone:10646,normal-operations,true,234,25,4,18,73
new-facility-zone:10646,optimistic-information,true,229,25,4,18,73
new-facility-zone:10646,saturday,true,220,25,4,18,75
new-facility-zone:1067,primary,true,52,57,3,14,145
new-facility-zone:1067,distance-300,true,65,43,2,11,119
new-facility-zone:1067,distance-500,true,65,57,3,14,145
new-facility-zone:1067,rider-conditional,true,42,57,3,14,145
new-facility-zone:1067,normal-operations,true,52,57,3,14,145
new-facility-zone:1067,optimistic-information,true,54,56,3,12,118
new-facility-zone:1067,saturday,true,53,55,3,14,136
new-facility-zone:1071,primary,true,124,40,3,10,64
new-facility-zone:1071,distance-300,true,136,28,2,7,46
new-facility-zone:1071,distance-500,true,141,40,3,10,64
new-facility-zone:1071,rider-conditional,true,113,40,3,10,64
new-facility-zone:1071,normal-operations,true,124,40,3,10,64
new-facility-zone:1071,optimistic-information,true,120,40,3,10,64
new-facility-zone:1071,saturday,true,121,38,3,10,63
new-facility-zone:1087,primary,true,306,19,4,15,36
new-facility-zone:1087,distance-300,true,334,11,2,7,16
new-facility-zone:1087,distance-500,true,63,58,5,26,102
new-facility-zone:1087,rider-conditional,true,299,19,4,15,36
new-facility-zone:1087,normal-operations,true,306,19,4,15,36
new-facility-zone:1087,optimistic-information,true,300,19,4,15,36
new-facility-zone:1087,saturday,true,282,20,4,15,40
new-facility-zone:1095,primary,true,264,23,3,14,43
new-facility-zone:1095,distance-300,true,350,10,2,10,26
new-facility-zone:1095,distance-500,true,284,23,3,15,49
new-facility-zone:1095,rider-conditional,true,256,23,3,14,43
new-facility-zone:1095,normal-operations,true,264,23,3,14,43
new-facility-zone:1095,optimistic-information,true,257,23,3,14,43
new-facility-zone:1095,saturday,true,223,25,3,14,46
new-facility-zone:11009,primary,true,352,14,2,8,32
new-facility-zone:11009,distance-300,true,305,13,2,6,25
new-facility-zone:11009,distance-500,true,365,14,2,9,38
new-facility-zone:11009,rider-conditional,true,346,14,2,8,32
new-facility-zone:11009,normal-operations,true,352,14,2,8,32
new-facility-zone:11009,optimistic-information,true,347,14,2,8,32
new-facility-zone:11009,saturday,true,343,14,2,8,34
new-facility-zone:11025,primary,true,213,27,4,13,46
new-facility-zone:11025,distance-300,true,367,8,2,9,24
new-facility-zone:11025,distance-500,true,111,45,5,20,70
new-facility-zone:11025,rider-conditional,true,203,27,4,13,46
new-facility-zone:11025,normal-operations,true,213,27,4,13,46
new-facility-zone:11025,optimistic-information,true,208,27,4,13,46
new-facility-zone:11025,saturday,true,221,25,4,13,47
new-facility-zone:11047,primary,true,18,79,10,14,117
new-facility-zone:11047,distance-300,true,13,78,10,12,84
new-facility-zone:11047,distance-500,true,7,93,10,18,146
new-facility-zone:11047,rider-conditional,true,254,23,6,2,33
new-facility-zone:11047,normal-operations,true,18,79,10,14,117
new-facility-zone:11047,optimistic-information,true,18,79,10,14,117
new-facility-zone:11047,saturday,true,8,90,9,13,130
new-facility-zone:11073,primary,true,175,31,3,13,72
new-facility-zone:11073,distance-300,true,169,25,2,6,38
new-facility-zone:11073,distance-500,true,203,31,3,16,90
new-facility-zone:11073,rider-conditional,true,165,31,3,13,72
new-facility-zone:11073,normal-operations,true,175,31,3,13,72
new-facility-zone:11073,optimistic-information,true,171,31,3,13,72
new-facility-zone:11073,saturday,true,164,31,3,13,69
new-facility-zone:1109,primary,true,179,31,3,8,51
new-facility-zone:1109,distance-300,true,174,24,3,6,38
new-facility-zone:1109,distance-500,true,211,31,3,8,51
new-facility-zone:1109,rider-conditional,true,169,31,3,8,51
new-facility-zone:1109,normal-operations,true,179,31,3,8,51
new-facility-zone:1109,optimistic-information,true,175,31,3,8,51
new-facility-zone:1109,saturday,true,148,33,3,8,54
new-facility-zone:1112,primary,true,325,17,2,12,48
new-facility-zone:1112,distance-300,true,270,16,2,9,30
new-facility-zone:1112,distance-500,true,339,17,2,15,54
new-facility-zone:1112,rider-conditional,true,318,17,2,12,48
new-facility-zone:1112,normal-operations,true,325,17,2,12,48
new-facility-zone:1112,optimistic-information,true,319,17,2,12,48
new-facility-zone:1112,saturday,true,309,18,2,12,51
new-facility-zone:11164,primary,true,420,2,1,1,2
new-facility-zone:11164,distance-300,true,420,2,1,1,2
new-facility-zone:11164,distance-500,true,420,2,1,1,2
new-facility-zone:11164,rider-conditional,true,418,2,1,1,2
new-facility-zone:11164,normal-operations,true,420,2,1,1,2
new-facility-zone:11164,optimistic-information,true,420,2,1,1,2
new-facility-zone:11164,saturday,true,420,2,1,1,2
new-facility-zone:11175,primary,true,67,53,4,13,135
new-facility-zone:11175,distance-300,true,46,48,4,8,102
new-facility-zone:11175,distance-500,true,39,66,5,22,204
new-facility-zone:11175,rider-conditional,true,57,53,4,13,135
new-facility-zone:11175,normal-operations,true,67,53,4,13,135
new-facility-zone:11175,optimistic-information,true,65,53,4,13,135
new-facility-zone:11175,saturday,true,70,50,4,13,130
new-facility-zone:1119,primary,true,148,35,5,17,95
new-facility-zone:1119,distance-300,true,192,22,4,7,35
new-facility-zone:1119,distance-500,true,169,35,5,19,106
new-facility-zone:1119,rider-conditional,true,138,35,5,17,95
new-facility-zone:1119,normal-operations,true,148,35,5,17,95
new-facility-zone:1119,optimistic-information,true,145,35,5,17,95
new-facility-zone:1119,saturday,true,181,29,5,17,73
new-facility-zone:11230,primary,true,10,89,8,12,101
new-facility-zone:11230,distance-300,true,6,89,8,11,92
new-facility-zone:11230,distance-500,true,12,89,8,12,101
new-facility-zone:11230,rider-conditional,true,7,89,8,12,101
new-facility-zone:11230,normal-operations,true,10,89,8,12,101
new-facility-zone:11230,optimistic-information,true,10,89,8,12,101
new-facility-zone:11230,saturday,true,13,83,6,10,91
new-facility-zone:1164,primary,true,361,13,3,7,23
new-facility-zone:1164,distance-300,true,298,13,3,7,23
new-facility-zone:1164,distance-500,true,372,13,3,7,23
new-facility-zone:1164,rider-conditional,true,355,13,3,7,23
new-facility-zone:1164,normal-operations,true,361,13,3,7,23
new-facility-zone:1164,optimistic-information,true,357,13,3,7,23
new-facility-zone:1164,saturday,true,372,11,3,7,22
new-facility-zone:1170,primary,true,308,19,3,7,30
new-facility-zone:1170,distance-300,true,235,19,3,5,26
new-facility-zone:1170,distance-500,true,322,19,3,10,46
new-facility-zone:1170,rider-conditional,true,301,19,3,7,30
new-facility-zone:1170,normal-operations,true,308,19,3,7,30
new-facility-zone:1170,optimistic-information,true,302,19,3,7,30
new-facility-zone:1170,saturday,true,317,17,3,7,28
new-facility-zone:1197,primary,true,367,13,2,12,39
new-facility-zone:1197,distance-300,true,303,13,2,7,23
new-facility-zone:1197,distance-500,true,377,13,2,13,41
new-facility-zone:1197,rider-conditional,true,362,13,2,12,39
new-facility-zone:1197,normal-operations,true,367,13,2,12,39
new-facility-zone:1197,optimistic-information,true,362,13,2,12,39
new-facility-zone:1197,saturday,true,351,13,2,12,41
new-facility-zone:1200,primary,true,160,33,5,13,69
new-facility-zone:1200,distance-300,true,97,33,5,10,51
new-facility-zone:1200,distance-500,true,182,33,5,16,87
new-facility-zone:1200,rider-conditional,true,150,33,5,13,69
new-facility-zone:1200,normal-operations,true,160,33,5,13,69
new-facility-zone:1200,optimistic-information,true,268,22,5,5,28
new-facility-zone:1200,saturday,true,149,32,5,13,66
new-facility-zone:1214,primary,true,348,14,2,12,50
new-facility-zone:1214,distance-300,true,290,14,2,10,38
new-facility-zone:1214,distance-500,true,251,26,3,18,74
new-facility-zone:1214,rider-conditional,true,342,14,2,12,50
new-facility-zone:1214,normal-operations,true,348,14,2,12,50
new-facility-zone:1214,optimistic-information,true,343,14,2,12,50
new-facility-zone:1214,saturday,true,352,13,2,12,50
new-facility-zone:1221,primary,true,104,44,6,9,87
new-facility-zone:1221,distance-300,true,152,26,3,5,49
new-facility-zone:1221,distance-500,true,48,62,6,11,108
new-facility-zone:1221,rider-conditional,true,92,44,6,9,87
new-facility-zone:1221,normal-operations,true,104,44,6,9,87
new-facility-zone:1221,optimistic-information,true,100,44,6,9,87
new-facility-zone:1221,saturday,true,129,36,5,9,66
new-facility-zone:1272,primary,true,259,24,2,10,54
new-facility-zone:1272,distance-300,true,175,24,2,8,46
new-facility-zone:1272,distance-500,true,281,24,2,10,54
new-facility-zone:1272,rider-conditional,true,250,24,2,10,54
new-facility-zone:1272,normal-operations,true,259,24,2,10,54
new-facility-zone:1272,optimistic-information,true,253,24,2,10,54
new-facility-zone:1272,saturday,true,266,22,2,10,50
new-facility-zone:1278,primary,true,211,28,3,6,47
new-facility-zone:1278,distance-300,true,218,21,2,2,21
new-facility-zone:1278,distance-500,true,227,29,3,8,67
new-facility-zone:1278,rider-conditional,true,201,28,3,6,47
new-facility-zone:1278,normal-operations,true,211,28,3,6,47
new-facility-zone:1278,optimistic-information,true,207,28,3,6,47
new-facility-zone:1278,saturday,true,236,24,3,6,41
new-facility-zone:1281,primary,true,338,16,2,7,43
new-facility-zone:1281,distance-300,true,273,16,2,7,43
new-facility-zone:1281,distance-500,true,353,16,2,7,43
new-facility-zone:1281,rider-conditional,true,332,16,2,7,43
new-facility-zone:1281,normal-operations,true,338,16,2,7,43
new-facility-zone:1281,optimistic-information,true,332,16,2,7,43
new-facility-zone:1281,saturday,true,313,18,2,7,44
new-facility-zone:1293,primary,true,386,11,2,8,25
new-facility-zone:1293,distance-300,true,339,11,2,6,19
new-facility-zone:1293,distance-500,true,398,11,2,9,27
new-facility-zone:1293,rider-conditional,true,383,11,2,8,25
new-facility-zone:1293,normal-operations,true,386,11,2,8,25
new-facility-zone:1293,optimistic-information,true,382,11,2,8,25
new-facility-zone:1293,saturday,true,375,11,2,8,23
new-facility-zone:1316,primary,true,214,27,4,9,41
new-facility-zone:1316,distance-300,true,354,10,2,4,17
new-facility-zone:1316,distance-500,true,190,32,5,15,73
new-facility-zone:1316,rider-conditional,true,204,27,4,9,41
new-facility-zone:1316,normal-operations,true,214,27,4,9,41
new-facility-zone:1316,optimistic-information,true,209,27,4,9,41
new-facility-zone:1316,saturday,true,202,27,4,9,41
new-facility-zone:1329,primary,true,246,24,5,7,38
new-facility-zone:1329,distance-300,true,365,9,2,2,9
new-facility-zone:1329,distance-500,true,199,31,5,9,49
new-facility-zone:1329,rider-conditional,true,236,24,5,7,38
new-facility-zone:1329,normal-operations,true,246,24,5,7,38
new-facility-zone:1329,optimistic-information,true,241,24,5,7,38
new-facility-zone:1329,saturday,true,219,25,5,7,40
new-facility-zone:1330,primary,true,309,19,3,7,30
new-facility-zone:1330,distance-300,true,345,11,2,3,11
new-facility-zone:1330,distance-500,true,259,26,3,9,44
new-facility-zone:1330,rider-conditional,true,302,19,3,7,30
new-facility-zone:1330,normal-operations,true,309,19,3,7,30
new-facility-zone:1330,optimistic-information,true,303,19,3,7,30
new-facility-zone:1330,saturday,true,327,16,3,7,25
new-facility-zone:1334,primary,true,262,24,2,8,57
new-facility-zone:1334,distance-300,true,267,17,1,3,25
new-facility-zone:1334,distance-500,true,282,24,2,8,57
new-facility-zone:1334,rider-conditional,true,253,24,2,8,57
new-facility-zone:1334,normal-operations,true,262,24,2,8,57
new-facility-zone:1334,optimistic-information,true,255,24,2,8,57
new-facility-zone:1334,saturday,true,291,20,2,8,48
new-facility-zone:1339,primary,true,58,55,6,21,131
new-facility-zone:1339,distance-300,true,95,34,4,12,75
new-facility-zone:1339,distance-500,true,75,55,6,30,180
new-facility-zone:1339,rider-conditional,true,48,55,6,21,131
new-facility-zone:1339,normal-operations,true,58,55,6,21,131
new-facility-zone:1339,optimistic-information,true,56,55,6,21,131
new-facility-zone:1339,saturday,true,43,57,6,21,140
new-facility-zone:1345,primary,true,40,60,5,15,95
new-facility-zone:1345,distance-300,true,45,48,4,10,61
new-facility-zone:1345,distance-500,true,54,60,5,16,100
new-facility-zone:1345,rider-conditional,true,30,60,5,15,95
new-facility-zone:1345,normal-operations,true,40,60,5,15,95
new-facility-zone:1345,optimistic-information,true,39,60,5,15,95
new-facility-zone:1345,saturday,true,35,61,5,15,94
new-facility-zone:13740,primary,true,94,46,3,12,86
new-facility-zone:13740,distance-300,true,51,46,3,8,66
new-facility-zone:13740,distance-500,true,108,46,3,12,86
new-facility-zone:13740,rider-conditional,true,82,46,3,12,86
new-facility-zone:13740,normal-operations,true,94,46,3,12,86
new-facility-zone:13740,optimistic-information,true,90,46,3,12,86
new-facility-zone:13740,saturday,true,104,41,3,12,79
new-facility-zone:13743,primary,true,97,46,3,8,63
new-facility-zone:13743,distance-300,true,52,46,3,5,50
new-facility-zone:13743,distance-500,true,110,46,3,8,63
new-facility-zone:13743,rider-conditional,true,85,46,3,8,63
new-facility-zone:13743,normal-operations,true,97,46,3,8,63
new-facility-zone:13743,optimistic-information,true,93,46,3,8,63
new-facility-zone:13743,saturday,true,122,38,3,8,53
new-facility-zone:13771,primary,true,60,55,5,9,79
new-facility-zone:13771,distance-300,true,29,55,5,7,55
new-facility-zone:13771,distance-500,true,79,55,5,9,79
new-facility-zone:13771,rider-conditional,true,50,55,5,9,79
new-facility-zone:13771,normal-operations,true,60,55,5,9,79
new-facility-zone:13771,optimistic-information,true,58,55,5,9,79
new-facility-zone:13771,saturday,true,69,50,5,9,74
new-facility-zone:13775,primary,true,93,46,4,8,52
new-facility-zone:13775,distance-300,true,50,46,4,6,48
new-facility-zone:13775,distance-500,true,107,46,4,8,52
new-facility-zone:13775,rider-conditional,true,81,46,4,8,52
new-facility-zone:13775,normal-operations,true,93,46,4,8,52
new-facility-zone:13775,optimistic-information,true,89,46,4,8,52
new-facility-zone:13775,saturday,true,126,37,4,8,44
new-facility-zone:13781,primary,true,23,73,7,13,99
new-facility-zone:13781,distance-300,true,34,52,5,5,52
new-facility-zone:13781,distance-500,true,28,73,7,14,106
new-facility-zone:13781,rider-conditional,true,13,73,7,13,99
new-facility-zone:13781,normal-operations,true,23,73,7,13,99
new-facility-zone:13781,optimistic-information,true,23,73,7,13,99
new-facility-zone:13781,saturday,true,24,67,7,13,89
new-facility-zone:1379,primary,true,37,62,5,20,110
new-facility-zone:1379,distance-300,true,262,17,2,8,36
new-facility-zone:1379,distance-500,true,38,67,5,22,127
new-facility-zone:1379,rider-conditional,true,27,62,5,20,110
new-facility-zone:1379,normal-operations,true,37,62,5,20,110
new-facility-zone:1379,optimistic-information,true,36,62,5,20,110
new-facility-zone:1379,saturday,true,39,60,5,20,114
new-facility-zone:13791,primary,true,11,88,8,16,159
new-facility-zone:13791,distance-300,true,7,88,8,13,141
new-facility-zone:13791,distance-500,true,13,88,8,18,167
new-facility-zone:13791,rider-conditional,true,8,88,8,16,159
new-facility-zone:13791,normal-operations,true,11,88,8,16,159
new-facility-zone:13791,optimistic-information,true,11,88,8,16,159
new-facility-zone:13791,saturday,true,9,90,8,16,159
new-facility-zone:13812,primary,true,35,63,5,18,94
new-facility-zone:13812,distance-300,true,80,38,3,10,51
new-facility-zone:13812,distance-500,true,44,63,5,28,142
new-facility-zone:13812,rider-conditional,true,25,63,5,18,94
new-facility-zone:13812,normal-operations,true,35,63,5,18,94
new-facility-zone:13812,optimistic-information,true,44,59,4,16,90
new-facility-zone:13812,saturday,true,34,61,5,18,88
new-facility-zone:13814,primary,true,7,94,7,17,157
new-facility-zone:13814,distance-300,true,10,83,7,13,112
new-facility-zone:13814,distance-500,true,9,93,7,20,172
new-facility-zone:13814,rider-conditional,true,4,94,7,17,157
new-facility-zone:13814,normal-operations,true,7,94,7,17,157
new-facility-zone:13814,optimistic-information,true,7,94,7,17,157
new-facility-zone:13814,saturday,true,7,91,7,17,151
new-facility-zone:13820,primary,true,71,51,4,9,75
new-facility-zone:13820,distance-300,true,76,39,2,5,46
new-facility-zone:13820,distance-500,true,45,63,5,16,132
new-facility-zone:13820,rider-conditional,true,61,51,4,9,75
new-facility-zone:13820,normal-operations,true,71,51,4,9,75
new-facility-zone:13820,optimistic-information,true,103,44,4,6,56
new-facility-zone:13820,saturday,true,57,53,4,9,77
new-facility-zone:13831,primary,true,16,83,7,11,106
new-facility-zone:13831,distance-300,true,14,78,7,9,88
new-facility-zone:13831,distance-500,true,19,83,7,12,110
new-facility-zone:13831,rider-conditional,true,409,4,2,1,4
new-facility-zone:13831,normal-operations,true,16,83,7,11,106
new-facility-zone:13831,optimistic-information,true,16,83,7,11,106
new-facility-zone:13831,saturday,true,17,77,7,11,102
new-facility-zone:13837,primary,true,218,27,3,5,29
new-facility-zone:13837,distance-300,true,190,23,2,2,23
new-facility-zone:13837,distance-500,true,150,39,3,6,41
new-facility-zone:13837,rider-conditional,true,208,27,3,5,29
new-facility-zone:13837,normal-operations,true,218,27,3,5,29
new-facility-zone:13837,optimistic-information,true,214,27,3,5,29
new-facility-zone:13837,saturday,true,237,24,3,5,24
new-facility-zone:13852,primary,true,19,79,4,12,105
new-facility-zone:13852,distance-300,true,21,60,4,7,65
new-facility-zone:13852,distance-500,true,21,83,5,16,145
new-facility-zone:13852,rider-conditional,true,11,79,4,12,105
new-facility-zone:13852,normal-operations,true,19,79,4,12,105
new-facility-zone:13852,optimistic-information,true,19,79,4,12,105
new-facility-zone:13852,saturday,true,20,70,4,12,95
new-facility-zone:13865,primary,true,1,189,21,18,246
new-facility-zone:13865,distance-300,true,1,183,21,15,233
new-facility-zone:13865,distance-500,true,1,189,21,19,248
new-facility-zone:13865,rider-conditional,true,358,13,3,3,13
new-facility-zone:13865,normal-operations,true,1,189,21,18,246
new-facility-zone:13865,optimistic-information,true,1,189,21,18,246
new-facility-zone:13865,saturday,true,1,177,20,16,232
new-facility-zone:1401,primary,true,271,23,3,7,35
new-facility-zone:1401,distance-300,true,327,12,1,2,12
new-facility-zone:1401,distance-500,true,188,33,3,12,64
new-facility-zone:1401,rider-conditional,true,263,23,3,7,35
new-facility-zone:1401,normal-operations,true,271,23,3,7,35
new-facility-zone:1401,optimistic-information,true,264,23,3,7,35
new-facility-zone:1401,saturday,true,262,22,3,7,34
new-facility-zone:1406,primary,true,261,24,2,9,68
new-facility-zone:1406,distance-300,true,176,24,2,8,57
new-facility-zone:1406,distance-500,true,280,24,2,11,86
new-facility-zone:1406,rider-conditional,true,252,24,2,9,68
new-facility-zone:1406,normal-operations,true,261,24,2,9,68
new-facility-zone:1406,optimistic-information,true,254,24,2,9,68
new-facility-zone:1406,saturday,true,268,22,2,9,65
new-facility-zone:14109,primary,true,15,84,8,18,133
new-facility-zone:14109,distance-300,true,11,82,8,15,113
new-facility-zone:14109,distance-500,true,18,84,8,18,133
new-facility-zone:14109,rider-conditional,true,419,0,0,0,0
new-facility-zone:14109,normal-operations,true,15,84,8,18,133
new-facility-zone:14109,optimistic-information,true,15,84,8,18,133
new-facility-zone:14109,saturday,true,23,67,7,16,114
new-facility-zone:1417,primary,true,203,28,3,16,65
new-facility-zone:1417,distance-300,true,269,16,2,10,38
new-facility-zone:1417,distance-500,true,220,29,3,19,76
new-facility-zone:1417,rider-conditional,true,193,28,3,16,65
new-facility-zone:1417,normal-operations,true,203,28,3,16,65
new-facility-zone:1417,optimistic-information,true,199,28,3,16,65
new-facility-zone:1417,saturday,true,174,30,3,16,65
new-facility-zone:1459,primary,true,274,23,2,6,46
new-facility-zone:1459,distance-300,true,188,23,2,5,38
new-facility-zone:1459,distance-500,true,201,31,4,8,63
new-facility-zone:1459,rider-conditional,true,266,23,2,6,46
new-facility-zone:1459,normal-operations,true,274,23,2,6,46
new-facility-zone:1459,optimistic-information,true,267,23,2,6,46
new-facility-zone:1459,saturday,true,269,22,2,6,44
new-facility-zone:149,primary,true,243,25,3,7,51
new-facility-zone:149,distance-300,true,162,25,3,7,51
new-facility-zone:149,distance-500,true,273,25,3,12,86
new-facility-zone:149,rider-conditional,true,233,25,3,7,51
new-facility-zone:149,normal-operations,true,243,25,3,7,51
new-facility-zone:149,optimistic-information,true,238,25,3,7,51
new-facility-zone:149,saturday,true,249,23,3,7,46
new-facility-zone:14945,primary,true,21,74,7,12,109
new-facility-zone:14945,distance-300,true,17,72,7,10,95
new-facility-zone:14945,distance-500,true,26,75,7,16,150
new-facility-zone:14945,rider-conditional,true,420,0,0,0,0
new-facility-zone:14945,normal-operations,true,21,74,7,12,109
new-facility-zone:14945,optimistic-information,true,21,74,7,12,109
new-facility-zone:14945,saturday,true,16,77,7,12,115
new-facility-zone:14948,primary,true,3,121,12,19,178
new-facility-zone:14948,distance-300,true,3,120,12,16,156
new-facility-zone:14948,distance-500,true,4,121,12,19,178
new-facility-zone:14948,rider-conditional,true,377,11,3,1,11
new-facility-zone:14948,normal-operations,true,3,121,12,19,178
new-facility-zone:14948,optimistic-information,true,3,121,12,19,178
new-facility-zone:14948,saturday,true,3,118,12,19,179
new-facility-zone:1507,primary,true,403,8,1,7,26
new-facility-zone:1507,distance-300,true,384,6,1,6,18
new-facility-zone:1507,distance-500,true,408,8,1,9,32
new-facility-zone:1507,rider-conditional,true,400,8,1,7,26
new-facility-zone:1507,normal-operations,true,403,8,1,7,26
new-facility-zone:1507,optimistic-information,true,399,8,1,7,26
new-facility-zone:1507,saturday,true,407,4,1,7,16
new-facility-zone:1593,primary,true,353,14,2,8,21
new-facility-zone:1593,distance-300,true,340,11,2,6,19
new-facility-zone:1593,distance-500,true,366,14,2,9,23
new-facility-zone:1593,rider-conditional,true,347,14,2,8,21
new-facility-zone:1593,normal-operations,true,353,14,2,8,21
new-facility-zone:1593,optimistic-information,true,348,14,2,8,21
new-facility-zone:1593,saturday,true,239,24,2,8,40
new-facility-zone:1601,primary,true,258,24,2,11,38
new-facility-zone:1601,distance-300,true,226,20,2,7,26
new-facility-zone:1601,distance-500,true,279,24,2,15,62
new-facility-zone:1601,rider-conditional,true,249,24,2,11,38
new-facility-zone:1601,normal-operations,true,258,24,2,11,38
new-facility-zone:1601,optimistic-information,true,252,24,2,11,38
new-facility-zone:1601,saturday,true,287,20,2,11,33
new-facility-zone:1607,primary,true,122,40,4,11,82
new-facility-zone:1607,distance-300,true,72,40,4,8,58
new-facility-zone:1607,distance-500,true,139,40,4,13,100
new-facility-zone:1607,rider-conditional,true,111,40,4,11,82
new-facility-zone:1607,normal-operations,true,122,40,4,11,82
new-facility-zone:1607,optimistic-information,true,118,40,4,11,82
new-facility-zone:1607,saturday,true,145,33,3,11,74
new-facility-zone:1608,primary,true,239,25,3,12,51
new-facility-zone:1608,distance-300,true,208,21,2,9,41
new-facility-zone:1608,distance-500,true,252,26,3,17,76
new-facility-zone:1608,rider-conditional,true,229,25,3,12,51
new-facility-zone:1608,normal-operations,true,239,25,3,12,51
new-facility-zone:1608,optimistic-information,true,234,25,3,12,51
new-facility-zone:1608,saturday,true,229,24,3,12,52
new-facility-zone:16083,primary,true,101,45,4,10,63
new-facility-zone:16083,distance-300,true,56,45,4,7,47
new-facility-zone:16083,distance-500,true,117,45,4,11,65
new-facility-zone:16083,rider-conditional,true,89,45,4,10,63
new-facility-zone:16083,normal-operations,true,101,45,4,10,63
new-facility-zone:16083,optimistic-information,true,97,45,4,10,63
new-facility-zone:16083,saturday,true,83,45,4,10,62
new-facility-zone:1629,primary,true,85,47,5,15,88
new-facility-zone:1629,distance-300,true,58,44,5,11,72
new-facility-zone:1629,distance-500,true,98,47,5,16,91
new-facility-zone:1629,rider-conditional,true,73,47,5,15,88
new-facility-zone:1629,normal-operations,true,85,47,5,15,88
new-facility-zone:1629,optimistic-information,true,81,47,5,15,88
new-facility-zone:1629,saturday,true,82,45,5,15,84
new-facility-zone:16296,primary,true,226,26,4,9,44
new-facility-zone:16296,distance-300,true,258,18,2,4,18
new-facility-zone:16296,distance-500,true,192,32,4,12,56
new-facility-zone:16296,rider-conditional,true,216,26,4,9,44
new-facility-zone:16296,normal-operations,true,226,26,4,9,44
new-facility-zone:16296,optimistic-information,true,222,26,4,9,44
new-facility-zone:16296,saturday,true,256,22,4,9,38
new-facility-zone:16315,primary,true,86,47,5,13,101
new-facility-zone:16315,distance-300,true,79,38,4,7,56
new-facility-zone:16315,distance-500,true,99,47,5,16,114
new-facility-zone:16315,rider-conditional,true,74,47,5,13,101
new-facility-zone:16315,normal-operations,true,86,47,5,13,101
new-facility-zone:16315,optimistic-information,true,82,47,5,13,101
new-facility-zone:16315,saturday,true,107,40,4,13,89
new-facility-zone:16323,primary,true,20,77,7,14,104
new-facility-zone:16323,distance-300,true,15,76,7,12,94
new-facility-zone:16323,distance-500,true,25,77,7,15,110
new-facility-zone:16323,rider-conditional,true,328,16,3,2,16
new-facility-zone:16323,normal-operations,true,20,77,7,14,104
new-facility-zone:16323,optimistic-information,true,20,77,7,14,104
new-facility-zone:16323,saturday,true,21,69,6,13,96
new-facility-zone:1634,primary,true,45,59,3,15,129
new-facility-zone:1634,distance-300,true,101,33,2,7,56
new-facility-zone:1634,distance-500,true,57,60,3,16,135
new-facility-zone:1634,rider-conditional,true,34,59,3,15,129
new-facility-zone:1634,normal-operations,true,45,59,3,15,129
new-facility-zone:1634,optimistic-information,true,45,59,3,15,129
new-facility-zone:1634,saturday,true,37,61,3,15,128
new-facility-zone:1646,primary,true,157,34,4,11,54
new-facility-zone:1646,distance-300,true,104,32,3,8,44
new-facility-zone:1646,distance-500,true,179,34,4,12,61
new-facility-zone:1646,rider-conditional,true,147,34,4,11,54
new-facility-zone:1646,normal-operations,true,157,34,4,11,54
new-facility-zone:1646,optimistic-information,true,153,34,4,11,54
new-facility-zone:1646,saturday,true,160,31,4,11,51
new-facility-zone:1659,primary,true,220,27,2,9,59
new-facility-zone:1659,distance-300,true,155,26,2,7,47
new-facility-zone:1659,distance-500,true,247,27,2,10,62
new-facility-zone:1659,rider-conditional,true,210,27,2,9,59
new-facility-zone:1659,normal-operations,true,220,27,2,9,59
new-facility-zone:1659,optimistic-information,true,216,27,2,9,59
new-facility-zone:1659,saturday,true,216,26,2,9,61
new-facility-zone:166,primary,true,341,15,3,12,42
new-facility-zone:166,distance-300,true,321,12,2,7,22
new-facility-zone:166,distance-500,true,354,15,3,16,54
new-facility-zone:166,rider-conditional,true,335,15,3,12,42
new-facility-zone:166,normal-operations,true,341,15,3,12,42
new-facility-zone:166,optimistic-information,true,336,15,3,4,18
new-facility-zone:166,saturday,true,332,15,3,12,43
new-facility-zone:1662,primary,true,127,39,4,11,98
new-facility-zone:1662,distance-300,true,83,37,4,8,67
new-facility-zone:1662,distance-500,true,134,41,5,12,100
new-facility-zone:1662,rider-conditional,true,116,39,4,11,98
new-facility-zone:1662,normal-operations,true,127,39,4,11,98
new-facility-zone:1662,optimistic-information,true,123,39,4,11,98
new-facility-zone:1662,saturday,true,84,45,3,11,108
new-facility-zone:1711,primary,true,146,36,3,11,70
new-facility-zone:1711,distance-300,true,117,31,2,7,50
new-facility-zone:1711,distance-500,true,163,36,3,17,111
new-facility-zone:1711,rider-conditional,true,135,36,3,11,70
new-facility-zone:1711,normal-operations,true,146,36,3,11,70
new-facility-zone:1711,optimistic-information,true,143,36,3,11,70
new-facility-zone:1711,saturday,true,146,33,3,11,66
new-facility-zone:1730,primary,true,158,34,3,13,58
new-facility-zone:1730,distance-300,true,113,31,3,8,37
new-facility-zone:1730,distance-500,true,114,45,4,19,90
new-facility-zone:1730,rider-conditional,true,148,34,3,13,58
new-facility-zone:1730,normal-operations,true,158,34,3,13,58
new-facility-zone:1730,optimistic-information,true,154,34,3,13,58
new-facility-zone:1730,saturday,true,165,31,3,13,57
new-facility-zone:1744,primary,true,316,18,2,14,59
new-facility-zone:1744,distance-300,true,247,18,2,12,50
new-facility-zone:1744,distance-500,true,333,18,2,17,68
new-facility-zone:1744,rider-conditional,true,309,18,2,14,59
new-facility-zone:1744,normal-operations,true,316,18,2,14,59
new-facility-zone:1744,optimistic-information,true,309,18,2,14,59
new-facility-zone:1744,saturday,true,307,18,2,14,58
new-facility-zone:175,primary,true,293,21,2,9,44
new-facility-zone:175,distance-300,true,211,21,2,8,40
new-facility-zone:175,distance-500,true,298,22,2,12,61
new-facility-zone:175,rider-conditional,true,286,21,2,9,44
new-facility-zone:175,normal-operations,true,293,21,2,9,44
new-facility-zone:175,optimistic-information,true,288,21,2,9,44
new-facility-zone:175,saturday,true,278,21,2,9,40
new-facility-zone:17668,primary,true,36,63,4,10,115
new-facility-zone:17668,distance-300,true,73,40,2,5,67
new-facility-zone:17668,distance-500,true,46,63,4,13,145
new-facility-zone:17668,rider-conditional,true,26,63,4,10,115
new-facility-zone:17668,normal-operations,true,36,63,4,10,115
new-facility-zone:17668,optimistic-information,true,35,63,4,10,115
new-facility-zone:17668,saturday,true,26,66,4,10,112
new-facility-zone:1769,primary,true,414,4,1,1,4
new-facility-zone:1769,distance-300,true,406,4,1,1,4
new-facility-zone:1769,distance-500,true,415,4,1,1,4
new-facility-zone:1769,rider-conditional,true,412,4,1,1,4
new-facility-zone:1769,normal-operations,true,414,4,1,1,4
new-facility-zone:1769,optimistic-information,true,414,4,1,1,4
new-facility-zone:1769,saturday,true,412,4,1,1,4
new-facility-zone:1800,primary,true,206,28,3,10,87
new-facility-zone:1800,distance-300,true,189,23,2,5,46
new-facility-zone:1800,distance-500,true,235,28,3,11,97
new-facility-zone:1800,rider-conditional,true,196,28,3,10,87
new-facility-zone:1800,normal-operations,true,206,28,3,10,87
new-facility-zone:1800,optimistic-information,true,202,28,3,10,87
new-facility-zone:1800,saturday,true,168,31,3,10,92
new-facility-zone:1808,primary,true,172,32,3,9,66
new-facility-zone:1808,distance-300,true,116,31,3,5,41
new-facility-zone:1808,distance-500,true,189,33,3,12,90
new-facility-zone:1808,rider-conditional,true,162,32,3,9,66
new-facility-zone:1808,normal-operations,true,172,32,3,9,66
new-facility-zone:1808,optimistic-information,true,167,32,3,9,66
new-facility-zone:1808,saturday,true,185,29,3,9,61
new-facility-zone:18210,primary,true,116,41,4,16,136
new-facility-zone:18210,distance-300,true,78,38,4,10,104
new-facility-zone:18210,distance-500,true,135,41,4,21,164
new-facility-zone:18210,rider-conditional,true,105,41,4,16,136
new-facility-zone:18210,normal-operations,true,116,41,4,16,136
new-facility-zone:18210,optimistic-information,true,113,41,4,16,136
new-facility-zone:18210,saturday,true,110,39,4,16,129
new-facility-zone:18361,primary,true,115,41,5,12,63
new-facility-zone:18361,distance-300,true,316,12,3,5,15
new-facility-zone:18361,distance-500,true,133,41,5,13,65
new-facility-zone:18361,rider-conditional,true,104,41,5,12,63
new-facility-zone:18361,normal-operations,true,115,41,5,12,63
new-facility-zone:18361,optimistic-information,true,112,41,5,12,63
new-facility-zone:18361,saturday,true,133,35,5,11,59
new-facility-zone:18549,primary,true,190,30,3,8,59
new-facility-zone:18549,distance-300,true,260,17,3,4,27
new-facility-zone:18549,distance-500,true,216,30,3,11,67
new-facility-zone:18549,rider-conditional,true,180,30,3,8,59
new-facility-zone:18549,normal-operations,true,190,30,3,8,59
new-facility-zone:18549,optimistic-information,true,186,30,3,8,59
new-facility-zone:18549,saturday,true,240,24,2,8,52
new-facility-zone:1867,primary,true,228,26,3,11,53
new-facility-zone:1867,distance-300,true,284,15,2,5,27
new-facility-zone:1867,distance-500,true,255,26,3,14,68
new-facility-zone:1867,rider-conditional,true,218,26,3,11,53
new-facility-zone:1867,normal-operations,true,228,26,3,11,53
new-facility-zone:1867,optimistic-information,true,223,26,3,11,53
new-facility-zone:1867,saturday,true,213,26,3,11,55
new-facility-zone:1872,primary,true,401,8,2,10,20
new-facility-zone:1872,distance-300,true,398,4,1,6,12
new-facility-zone:1872,distance-500,true,385,12,3,13,28
new-facility-zone:1872,rider-conditional,true,398,8,2,10,20
new-facility-zone:1872,normal-operations,true,401,8,2,10,20
new-facility-zone:1872,optimistic-information,true,397,8,2,10,20
new-facility-zone:1872,saturday,true,396,8,2,10,20
new-facility-zone:18724,primary,true,8,93,10,15,133
new-facility-zone:18724,distance-300,true,9,86,9,10,89
new-facility-zone:18724,distance-500,true,8,93,10,16,154
new-facility-zone:18724,rider-conditional,true,5,93,10,15,133
new-facility-zone:18724,normal-operations,true,8,93,10,15,133
new-facility-zone:18724,optimistic-information,true,8,93,10,15,133
new-facility-zone:18724,saturday,true,11,86,10,15,119
new-facility-zone:18725,primary,true,402,8,1,8,24
new-facility-zone:18725,distance-300,true,385,6,1,5,14
new-facility-zone:18725,distance-500,true,409,8,1,9,26
new-facility-zone:18725,rider-conditional,true,399,8,1,8,24
new-facility-zone:18725,normal-operations,true,402,8,1,8,24
new-facility-zone:18725,optimistic-information,true,398,8,1,8,24
new-facility-zone:18725,saturday,true,399,8,1,8,24
new-facility-zone:18791,primary,true,415,3,1,2,4
new-facility-zone:18791,distance-300,true,414,2,1,1,2
new-facility-zone:18791,distance-500,true,384,13,2,5,14
new-facility-zone:18791,rider-conditional,true,413,3,1,2,4
new-facility-zone:18791,normal-operations,true,415,3,1,2,4
new-facility-zone:18791,optimistic-information,true,415,3,1,2,4
new-facility-zone:18791,saturday,true,414,2,1,2,4
new-facility-zone:18817,primary,true,121,40,4,12,63
new-facility-zone:18817,distance-300,true,328,12,1,2,12
new-facility-zone:18817,distance-500,true,128,42,4,15,82
new-facility-zone:18817,rider-conditional,true,110,40,4,12,63
new-facility-zone:18817,normal-operations,true,121,40,4,12,63
new-facility-zone:18817,optimistic-information,true,129,38,4,9,49
new-facility-zone:18817,saturday,true,111,39,4,12,62
new-facility-zone:18828,primary,true,133,38,3,10,62
new-facility-zone:18828,distance-300,true,177,24,2,7,42
new-facility-zone:18828,distance-500,true,148,39,3,12,73
new-facility-zone:18828,rider-conditional,true,122,38,3,10,62
new-facility-zone:18828,normal-operations,true,133,38,3,10,62
new-facility-zone:18828,optimistic-information,true,130,38,3,10,62
new-facility-zone:18828,saturday,true,105,41,3,10,67
new-facility-zone:18863,primary,true,9,91,9,16,140
new-facility-zone:18863,distance-300,true,5,91,9,14,128
new-facility-zone:18863,distance-500,true,11,91,9,16,140
new-facility-zone:18863,rider-conditional,true,6,91,9,16,140
new-facility-zone:18863,normal-operations,true,9,91,9,16,140
new-facility-zone:18863,optimistic-information,true,9,91,9,16,140
new-facility-zone:18863,saturday,true,10,87,9,16,142
new-facility-zone:18867,primary,true,346,14,3,11,35
new-facility-zone:18867,distance-300,true,319,12,2,8,23
new-facility-zone:18867,distance-500,true,358,14,3,14,42
new-facility-zone:18867,rider-conditional,true,340,14,3,11,35
new-facility-zone:18867,normal-operations,true,346,14,3,11,35
new-facility-zone:18867,optimistic-information,true,340,14,3,11,35
new-facility-zone:18867,saturday,true,381,10,2,11,27
new-facility-zone:1932,primary,true,54,56,7,17,95
new-facility-zone:1932,distance-300,true,27,55,7,15,87
new-facility-zone:1932,distance-500,true,68,56,7,17,95
new-facility-zone:1932,rider-conditional,true,44,56,7,17,95
new-facility-zone:1932,normal-operations,true,54,56,7,17,95
new-facility-zone:1932,optimistic-information,true,51,56,7,17,95
new-facility-zone:1932,saturday,true,59,51,6,17,88
new-facility-zone:1953,primary,true,169,32,3,12,73
new-facility-zone:1953,distance-300,true,114,31,3,7,44
new-facility-zone:1953,distance-500,true,195,32,3,13,79
new-facility-zone:1953,rider-conditional,true,159,32,3,12,73
new-facility-zone:1953,normal-operations,true,169,32,3,12,73
new-facility-zone:1953,optimistic-information,true,165,32,3,12,73
new-facility-zone:1953,saturday,true,204,27,3,12,67
new-facility-zone:1996,primary,true,83,47,6,6,68
new-facility-zone:1996,distance-300,true,47,47,6,5,61
new-facility-zone:1996,distance-500,true,97,47,6,9,100
new-facility-zone:1996,rider-conditional,true,71,47,6,6,68
new-facility-zone:1996,normal-operations,true,83,47,6,6,68
new-facility-zone:1996,optimistic-information,true,79,47,6,6,68
new-facility-zone:1996,saturday,true,108,40,4,6,59
new-facility-zone:2008,primary,true,407,7,1,7,22
new-facility-zone:2008,distance-300,true,373,7,1,6,16
new-facility-zone:2008,distance-500,true,287,23,3,11,43
new-facility-zone:2008,rider-conditional,true,404,7,1,7,22
new-facility-zone:2008,normal-operations,true,407,7,1,7,22
new-facility-zone:2008,optimistic-information,true,405,7,1,7,22
new-facility-zone:2008,saturday,true,405,5,1,7,18
new-facility-zone:202,primary,true,79,49,3,9,100
new-facility-zone:202,distance-300,true,199,22,2,5,50
new-facility-zone:202,distance-500,true,89,50,3,11,111
new-facility-zone:202,rider-conditional,true,68,49,3,9,100
new-facility-zone:202,normal-operations,true,79,49,3,9,100
new-facility-zone:202,optimistic-information,true,75,49,3,9,100
new-facility-zone:202,saturday,true,102,42,3,9,93
new-facility-zone:2028,primary,true,232,26,2,12,72
new-facility-zone:2028,distance-300,true,153,26,2,10,60
new-facility-zone:2028,distance-500,true,262,26,2,14,84
new-facility-zone:2028,rider-conditional,true,222,26,2,12,72
new-facility-zone:2028,normal-operations,true,232,26,2,12,72
new-facility-zone:2028,optimistic-information,true,227,26,2,12,72
new-facility-zone:2028,saturday,true,180,30,2,12,83
new-facility-zone:2086,primary,true,263,23,4,7,31
new-facility-zone:2086,distance-300,true,245,18,3,4,22
new-facility-zone:2086,distance-500,true,183,33,5,11,59
new-facility-zone:2086,rider-conditional,true,255,23,4,7,31
new-facility-zone:2086,normal-operations,true,263,23,4,7,31
new-facility-zone:2086,optimistic-information,true,256,23,4,7,31
new-facility-zone:2086,saturday,true,211,26,4,7,32
new-facility-zone:2106,primary,true,303,20,2,7,46
new-facility-zone:2106,distance-300,true,227,20,2,5,33
new-facility-zone:2106,distance-500,true,320,20,2,7,46
new-facility-zone:2106,rider-conditional,true,296,20,2,7,46
new-facility-zone:2106,normal-operations,true,303,20,2,7,46
new-facility-zone:2106,optimistic-information,true,297,20,2,7,46
new-facility-zone:2106,saturday,true,242,24,2,7,51
new-facility-zone:2138,primary,true,255,24,3,7,45
new-facility-zone:2138,distance-300,true,357,10,2,1,10
new-facility-zone:2138,distance-500,true,277,24,3,7,45
new-facility-zone:2138,rider-conditional,true,246,24,3,7,45
new-facility-zone:2138,normal-operations,true,255,24,3,7,45
new-facility-zone:2138,optimistic-information,true,249,24,3,7,45
new-facility-zone:2138,saturday,true,250,23,3,7,43
new-facility-zone:2146,primary,true,387,11,2,8,22
new-facility-zone:2146,distance-300,true,335,11,2,7,19
new-facility-zone:2146,distance-500,true,396,11,2,10,26
new-facility-zone:2146,rider-conditional,true,384,11,2,8,22
new-facility-zone:2146,normal-operations,true,387,11,2,8,22
new-facility-zone:2146,optimistic-information,true,383,11,2,8,22
new-facility-zone:2146,saturday,true,401,6,2,8,12
new-facility-zone:2204,primary,true,53,56,10,10,89
new-facility-zone:2204,distance-300,true,26,55,10,8,74
new-facility-zone:2204,distance-500,true,67,56,10,13,108
new-facility-zone:2204,rider-conditional,true,43,56,10,10,89
new-facility-zone:2204,normal-operations,true,53,56,10,10,89
new-facility-zone:2204,optimistic-information,true,50,56,10,10,89
new-facility-zone:2204,saturday,true,72,49,9,10,79
new-facility-zone:2247,primary,true,268,23,3,9,37
new-facility-zone:2247,distance-300,true,181,23,3,9,37
new-facility-zone:2247,distance-500,true,286,23,3,12,49
new-facility-zone:2247,rider-conditional,true,260,23,3,9,37
new-facility-zone:2247,normal-operations,true,268,23,3,9,37
new-facility-zone:2247,optimistic-information,true,261,23,3,9,37
new-facility-zone:2247,saturday,true,306,18,3,9,30
new-facility-zone:2248,primary,true,162,33,4,10,81
new-facility-zone:2248,distance-300,true,134,28,4,7,64
new-facility-zone:2248,distance-500,true,184,33,4,14,109
new-facility-zone:2248,rider-conditional,true,152,33,4,10,81
new-facility-zone:2248,normal-operations,true,162,33,4,10,81
new-facility-zone:2248,optimistic-information,true,157,33,4,10,81
new-facility-zone:2248,saturday,true,114,39,4,10,96
new-facility-zone:2249,primary,true,396,9,3,10,23
new-facility-zone:2249,distance-300,true,399,4,1,5,10
new-facility-zone:2249,distance-500,true,266,25,4,14,41
new-facility-zone:2249,rider-conditional,true,393,9,3,10,23
new-facility-zone:2249,normal-operations,true,396,9,3,10,23
new-facility-zone:2249,optimistic-information,true,392,9,3,10,23
new-facility-zone:2249,saturday,true,389,9,3,10,23
new-facility-zone:2276,primary,true,311,19,2,9,40
new-facility-zone:2276,distance-300,true,237,19,2,8,38
new-facility-zone:2276,distance-500,true,327,19,2,11,51
new-facility-zone:2276,rider-conditional,true,304,19,2,9,40
new-facility-zone:2276,normal-operations,true,311,19,2,9,40
new-facility-zone:2276,optimistic-information,true,305,19,2,9,40
new-facility-zone:2276,saturday,true,329,16,2,9,34
new-facility-zone:2278,primary,true,330,17,2,7,31
new-facility-zone:2278,distance-300,true,265,17,2,5,22
new-facility-zone:2278,distance-500,true,344,17,2,7,31
new-facility-zone:2278,rider-conditional,true,323,17,2,7,31
new-facility-zone:2278,normal-operations,true,330,17,2,7,31
new-facility-zone:2278,optimistic-information,true,323,17,2,7,31
new-facility-zone:2278,saturday,true,324,17,2,7,29
new-facility-zone:2338,primary,true,337,16,2,9,36
new-facility-zone:2338,distance-300,true,278,16,2,4,16
new-facility-zone:2338,distance-500,true,350,16,2,10,38
new-facility-zone:2338,rider-conditional,true,331,16,2,9,36
new-facility-zone:2338,normal-operations,true,337,16,2,9,36
new-facility-zone:2338,optimistic-information,true,331,16,2,9,36
new-facility-zone:2338,saturday,true,342,14,2,9,29
new-facility-zone:2375,primary,true,392,11,1,6,23
new-facility-zone:2375,distance-300,true,369,8,1,4,15
new-facility-zone:2375,distance-500,true,401,11,1,7,27
new-facility-zone:2375,rider-conditional,true,389,11,1,6,23
new-facility-zone:2375,normal-operations,true,392,11,1,6,23
new-facility-zone:2375,optimistic-information,true,388,11,1,6,23
new-facility-zone:2375,saturday,true,395,9,1,6,24
new-facility-zone:23768,primary,true,231,26,3,5,38
new-facility-zone:23768,distance-300,true,412,3,1,1,3
new-facility-zone:23768,distance-500,true,261,26,3,5,38
new-facility-zone:23768,rider-conditional,true,221,26,3,5,38
new-facility-zone:23768,normal-operations,true,231,26,3,5,38
new-facility-zone:23768,optimistic-information,true,226,26,3,5,38
new-facility-zone:23768,saturday,true,252,23,3,5,34
new-facility-zone:2382,primary,true,291,21,2,10,54
new-facility-zone:2382,distance-300,true,238,19,2,6,35
new-facility-zone:2382,distance-500,true,309,21,2,12,61
new-facility-zone:2382,rider-conditional,true,284,21,2,10,54
new-facility-zone:2382,normal-operations,true,291,21,2,10,54
new-facility-zone:2382,optimistic-information,true,286,21,2,10,54
new-facility-zone:2382,saturday,true,300,19,2,10,51
new-facility-zone:2395,primary,true,149,35,4,9,80
new-facility-zone:2395,distance-300,true,90,35,4,8,69
new-facility-zone:2395,distance-500,true,172,35,4,9,80
new-facility-zone:2395,rider-conditional,true,139,35,4,9,80
new-facility-zone:2395,normal-operations,true,149,35,4,9,80
new-facility-zone:2395,optimistic-information,true,146,35,4,9,80
new-facility-zone:2395,saturday,true,130,36,4,9,76
new-facility-zone:2397,primary,true,154,34,5,9,72
new-facility-zone:2397,distance-300,true,158,25,4,5,43
new-facility-zone:2397,distance-500,true,177,34,5,12,90
new-facility-zone:2397,rider-conditional,true,144,34,5,9,72
new-facility-zone:2397,normal-operations,true,154,34,5,9,72
new-facility-zone:2397,optimistic-information,true,210,27,4,5,35
new-facility-zone:2397,saturday,true,191,28,4,9,63
new-facility-zone:2427,primary,true,418,3,1,3,3
new-facility-zone:2427,distance-300,true,419,2,1,2,2
new-facility-zone:2427,distance-500,true,418,3,1,3,3
new-facility-zone:2427,rider-conditional,true,416,3,1,3,3
new-facility-zone:2427,normal-operations,true,418,3,1,3,3
new-facility-zone:2427,optimistic-information,true,418,3,1,3,3
new-facility-zone:2427,saturday,true,418,3,1,3,3
new-facility-zone:248,primary,true,270,23,3,8,34
new-facility-zone:248,distance-300,true,185,23,3,7,31
new-facility-zone:248,distance-500,true,289,23,3,9,37
new-facility-zone:248,rider-conditional,true,262,23,3,8,34
new-facility-zone:248,normal-operations,true,270,23,3,8,34
new-facility-zone:248,optimistic-information,true,263,23,3,8,34
new-facility-zone:248,saturday,true,246,23,3,8,35
new-facility-zone:2484,primary,true,140,36,4,13,88
new-facility-zone:2484,distance-300,true,124,29,4,8,52
new-facility-zone:2484,distance-500,true,155,37,4,17,115
new-facility-zone:2484,rider-conditional,true,129,36,4,13,88
new-facility-zone:2484,normal-operations,true,140,36,4,13,88
new-facility-zone:2484,optimistic-information,true,137,36,4,13,88
new-facility-zone:2484,saturday,true,158,31,4,13,74
new-facility-zone:2496,primary,true,371,12,2,14,42
new-facility-zone:2496,distance-300,true,318,12,2,9,26
new-facility-zone:2496,distance-500,true,386,12,2,15,45
new-facility-zone:2496,rider-conditional,true,367,12,2,14,42
new-facility-zone:2496,normal-operations,true,371,12,2,14,42
new-facility-zone:2496,optimistic-information,true,368,12,2,14,42
new-facility-zone:2496,saturday,true,390,9,2,14,32
new-facility-zone:2527,primary,true,173,32,3,7,49
new-facility-zone:2527,distance-300,true,105,32,3,4,32
new-facility-zone:2527,distance-500,true,198,32,3,9,59
new-facility-zone:2527,rider-conditional,true,163,32,3,7,49
new-facility-zone:2527,normal-operations,true,173,32,3,7,49
new-facility-zone:2527,optimistic-information,true,169,32,3,7,49
new-facility-zone:2527,saturday,true,251,23,3,7,38
new-facility-zone:25398,primary,true,161,33,4,11,91
new-facility-zone:25398,distance-300,true,107,31,4,7,63
new-facility-zone:25398,distance-500,true,185,33,4,14,114
new-facility-zone:25398,rider-conditional,true,151,33,4,11,91
new-facility-zone:25398,normal-operations,true,161,33,4,11,91
new-facility-zone:25398,optimistic-information,true,156,33,4,11,91
new-facility-zone:25398,saturday,true,161,31,4,11,92
new-facility-zone:25405,primary,true,138,37,4,9,71
new-facility-zone:25405,distance-300,true,86,36,4,7,55
new-facility-zone:25405,distance-500,true,159,37,4,13,100
new-facility-zone:25405,rider-conditional,true,127,37,4,9,71
new-facility-zone:25405,normal-operations,true,138,37,4,9,71
new-facility-zone:25405,optimistic-information,true,135,37,4,9,71
new-facility-zone:25405,saturday,true,157,32,2,9,64
new-facility-zone:255,primary,true,194,29,3,10,66
new-facility-zone:255,distance-300,true,311,13,1,3,19
new-facility-zone:255,distance-500,true,226,29,3,10,66
new-facility-zone:255,rider-conditional,true,184,29,3,10,66
new-facility-zone:255,normal-operations,true,194,29,3,10,66
new-facility-zone:255,optimistic-information,true,190,29,3,10,66
new-facility-zone:255,saturday,true,230,24,3,10,65
new-facility-zone:2599,primary,true,285,21,3,16,61
new-facility-zone:2599,distance-300,true,203,21,3,8,30
new-facility-zone:2599,distance-500,true,303,21,3,19,71
new-facility-zone:2599,rider-conditional,true,278,21,3,16,61
new-facility-zone:2599,normal-operations,true,285,21,3,16,61
new-facility-zone:2599,optimistic-information,true,280,21,3,16,61
new-facility-zone:2599,saturday,true,257,22,3,16,63
new-facility-zone:2621,primary,true,68,52,5,20,94
new-facility-zone:2621,distance-300,true,39,51,5,12,69
new-facility-zone:2621,distance-500,true,64,57,6,23,101
new-facility-zone:2621,rider-conditional,true,58,52,5,20,94
new-facility-zone:2621,normal-operations,true,68,52,5,20,94
new-facility-zone:2621,optimistic-information,true,66,52,5,20,94
new-facility-zone:2621,saturday,true,60,51,5,20,93
new-facility-zone:2642,primary,true,252,24,3,9,42
new-facility-zone:2642,distance-300,true,221,20,3,7,30
new-facility-zone:2642,distance-500,true,260,26,3,9,40
new-facility-zone:2642,rider-conditional,true,243,24,3,9,42
new-facility-zone:2642,normal-operations,true,252,24,3,9,42
new-facility-zone:2642,optimistic-information,true,247,24,3,9,42
new-facility-zone:2642,saturday,true,170,31,3,9,59
new-facility-zone:2646,primary,true,269,23,3,9,45
new-facility-zone:2646,distance-300,true,204,21,3,5,25
new-facility-zone:2646,distance-500,true,290,23,3,9,45
new-facility-zone:2646,rider-conditional,true,261,23,3,9,45
new-facility-zone:2646,normal-operations,true,269,23,3,9,45
new-facility-zone:2646,optimistic-information,true,262,23,3,9,45
new-facility-zone:2646,saturday,true,290,20,2,9,41
new-facility-zone:2664,primary,true,167,32,3,14,56
new-facility-zone:2664,distance-300,true,102,32,3,10,44
new-facility-zone:2664,distance-500,true,194,32,3,14,56
new-facility-zone:2664,rider-conditional,true,157,32,3,14,56
new-facility-zone:2664,normal-operations,true,167,32,3,14,56
new-facility-zone:2664,optimistic-information,true,163,32,3,14,56
new-facility-zone:2664,saturday,true,175,30,3,14,54
new-facility-zone:2682,primary,true,281,22,2,8,46
new-facility-zone:2682,distance-300,true,198,22,2,7,40
new-facility-zone:2682,distance-500,true,301,22,2,8,46
new-facility-zone:2682,rider-conditional,true,274,22,2,8,46
new-facility-zone:2682,normal-operations,true,281,22,2,8,46
new-facility-zone:2682,optimistic-information,true,275,22,2,8,46
new-facility-zone:2682,saturday,true,279,21,2,8,46
new-facility-zone:2789,primary,true,253,24,3,8,39
new-facility-zone:2789,distance-300,true,266,17,2,4,21
new-facility-zone:2789,distance-500,true,276,24,3,11,53
new-facility-zone:2789,rider-conditional,true,244,24,3,8,39
new-facility-zone:2789,normal-operations,true,253,24,3,8,39
new-facility-zone:2789,optimistic-information,true,248,24,3,8,39
new-facility-zone:2789,saturday,true,297,19,3,8,31
new-facility-zone:28,primary,true,130,39,4,9,58
new-facility-zone:28,distance-300,true,91,35,4,6,37
new-facility-zone:28,distance-500,true,144,39,4,13,72
new-facility-zone:28,rider-conditional,true,119,39,4,9,58
new-facility-zone:28,normal-operations,true,130,39,4,9,58
new-facility-zone:28,optimistic-information,true,126,39,4,9,58
new-facility-zone:28,saturday,true,134,35,4,9,54
new-facility-zone:285,primary,true,221,27,2,7,46
new-facility-zone:285,distance-300,true,146,27,2,6,39
new-facility-zone:285,distance-500,true,248,27,2,7,46
new-facility-zone:285,rider-conditional,true,211,27,2,7,46
new-facility-zone:285,normal-operations,true,221,27,2,7,46
new-facility-zone:285,optimistic-information,true,217,27,2,7,46
new-facility-zone:285,saturday,true,198,28,2,7,49
new-facility-zone:292,primary,true,69,51,5,18,120
new-facility-zone:292,distance-300,true,71,41,5,11,78
new-facility-zone:292,distance-500,true,84,51,5,20,135
new-facility-zone:292,rider-conditional,true,59,51,5,18,120
new-facility-zone:292,normal-operations,true,69,51,5,18,120
new-facility-zone:292,optimistic-information,true,67,51,5,18,120
new-facility-zone:292,saturday,true,91,44,3,17,104
new-facility-zone:306,primary,true,113,42,3,11,112
new-facility-zone:306,distance-300,true,69,42,3,8,81
new-facility-zone:306,distance-500,true,130,42,3,15,152
new-facility-zone:306,rider-conditional,true,102,42,3,11,112
new-facility-zone:306,normal-operations,true,113,42,3,11,112
new-facility-zone:306,optimistic-information,true,110,42,3,11,112
new-facility-zone:306,saturday,true,147,33,3,11,85
new-facility-zone:31495,primary,true,284,22,2,2,22
new-facility-zone:31495,distance-300,true,202,22,2,2,22
new-facility-zone:31495,distance-500,true,293,23,2,3,28
new-facility-zone:31495,rider-conditional,true,277,22,2,2,22
new-facility-zone:31495,normal-operations,true,284,22,2,2,22
new-facility-zone:31495,optimistic-information,true,279,22,2,2,22
new-facility-zone:31495,saturday,true,227,25,2,2,25
new-facility-zone:315,primary,true,49,58,3,5,103
new-facility-zone:315,distance-300,true,41,51,2,4,96
new-facility-zone:315,distance-500,true,49,62,3,7,153
new-facility-zone:315,rider-conditional,true,38,58,3,5,103
new-facility-zone:315,normal-operations,true,49,58,3,5,103
new-facility-zone:315,optimistic-information,true,409,7,1,1,7
new-facility-zone:315,saturday,true,38,61,3,5,108
new-facility-zone:320,primary,true,295,21,2,6,37
new-facility-zone:320,distance-300,true,231,20,2,3,20
new-facility-zone:320,distance-500,true,302,22,2,8,49
new-facility-zone:320,rider-conditional,true,288,21,2,6,37
new-facility-zone:320,normal-operations,true,295,21,2,6,37
new-facility-zone:320,optimistic-information,true,290,21,2,6,37
new-facility-zone:320,saturday,true,304,19,2,6,35
new-facility-zone:324,primary,true,215,27,3,12,74
new-facility-zone:324,distance-300,true,148,26,3,11,71
new-facility-zone:324,distance-500,true,242,27,3,14,82
new-facility-zone:324,rider-conditional,true,205,27,3,12,74
new-facility-zone:324,normal-operations,true,215,27,3,12,74
new-facility-zone:324,optimistic-information,true,211,27,3,12,74
new-facility-zone:324,saturday,true,272,21,3,11,60
new-facility-zone:341,primary,true,290,21,2,11,53
new-facility-zone:341,distance-300,true,212,21,2,7,35
new-facility-zone:341,distance-500,true,296,22,2,13,66
new-facility-zone:341,rider-conditional,true,283,21,2,11,53
new-facility-zone:341,normal-operations,true,290,21,2,11,53
new-facility-zone:341,optimistic-information,true,285,21,2,11,53
new-facility-zone:341,saturday,true,277,21,2,11,51
new-facility-zone:353,primary,true,334,16,3,6,22
new-facility-zone:353,distance-300,true,403,4,1,3,6
new-facility-zone:353,distance-500,true,222,29,3,13,47
new-facility-zone:353,rider-conditional,true,327,16,3,6,22
new-facility-zone:353,normal-operations,true,334,16,3,6,22
new-facility-zone:353,optimistic-information,true,328,16,3,6,22
new-facility-zone:353,saturday,true,335,15,3,6,21
new-facility-zone:36112,primary,true,323,17,3,7,23
new-facility-zone:36112,distance-300,true,322,12,2,5,14
new-facility-zone:36112,distance-500,true,331,18,3,9,34
new-facility-zone:36112,rider-conditional,true,316,17,3,7,23
new-facility-zone:36112,normal-operations,true,323,17,3,7,23
new-facility-zone:36112,optimistic-information,true,317,17,3,7,23
new-facility-zone:36112,saturday,true,318,17,3,7,22
new-facility-zone:3648,primary,true,240,25,3,11,54
new-facility-zone:3648,distance-300,true,252,18,2,7,30
new-facility-zone:3648,distance-500,true,271,25,3,14,69
new-facility-zone:3648,rider-conditional,true,230,25,3,11,54
new-facility-zone:3648,normal-operations,true,240,25,3,11,54
new-facility-zone:3648,optimistic-information,true,235,25,3,11,54
new-facility-zone:3648,saturday,true,225,25,3,11,52
new-facility-zone:3658,primary,true,47,58,4,6,70
new-facility-zone:3658,distance-300,true,229,20,2,4,32
new-facility-zone:3658,distance-500,true,23,82,4,8,100
new-facility-zone:3658,rider-conditional,true,36,58,4,6,70
new-facility-zone:3658,normal-operations,true,47,58,4,6,70
new-facility-zone:3658,optimistic-information,true,408,7,1,3,19
new-facility-zone:3658,saturday,true,41,58,4,6,72
new-facility-zone:3666,primary,true,357,14,2,5,31
new-facility-zone:3666,distance-300,true,395,5,2,3,12
new-facility-zone:3666,distance-500,true,368,14,2,6,38
new-facility-zone:3666,rider-conditional,true,351,14,2,5,31
new-facility-zone:3666,normal-operations,true,357,14,2,5,31
new-facility-zone:3666,optimistic-information,true,352,14,2,5,31
new-facility-zone:3666,saturday,true,360,13,2,5,30
new-facility-zone:3734,primary,true,5,108,9,16,214
new-facility-zone:3734,distance-300,true,16,75,7,9,115
new-facility-zone:3734,distance-500,true,5,108,9,17,239
new-facility-zone:3734,rider-conditional,true,2,108,9,16,214
new-facility-zone:3734,normal-operations,true,5,108,9,16,214
new-facility-zone:3734,optimistic-information,true,5,104,9,14,178
new-facility-zone:3734,saturday,true,6,99,8,15,211
new-facility-zone:3788,primary,true,277,22,3,5,26
new-facility-zone:3788,distance-300,true,205,21,3,3,21
new-facility-zone:3788,distance-500,true,181,34,3,6,38
new-facility-zone:3788,rider-conditional,true,270,22,3,5,26
new-facility-zone:3788,normal-operations,true,277,22,3,5,26
new-facility-zone:3788,optimistic-information,true,271,22,3,5,26
new-facility-zone:3788,saturday,true,298,19,3,5,23
new-facility-zone:379,primary,true,112,42,4,9,87
new-facility-zone:379,distance-300,true,151,26,3,6,51
new-facility-zone:379,distance-500,true,129,42,4,11,91
new-facility-zone:379,rider-conditional,true,101,42,4,9,87
new-facility-zone:379,normal-operations,true,112,42,4,9,87
new-facility-zone:379,optimistic-information,true,109,42,4,9,87
new-facility-zone:379,saturday,true,100,42,4,9,89
new-facility-zone:3850,primary,true,6,99,14,16,188
new-facility-zone:3850,distance-300,true,4,96,14,13,96
new-facility-zone:3850,distance-500,true,6,99,14,16,188
new-facility-zone:3850,rider-conditional,true,3,99,14,16,188
new-facility-zone:3850,normal-operations,true,6,99,14,16,188
new-facility-zone:3850,optimistic-information,true,6,99,14,16,188
new-facility-zone:3850,saturday,true,4,100,15,16,194
new-facility-zone:3884,primary,true,72,51,4,6,60
new-facility-zone:3884,distance-300,true,40,51,4,5,56
new-facility-zone:3884,distance-500,true,86,51,4,8,73
new-facility-zone:3884,rider-conditional,true,62,51,4,6,60
new-facility-zone:3884,normal-operations,true,72,51,4,6,60
new-facility-zone:3884,optimistic-information,true,69,51,4,6,60
new-facility-zone:3884,saturday,true,101,42,4,6,50
new-facility-zone:3930,primary,true,82,48,4,10,69
new-facility-zone:3930,distance-300,true,312,13,1,3,17
new-facility-zone:3930,distance-500,true,95,48,4,11,75
new-facility-zone:3930,rider-conditional,true,70,48,4,10,69
new-facility-zone:3930,normal-operations,true,82,48,4,10,69
new-facility-zone:3930,optimistic-information,true,161,33,3,6,44
new-facility-zone:3930,saturday,true,58,52,4,10,76
new-facility-zone:39376,primary,true,283,22,2,7,44
new-facility-zone:39376,distance-300,true,279,16,2,3,16
new-facility-zone:39376,distance-500,true,300,22,2,9,50
new-facility-zone:39376,rider-conditional,true,276,22,2,7,44
new-facility-zone:39376,normal-operations,true,283,22,2,7,44
new-facility-zone:39376,optimistic-information,true,277,22,2,7,44
new-facility-zone:39376,saturday,true,294,20,2,7,43
new-facility-zone:3944,primary,true,70,51,5,13,94
new-facility-zone:3944,distance-300,true,325,12,1,4,24
new-facility-zone:3944,distance-500,true,83,52,5,14,103
new-facility-zone:3944,rider-conditional,true,60,51,5,13,94
new-facility-zone:3944,normal-operations,true,70,51,5,13,94
new-facility-zone:3944,optimistic-information,true,68,51,5,13,94
new-facility-zone:3944,saturday,true,32,62,5,13,108
new-facility-zone:4003,primary,true,84,47,5,16,94
new-facility-zone:4003,distance-300,true,140,27,4,7,38
new-facility-zone:4003,distance-500,true,93,48,5,18,103
new-facility-zone:4003,rider-conditional,true,72,47,5,16,94
new-facility-zone:4003,normal-operations,true,84,47,5,16,94
new-facility-zone:4003,optimistic-information,true,80,47,5,16,94
new-facility-zone:4003,saturday,true,81,45,5,16,92
new-facility-zone:4022,primary,true,207,28,3,10,68
new-facility-zone:4022,distance-300,true,149,26,3,7,44
new-facility-zone:4022,distance-500,true,223,29,3,13,84
new-facility-zone:4022,rider-conditional,true,197,28,3,10,68
new-facility-zone:4022,normal-operations,true,207,28,3,10,68
new-facility-zone:4022,optimistic-information,true,203,28,3,10,68
new-facility-zone:4022,saturday,true,183,29,3,10,70
new-facility-zone:4029,primary,true,408,7,1,6,19
new-facility-zone:4029,distance-300,true,387,6,1,4,12
new-facility-zone:4029,distance-500,true,411,7,1,6,19
new-facility-zone:4029,rider-conditional,true,405,7,1,6,19
new-facility-zone:4029,normal-operations,true,408,7,1,6,19
new-facility-zone:4029,optimistic-information,true,406,7,1,6,19
new-facility-zone:4029,saturday,true,403,6,1,6,18
new-facility-zone:4038,primary,true,198,29,2,9,61
new-facility-zone:4038,distance-300,true,135,28,2,8,54
new-facility-zone:4038,distance-500,true,218,30,2,11,74
new-facility-zone:4038,rider-conditional,true,188,29,2,9,61
new-facility-zone:4038,normal-operations,true,198,29,2,9,61
new-facility-zone:4038,optimistic-information,true,194,29,2,9,61
new-facility-zone:4038,saturday,true,210,27,2,9,56
new-facility-zone:4083,primary,true,343,15,2,7,23
new-facility-zone:4083,distance-300,true,400,4,1,4,8
new-facility-zone:4083,distance-500,true,352,16,2,9,31
new-facility-zone:4083,rider-conditional,true,337,15,2,7,23
new-facility-zone:4083,normal-operations,true,343,15,2,7,23
new-facility-zone:4083,optimistic-information,true,337,15,2,7,23
new-facility-zone:4083,saturday,true,303,19,2,7,29
new-facility-zone:4096,primary,true,202,28,4,9,56
new-facility-zone:4096,distance-300,true,246,18,3,4,22
new-facility-zone:4096,distance-500,true,230,28,4,11,60
new-facility-zone:4096,rider-conditional,true,192,28,4,9,56
new-facility-zone:4096,normal-operations,true,202,28,4,9,56
new-facility-zone:4096,optimistic-information,true,198,28,4,9,56
new-facility-zone:4096,saturday,true,137,34,4,9,69
new-facility-zone:41041,primary,true,17,82,9,16,142
new-facility-zone:41041,distance-300,true,12,81,9,12,119
new-facility-zone:41041,distance-500,true,22,82,9,17,145
new-facility-zone:41041,rider-conditional,true,10,82,9,16,142
new-facility-zone:41041,normal-operations,true,17,82,9,16,142
new-facility-zone:41041,optimistic-information,true,17,82,9,16,142
new-facility-zone:41041,saturday,true,18,75,9,16,128
new-facility-zone:41045,primary,true,272,23,2,12,63
new-facility-zone:41045,distance-300,true,186,23,2,10,46
new-facility-zone:41045,distance-500,true,17,84,9,17,166
new-facility-zone:41045,rider-conditional,true,264,23,2,12,63
new-facility-zone:41045,normal-operations,true,272,23,2,12,63
new-facility-zone:41045,optimistic-information,true,265,23,2,11,55
new-facility-zone:41045,saturday,true,253,23,2,12,66
new-facility-zone:4135,primary,true,102,45,4,9,93
new-facility-zone:4135,distance-300,true,61,44,4,7,76
new-facility-zone:4135,distance-500,true,116,45,4,12,123
new-facility-zone:4135,rider-conditional,true,90,45,4,9,93
new-facility-zone:4135,normal-operations,true,102,45,4,9,93
new-facility-zone:4135,optimistic-information,true,98,45,4,9,93
new-facility-zone:4135,saturday,true,75,48,4,9,97
new-facility-zone:4160,primary,true,25,69,4,10,116
new-facility-zone:4160,distance-300,true,32,54,4,6,65
new-facility-zone:4160,distance-500,true,34,70,4,13,137
new-facility-zone:4160,rider-conditional,true,15,69,4,10,116
new-facility-zone:4160,normal-operations,true,25,69,4,10,116
new-facility-zone:4160,optimistic-information,true,25,69,4,10,116
new-facility-zone:4160,saturday,true,27,65,4,10,112
new-facility-zone:41686,primary,true,394,10,2,6,16
new-facility-zone:41686,distance-300,true,405,4,1,2,4
new-facility-zone:41686,distance-500,true,405,10,2,6,16
new-facility-zone:41686,rider-conditional,true,391,10,2,6,16
new-facility-zone:41686,normal-operations,true,394,10,2,6,16
new-facility-zone:41686,optimistic-information,true,390,10,2,6,16
new-facility-zone:41686,saturday,true,385,10,2,6,16
new-facility-zone:4203,primary,true,80,48,6,22,132
new-facility-zone:4203,distance-300,true,57,44,6,14,82
new-facility-zone:4203,distance-500,true,92,48,6,25,147
new-facility-zone:4203,rider-conditional,true,69,48,6,22,132
new-facility-zone:4203,normal-operations,true,80,48,6,22,132
new-facility-zone:4203,optimistic-information,true,76,48,6,22,132
new-facility-zone:4203,saturday,true,123,37,5,22,111
new-facility-zone:4219,primary,true,197,29,3,4,48
new-facility-zone:4219,distance-300,true,131,29,3,2,35
new-facility-zone:4219,distance-500,true,228,29,3,5,54
new-facility-zone:4219,rider-conditional,true,187,29,3,4,48
new-facility-zone:4219,normal-operations,true,197,29,3,4,48
new-facility-zone:4219,optimistic-information,true,193,29,3,4,48
new-facility-zone:4219,saturday,true,207,27,3,4,46
new-facility-zone:42320,primary,true,416,8,1,1,8
new-facility-zone:42320,distance-300,true,416,8,1,1,8
new-facility-zone:42320,distance-500,true,416,8,1,1,8
new-facility-zone:42320,rider-conditional,true,414,8,1,1,8
new-facility-zone:42320,normal-operations,true,416,8,1,1,8
new-facility-zone:42320,optimistic-information,true,416,8,1,1,8
new-facility-zone:42320,saturday,true,415,6,1,1,6
new-facility-zone:42329,primary,true,105,44,5,9,66
new-facility-zone:42329,distance-300,true,306,13,2,6,32
new-facility-zone:42329,distance-500,true,120,44,5,12,79
new-facility-zone:42329,rider-conditional,true,93,44,5,9,66
new-facility-zone:42329,normal-operations,true,105,44,5,9,66
new-facility-zone:42329,optimistic-information,true,101,44,5,9,66
new-facility-zone:42329,saturday,true,78,47,5,9,69
new-facility-zone:42341,primary,true,359,14,2,2,14
new-facility-zone:42341,distance-300,true,293,14,2,2,14
new-facility-zone:42341,distance-500,true,324,19,3,4,28
new-facility-zone:42341,rider-conditional,true,353,14,2,2,14
new-facility-zone:42341,normal-operations,true,359,14,2,2,14
new-facility-zone:42341,optimistic-information,true,355,14,2,2,14
new-facility-zone:42341,saturday,true,338,15,2,2,15
new-facility-zone:42349,primary,true,78,49,3,11,102
new-facility-zone:42349,distance-300,true,64,43,3,9,90
new-facility-zone:42349,distance-500,true,91,49,3,12,108
new-facility-zone:42349,rider-conditional,true,67,49,3,11,102
new-facility-zone:42349,normal-operations,true,78,49,3,11,102
new-facility-zone:42349,optimistic-information,true,74,49,3,11,102
new-facility-zone:42349,saturday,true,71,50,3,11,102
new-facility-zone:42368,primary,true,91,46,5,11,61
new-facility-zone:42368,distance-300,true,141,27,3,7,36
new-facility-zone:42368,distance-500,true,104,46,5,12,64
new-facility-zone:42368,rider-conditional,true,79,46,5,11,61
new-facility-zone:42368,normal-operations,true,91,46,5,11,61
new-facility-zone:42368,optimistic-information,true,87,46,5,11,61
new-facility-zone:42368,saturday,true,73,49,5,11,59
new-facility-zone:42445,primary,true,64,54,2,10,93
new-facility-zone:42445,distance-300,true,133,29,1,7,61
new-facility-zone:42445,distance-500,true,82,54,2,11,100
new-facility-zone:42445,rider-conditional,true,54,54,2,10,93
new-facility-zone:42445,normal-operations,true,64,54,2,10,93
new-facility-zone:42445,optimistic-information,true,62,54,2,10,93
new-facility-zone:42445,saturday,true,74,49,2,10,88
new-facility-zone:4248,primary,true,73,50,5,12,85
new-facility-zone:4248,distance-300,true,60,44,4,8,58
new-facility-zone:4248,distance-500,true,85,51,5,15,97
new-facility-zone:4248,rider-conditional,true,63,50,5,12,85
new-facility-zone:4248,normal-operations,true,73,50,5,12,85
new-facility-zone:4248,optimistic-information,true,70,50,5,12,85
new-facility-zone:4248,saturday,true,52,55,5,12,95
new-facility-zone:42510,primary,true,27,68,12,11,91
new-facility-zone:42510,distance-300,true,18,68,12,7,68
new-facility-zone:42510,distance-500,true,27,74,13,15,111
new-facility-zone:42510,rider-conditional,true,17,68,12,11,91
new-facility-zone:42510,normal-operations,true,27,68,12,11,91
new-facility-zone:42510,optimistic-information,true,26,68,12,11,91
new-facility-zone:42510,saturday,true,33,61,11,11,83
new-facility-zone:42524,primary,true,66,53,5,20,125
new-facility-zone:42524,distance-300,true,42,49,5,14,84
new-facility-zone:42524,distance-500,true,77,55,5,27,147
new-facility-zone:42524,rider-conditional,true,56,53,5,20,125
new-facility-zone:42524,normal-operations,true,66,53,5,20,125
new-facility-zone:42524,optimistic-information,true,64,53,5,20,125
new-facility-zone:42524,saturday,true,61,51,5,20,119
new-facility-zone:42534,primary,true,302,20,2,8,28
new-facility-zone:42534,distance-300,true,343,11,2,5,15
new-facility-zone:42534,distance-500,true,319,20,2,8,28
new-facility-zone:42534,rider-conditional,true,295,20,2,8,28
new-facility-zone:42534,normal-operations,true,302,20,2,8,28
new-facility-zone:42534,optimistic-information,true,296,20,2,8,28
new-facility-zone:42534,saturday,true,292,20,2,8,28
new-facility-zone:42547,primary,true,411,5,1,7,12
new-facility-zone:42547,distance-300,true,410,3,1,3,5
new-facility-zone:42547,distance-500,true,397,11,2,10,19
new-facility-zone:42547,rider-conditional,true,408,5,1,7,12
new-facility-zone:42547,normal-operations,true,411,5,1,7,12
new-facility-zone:42547,optimistic-information,true,411,5,1,7,12
new-facility-zone:42547,saturday,true,408,4,1,7,13
new-facility-zone:42602,primary,true,235,25,4,11,63
new-facility-zone:42602,distance-300,true,191,22,4,9,55
new-facility-zone:42602,distance-500,true,267,25,4,13,75
new-facility-zone:42602,rider-conditional,true,225,25,4,11,63
new-facility-zone:42602,normal-operations,true,235,25,4,11,63
new-facility-zone:42602,optimistic-information,true,230,25,4,11,63
new-facility-zone:42602,saturday,true,222,25,4,11,56
new-facility-zone:43001,primary,true,304,20,2,7,46
new-facility-zone:43001,distance-300,true,228,20,2,5,32
new-facility-zone:43001,distance-500,true,318,20,2,9,59
new-facility-zone:43001,rider-conditional,true,297,20,2,7,46
new-facility-zone:43001,normal-operations,true,304,20,2,7,46
new-facility-zone:43001,optimistic-information,true,298,20,2,7,46
new-facility-zone:43001,saturday,true,314,18,2,7,42
new-facility-zone:43005,primary,true,286,21,3,16,53
new-facility-zone:43005,distance-300,true,351,10,2,7,23
new-facility-zone:43005,distance-500,true,304,21,3,19,60
new-facility-zone:43005,rider-conditional,true,279,21,3,16,53
new-facility-zone:43005,normal-operations,true,286,21,3,16,53
new-facility-zone:43005,optimistic-information,true,281,21,3,16,53
new-facility-zone:43005,saturday,true,258,22,3,16,56
new-facility-zone:4303,primary,true,388,11,2,8,19
new-facility-zone:4303,distance-300,true,396,5,1,4,10
new-facility-zone:4303,distance-500,true,399,11,2,9,21
new-facility-zone:4303,rider-conditional,true,385,11,2,8,19
new-facility-zone:4303,normal-operations,true,388,11,2,8,19
new-facility-zone:4303,optimistic-information,true,384,11,2,8,19
new-facility-zone:4303,saturday,true,397,8,2,8,16
new-facility-zone:43066,primary,true,28,67,5,20,113
new-facility-zone:43066,distance-300,true,55,45,4,10,56
new-facility-zone:43066,distance-500,true,37,67,5,24,127
new-facility-zone:43066,rider-conditional,true,18,67,5,20,113
new-facility-zone:43066,normal-operations,true,28,67,5,20,113
new-facility-zone:43066,optimistic-information,true,28,67,5,20,113
new-facility-zone:43066,saturday,true,28,64,5,20,111
new-facility-zone:43090,primary,true,107,43,5,18,84
new-facility-zone:43090,distance-300,true,66,42,5,11,55
new-facility-zone:43090,distance-500,true,119,44,5,19,91
new-facility-zone:43090,rider-conditional,true,95,43,5,18,84
new-facility-zone:43090,normal-operations,true,107,43,5,18,84
new-facility-zone:43090,optimistic-information,true,104,43,5,18,84
new-facility-zone:43090,saturday,true,99,42,5,18,80
new-facility-zone:43100,primary,true,13,86,9,16,149
new-facility-zone:43100,distance-300,true,8,86,9,12,112
new-facility-zone:43100,distance-500,true,15,86,9,16,149
new-facility-zone:43100,rider-conditional,true,9,86,9,16,149
new-facility-zone:43100,normal-operations,true,13,86,9,16,149
new-facility-zone:43100,optimistic-information,true,13,86,9,16,149
new-facility-zone:43100,saturday,true,14,80,8,16,140
new-facility-zone:43103,primary,true,2,132,12,27,418
new-facility-zone:43103,distance-300,true,2,125,12,20,274
new-facility-zone:43103,distance-500,true,2,132,12,31,459
new-facility-zone:43103,rider-conditional,true,1,108,11,15,177
new-facility-zone:43103,normal-operations,true,2,132,12,27,418
new-facility-zone:43103,optimistic-information,true,2,132,12,27,418
new-facility-zone:43103,saturday,true,2,123,12,27,388
new-facility-zone:43140,primary,true,46,58,5,12,124
new-facility-zone:43140,distance-300,true,33,53,5,7,78
new-facility-zone:43140,distance-500,true,58,59,5,18,184
new-facility-zone:43140,rider-conditional,true,35,58,5,12,124
new-facility-zone:43140,normal-operations,true,46,58,5,12,124
new-facility-zone:43140,optimistic-information,true,46,58,5,12,124
new-facility-zone:43140,saturday,true,89,44,4,12,101
new-facility-zone:43141,primary,true,92,46,4,13,137
new-facility-zone:43141,distance-300,true,63,43,4,8,70
new-facility-zone:43141,distance-500,true,105,46,4,15,149
new-facility-zone:43141,rider-conditional,true,80,46,4,13,137
new-facility-zone:43141,normal-operations,true,92,46,4,13,137
new-facility-zone:43141,optimistic-information,true,88,46,4,13,137
new-facility-zone:43141,saturday,true,96,43,4,13,123
new-facility-zone:4378,primary,true,230,26,3,9,55
new-facility-zone:4378,distance-300,true,150,26,3,7,46
new-facility-zone:4378,distance-500,true,256,26,3,13,75
new-facility-zone:4378,rider-conditional,true,220,26,3,9,55
new-facility-zone:4378,normal-operations,true,230,26,3,9,55
new-facility-zone:4378,optimistic-information,true,225,26,3,9,55
new-facility-zone:4378,saturday,true,171,31,3,9,65
new-facility-zone:440,primary,true,419,2,1,3,6
new-facility-zone:440,distance-300,true,418,2,1,3,6
new-facility-zone:440,distance-500,true,419,2,1,4,8
new-facility-zone:440,rider-conditional,true,417,2,1,3,6
new-facility-zone:440,normal-operations,true,419,2,1,3,6
new-facility-zone:440,optimistic-information,true,419,2,1,3,6
new-facility-zone:440,saturday,true,419,2,1,3,6
new-facility-zone:4416,primary,true,12,87,8,29,172
new-facility-zone:4416,distance-300,true,20,65,8,18,103
new-facility-zone:4416,distance-500,true,14,87,8,29,172
new-facility-zone:4416,rider-conditional,true,137,35,6,9,54
new-facility-zone:4416,normal-operations,true,12,87,8,29,172
new-facility-zone:4416,optimistic-information,true,12,87,8,29,172
new-facility-zone:4416,saturday,true,12,85,8,29,170
new-facility-zone:4439,primary,true,398,9,2,11,25
new-facility-zone:4439,distance-300,true,361,9,2,6,14
new-facility-zone:4439,distance-500,true,369,13,3,15,33
new-facility-zone:4439,rider-conditional,true,395,9,2,11,25
new-facility-zone:4439,normal-operations,true,398,9,2,11,25
new-facility-zone:4439,optimistic-information,true,394,9,2,11,25
new-facility-zone:4439,saturday,true,392,9,2,11,25
new-facility-zone:4456,primary,true,176,31,3,12,68
new-facility-zone:4456,distance-300,true,110,31,3,9,52
new-facility-zone:4456,distance-500,true,207,31,3,13,71
new-facility-zone:4456,rider-conditional,true,166,31,3,12,68
new-facility-zone:4456,normal-operations,true,176,31,3,12,68
new-facility-zone:4456,optimistic-information,true,172,31,3,12,68
new-facility-zone:4456,saturday,true,245,23,3,12,61
new-facility-zone:4491,primary,true,276,22,3,8,40
new-facility-zone:4491,distance-300,true,195,22,3,6,34
new-facility-zone:4491,distance-500,true,294,22,3,11,53
new-facility-zone:4491,rider-conditional,true,268,22,3,8,40
new-facility-zone:4491,normal-operations,true,276,22,3,8,40
new-facility-zone:4491,optimistic-information,true,270,22,3,8,40
new-facility-zone:4491,saturday,true,261,22,3,8,41
new-facility-zone:4512,primary,true,89,47,2,5,74
new-facility-zone:4512,distance-300,true,53,46,2,3,55
new-facility-zone:4512,distance-500,true,103,47,2,7,98
new-facility-zone:4512,rider-conditional,true,77,47,2,5,74
new-facility-zone:4512,normal-operations,true,89,47,2,5,74
new-facility-zone:4512,optimistic-information,true,85,47,2,5,74
new-facility-zone:4512,saturday,true,80,46,2,5,70
new-facility-zone:4552,primary,true,90,46,5,12,114
new-facility-zone:4552,distance-300,true,62,43,5,10,97
new-facility-zone:4552,distance-500,true,94,48,5,14,132
new-facility-zone:4552,rider-conditional,true,78,46,5,12,114
new-facility-zone:4552,normal-operations,true,90,46,5,12,114
new-facility-zone:4552,optimistic-information,true,86,46,5,12,114
new-facility-zone:4552,saturday,true,112,39,4,12,112
new-facility-zone:458,primary,true,410,6,1,7,19
new-facility-zone:458,distance-300,true,390,6,1,3,9
new-facility-zone:458,distance-500,true,413,6,1,7,19
new-facility-zone:458,rider-conditional,true,407,6,1,7,19
new-facility-zone:458,normal-operations,true,410,6,1,7,19
new-facility-zone:458,optimistic-information,true,410,6,1,7,19
new-facility-zone:458,saturday,true,406,5,1,7,15
new-facility-zone:461,primary,true,125,40,2,10,77
new-facility-zone:461,distance-300,true,154,26,2,8,57
new-facility-zone:461,distance-500,true,142,40,2,10,77
new-facility-zone:461,rider-conditional,true,114,40,2,10,77
new-facility-zone:461,normal-operations,true,125,40,2,10,77
new-facility-zone:461,optimistic-information,true,121,40,2,10,77
new-facility-zone:461,saturday,true,136,35,2,10,69
new-facility-zone:4623,primary,true,135,37,5,11,62
new-facility-zone:4623,distance-300,true,99,33,4,6,35
new-facility-zone:4623,distance-500,true,154,37,5,14,82
new-facility-zone:4623,rider-conditional,true,124,37,5,11,62
new-facility-zone:4623,normal-operations,true,135,37,5,11,62
new-facility-zone:4623,optimistic-information,true,132,37,5,11,62
new-facility-zone:4623,saturday,true,143,33,4,11,57
new-facility-zone:4632,primary,true,201,28,4,10,82
new-facility-zone:4632,distance-300,true,196,22,3,5,45
new-facility-zone:4632,distance-500,true,231,28,4,10,82
new-facility-zone:4632,rider-conditional,true,191,28,4,10,82
new-facility-zone:4632,normal-operations,true,201,28,4,10,82
new-facility-zone:4632,optimistic-information,true,197,28,4,10,82
new-facility-zone:4632,saturday,true,231,24,3,10,75
new-facility-zone:4646,primary,true,59,55,5,15,97
new-facility-zone:4646,distance-300,true,28,55,5,11,83
new-facility-zone:4646,distance-500,true,50,61,6,22,120
new-facility-zone:4646,rider-conditional,true,49,55,5,15,97
new-facility-zone:4646,normal-operations,true,59,55,5,15,97
new-facility-zone:4646,optimistic-information,true,57,55,5,15,97
new-facility-zone:4646,saturday,true,62,51,5,15,97
new-facility-zone:4650,primary,true,313,19,2,7,25
new-facility-zone:4650,distance-300,true,259,18,2,4,18
new-facility-zone:4650,distance-500,true,329,19,2,8,27
new-facility-zone:4650,rider-conditional,true,306,19,2,7,25
new-facility-zone:4650,normal-operations,true,313,19,2,7,25
new-facility-zone:4650,optimistic-information,true,307,19,2,7,25
new-facility-zone:4650,saturday,true,295,20,2,7,25
new-facility-zone:4785,primary,true,183,30,3,17,86
new-facility-zone:4785,distance-300,true,179,23,3,11,56
new-facility-zone:4785,distance-500,true,170,35,4,22,107
new-facility-zone:4785,rider-conditional,true,173,30,3,17,86
new-facility-zone:4785,normal-operations,true,183,30,3,17,86
new-facility-zone:4785,optimistic-information,true,179,30,3,17,86
new-facility-zone:4785,saturday,true,203,27,3,17,82
new-facility-zone:4810,primary,true,236,25,4,4,46
new-facility-zone:4810,distance-300,true,242,18,4,3,23
new-facility-zone:4810,distance-500,true,268,25,4,5,52
new-facility-zone:4810,rider-conditional,true,226,25,4,4,46
new-facility-zone:4810,normal-operations,true,236,25,4,4,46
new-facility-zone:4810,optimistic-information,true,231,25,4,4,46
new-facility-zone:4810,saturday,true,276,21,3,4,44
new-facility-zone:4837,primary,true,267,23,3,10,83
new-facility-zone:4837,distance-300,true,183,23,3,8,61
new-facility-zone:4837,distance-500,true,288,23,3,10,83
new-facility-zone:4837,rider-conditional,true,259,23,3,10,83
new-facility-zone:4837,normal-operations,true,267,23,3,10,83
new-facility-zone:4837,optimistic-information,true,260,23,3,10,83
new-facility-zone:4837,saturday,true,274,21,3,10,76
new-facility-zone:4840,primary,true,199,29,2,8,69
new-facility-zone:4840,distance-300,true,132,29,2,6,48
new-facility-zone:4840,distance-500,true,229,29,2,11,87
new-facility-zone:4840,rider-conditional,true,189,29,2,8,69
new-facility-zone:4840,normal-operations,true,199,29,2,8,69
new-facility-zone:4840,optimistic-information,true,195,29,2,8,69
new-facility-zone:4840,saturday,true,197,28,2,8,68
new-facility-zone:4868,primary,true,257,24,3,6,51
new-facility-zone:4868,distance-300,true,230,20,2,4,31
new-facility-zone:4868,distance-500,true,278,24,3,6,51
new-facility-zone:4868,rider-conditional,true,248,24,3,6,51
new-facility-zone:4868,normal-operations,true,257,24,3,6,51
new-facility-zone:4868,optimistic-information,true,251,24,3,6,51
new-facility-zone:4868,saturday,true,263,22,3,6,47
new-facility-zone:4882,primary,true,297,20,3,10,45
new-facility-zone:4882,distance-300,true,222,20,3,7,35
new-facility-zone:4882,distance-500,true,307,21,3,14,59
new-facility-zone:4882,rider-conditional,true,290,20,3,10,45
new-facility-zone:4882,normal-operations,true,297,20,3,10,45
new-facility-zone:4882,optimistic-information,true,291,20,3,10,45
new-facility-zone:4882,saturday,true,286,20,3,10,43
new-facility-zone:4947,primary,true,247,24,3,15,46
new-facility-zone:4947,distance-300,true,358,9,2,12,27
new-facility-zone:4947,distance-500,true,162,36,3,19,65
new-facility-zone:4947,rider-conditional,true,238,24,3,15,46
new-facility-zone:4947,normal-operations,true,247,24,3,15,46
new-facility-zone:4947,optimistic-information,true,242,24,3,15,46
new-facility-zone:4947,saturday,true,244,23,3,15,46
new-facility-zone:4963,primary,true,314,19,2,7,29
new-facility-zone:4963,distance-300,true,370,8,1,3,12
new-facility-zone:4963,distance-500,true,330,19,2,7,29
new-facility-zone:4963,rider-conditional,true,307,19,2,7,29
new-facility-zone:4963,normal-operations,true,314,19,2,7,29
new-facility-zone:4963,optimistic-information,true,401,8,1,3,12
new-facility-zone:4963,saturday,true,345,14,2,7,26
new-facility-zone:5000,primary,true,170,32,3,11,69
new-facility-zone:5000,distance-300,true,122,30,3,8,50
new-facility-zone:5000,distance-500,true,196,32,3,13,84
new-facility-zone:5000,rider-conditional,true,160,32,3,11,69
new-facility-zone:5000,normal-operations,true,170,32,3,11,69
new-facility-zone:5000,optimistic-information,true,168,32,3,9,57
new-facility-zone:5000,saturday,true,155,32,3,11,74
new-facility-zone:5002,primary,true,368,13,2,11,35
new-facility-zone:5002,distance-300,true,320,12,2,8,23
new-facility-zone:5002,distance-500,true,378,13,2,13,42
new-facility-zone:5002,rider-conditional,true,363,13,2,11,35
new-facility-zone:5002,normal-operations,true,368,13,2,11,35
new-facility-zone:5002,optimistic-information,true,364,13,2,11,35
new-facility-zone:5002,saturday,true,382,10,2,11,25
new-facility-zone:5005,primary,true,74,50,3,10,62
new-facility-zone:5005,distance-300,true,393,6,1,2,6
new-facility-zone:5005,distance-500,true,88,50,3,12,82
new-facility-zone:5005,rider-conditional,true,64,50,3,10,62
new-facility-zone:5005,normal-operations,true,74,50,3,10,62
new-facility-zone:5005,optimistic-information,true,71,50,3,10,62
new-facility-zone:5005,saturday,true,77,48,3,10,60
new-facility-zone:5027,primary,true,229,26,3,11,41
new-facility-zone:5027,distance-300,true,248,18,2,8,30
new-facility-zone:5027,distance-500,true,257,26,3,11,41
new-facility-zone:5027,rider-conditional,true,219,26,3,11,41
new-facility-zone:5027,normal-operations,true,229,26,3,11,41
new-facility-zone:5027,optimistic-information,true,224,26,3,11,41
new-facility-zone:5027,saturday,true,214,26,3,11,43
new-facility-zone:5029,primary,true,168,32,3,14,103
new-facility-zone:5029,distance-300,true,111,31,3,9,67
new-facility-zone:5029,distance-500,true,193,32,3,16,119
new-facility-zone:5029,rider-conditional,true,158,32,3,14,103
new-facility-zone:5029,normal-operations,true,168,32,3,14,103
new-facility-zone:5029,optimistic-information,true,164,32,3,14,103
new-facility-zone:5029,saturday,true,196,28,2,14,100
new-facility-zone:503,primary,true,123,40,4,10,104
new-facility-zone:503,distance-300,true,84,37,4,6,80
new-facility-zone:503,distance-500,true,140,40,4,10,104
new-facility-zone:503,rider-conditional,true,112,40,4,10,104
new-facility-zone:503,normal-operations,true,123,40,4,10,104
new-facility-zone:503,optimistic-information,true,119,40,4,10,104
new-facility-zone:503,saturday,true,141,34,3,10,97
new-facility-zone:5051,primary,true,237,25,3,14,88
new-facility-zone:5051,distance-300,true,159,25,3,10,64
new-facility-zone:5051,distance-500,true,269,25,3,17,102
new-facility-zone:5051,rider-conditional,true,227,25,3,14,88
new-facility-zone:5051,normal-operations,true,237,25,3,14,88
new-facility-zone:5051,optimistic-information,true,232,25,3,14,88
new-facility-zone:5051,saturday,true,228,24,3,14,81
new-facility-zone:5053,primary,true,260,24,2,10,55
new-facility-zone:5053,distance-300,true,187,23,2,8,47
new-facility-zone:5053,distance-500,true,204,31,3,16,82
new-facility-zone:5053,rider-conditional,true,251,24,2,10,55
new-facility-zone:5053,normal-operations,true,260,24,2,10,55
new-facility-zone:5053,optimistic-information,true,354,14,2,3,14
new-facility-zone:5053,saturday,true,267,22,2,10,56
new-facility-zone:5054,primary,true,287,21,3,16,61
new-facility-zone:5054,distance-300,true,271,16,2,8,32
new-facility-zone:5054,distance-500,true,305,21,3,17,64
new-facility-zone:5054,rider-conditional,true,280,21,3,16,61
new-facility-zone:5054,normal-operations,true,287,21,3,16,61
new-facility-zone:5054,optimistic-information,true,282,21,3,16,61
new-facility-zone:5054,saturday,true,305,18,3,16,51
new-facility-zone:5062,primary,true,193,29,3,12,73
new-facility-zone:5062,distance-300,true,128,29,3,8,51
new-facility-zone:5062,distance-500,true,224,29,3,13,76
new-facility-zone:5062,rider-conditional,true,183,29,3,12,73
new-facility-zone:5062,normal-operations,true,193,29,3,12,73
new-facility-zone:5062,optimistic-information,true,189,29,3,12,73
new-facility-zone:5062,saturday,true,176,30,3,12,77
new-facility-zone:5099,primary,true,81,48,6,11,79
new-facility-zone:5099,distance-300,true,108,31,4,6,35
new-facility-zone:5099,distance-500,true,10,92,10,21,152
new-facility-zone:5099,rider-conditional,true,96,43,5,9,72
new-facility-zone:5099,normal-operations,true,81,48,6,11,79
new-facility-zone:5099,optimistic-information,true,77,48,6,11,79
new-facility-zone:5099,saturday,true,63,51,5,10,85
new-facility-zone:512,primary,true,184,30,3,15,73
new-facility-zone:512,distance-300,true,120,30,3,10,51
new-facility-zone:512,distance-500,true,202,31,3,21,98
new-facility-zone:512,rider-conditional,true,174,30,3,15,73
new-facility-zone:512,normal-operations,true,184,30,3,15,73
new-facility-zone:512,optimistic-information,true,180,30,3,15,73
new-facility-zone:512,saturday,true,192,28,3,15,70
new-facility-zone:5144,primary,true,22,74,6,23,187
new-facility-zone:5144,distance-300,true,22,59,5,17,144
new-facility-zone:5144,distance-500,true,24,81,7,31,265
new-facility-zone:5144,rider-conditional,true,12,74,6,23,187
new-facility-zone:5144,normal-operations,true,22,74,6,23,187
new-facility-zone:5144,optimistic-information,true,22,74,6,23,187
new-facility-zone:5144,saturday,true,19,72,6,23,178
new-facility-zone:5179,primary,true,372,12,2,10,25
new-facility-zone:5179,distance-300,true,302,13,2,8,25
new-facility-zone:5179,distance-500,true,387,12,2,14,36
new-facility-zone:5179,rider-conditional,true,368,12,2,10,25
new-facility-zone:5179,normal-operations,true,372,12,2,10,25
new-facility-zone:5179,optimistic-information,true,369,12,2,10,25
new-facility-zone:5179,saturday,true,383,10,2,10,22
new-facility-zone:5180,primary,true,44,59,5,13,95
new-facility-zone:5180,distance-300,true,276,16,2,5,28
new-facility-zone:5180,distance-500,true,59,59,5,16,114
new-facility-zone:5180,rider-conditional,true,33,59,5,13,95
new-facility-zone:5180,normal-operations,true,44,59,5,13,95
new-facility-zone:5180,optimistic-information,true,43,59,5,13,95
new-facility-zone:5180,saturday,true,47,56,5,13,92
new-facility-zone:5192,primary,true,152,35,3,10,48
new-facility-zone:5192,distance-300,true,409,3,1,4,9
new-facility-zone:5192,distance-500,true,153,38,3,12,53
new-facility-zone:5192,rider-conditional,true,142,35,3,10,48
new-facility-zone:5192,normal-operations,true,152,35,3,10,48
new-facility-zone:5192,optimistic-information,true,149,35,3,10,48
new-facility-zone:5192,saturday,true,178,30,3,10,47
new-facility-zone:521,primary,true,222,26,5,11,44
new-facility-zone:521,distance-300,true,244,18,3,7,30
new-facility-zone:521,distance-500,true,249,26,5,15,56
new-facility-zone:521,rider-conditional,true,212,26,5,11,44
new-facility-zone:521,normal-operations,true,222,26,5,11,44
new-facility-zone:521,optimistic-information,true,218,26,5,11,44
new-facility-zone:521,saturday,true,189,28,5,11,48
new-facility-zone:5213,primary,true,106,44,4,8,104
new-facility-zone:5213,distance-300,true,147,27,2,6,76
new-facility-zone:5213,distance-500,true,121,44,4,8,104
new-facility-zone:5213,rider-conditional,true,94,44,4,8,104
new-facility-zone:5213,normal-operations,true,106,44,4,8,104
new-facility-zone:5213,optimistic-information,true,102,44,4,8,104
new-facility-zone:5213,saturday,true,106,41,3,8,97
new-facility-zone:5224,primary,true,166,32,3,15,81
new-facility-zone:5224,distance-300,true,103,32,3,10,56
new-facility-zone:5224,distance-500,true,186,33,3,20,106
new-facility-zone:5224,rider-conditional,true,156,32,3,15,81
new-facility-zone:5224,normal-operations,true,166,32,3,15,81
new-facility-zone:5224,optimistic-information,true,162,32,3,15,81
new-facility-zone:5224,saturday,true,163,31,3,15,80
new-facility-zone:5238,primary,true,244,25,2,16,98
new-facility-zone:5238,distance-300,true,167,25,2,10,61
new-facility-zone:5238,distance-500,true,274,25,2,19,117
new-facility-zone:5238,rider-conditional,true,234,25,2,16,98
new-facility-zone:5238,normal-operations,true,244,25,2,16,98
new-facility-zone:5238,optimistic-information,true,239,25,2,16,98
new-facility-zone:5238,saturday,true,226,25,2,16,99
new-facility-zone:5239,primary,true,223,26,5,8,40
new-facility-zone:5239,distance-300,true,366,9,2,2,9
new-facility-zone:5239,distance-500,true,200,31,5,9,49
new-facility-zone:5239,rider-conditional,true,213,26,5,8,40
new-facility-zone:5239,normal-operations,true,223,26,5,8,40
new-facility-zone:5239,optimistic-information,true,219,26,5,8,40
new-facility-zone:5239,saturday,true,218,25,5,8,40
new-facility-zone:5248,primary,true,382,11,2,12,31
new-facility-zone:5248,distance-300,true,336,11,2,7,19
new-facility-zone:5248,distance-500,true,394,11,2,13,33
new-facility-zone:5248,rider-conditional,true,379,11,2,12,31
new-facility-zone:5248,normal-operations,true,382,11,2,12,31
new-facility-zone:5248,optimistic-information,true,378,11,2,12,31
new-facility-zone:5248,saturday,true,400,7,2,12,20
new-facility-zone:5259,primary,true,171,32,3,10,70
new-facility-zone:5259,distance-300,true,213,21,2,7,59
new-facility-zone:5259,distance-500,true,197,32,3,10,70
new-facility-zone:5259,rider-conditional,true,161,32,3,10,70
new-facility-zone:5259,normal-operations,true,171,32,3,10,70
new-facility-zone:5259,optimistic-information,true,166,32,3,10,70
new-facility-zone:5259,saturday,true,179,30,3,10,66
new-facility-zone:5260,primary,true,265,23,3,12,40
new-facility-zone:5260,distance-300,true,182,23,3,9,32
new-facility-zone:5260,distance-500,true,283,23,3,16,54
new-facility-zone:5260,rider-conditional,true,257,23,3,12,40
new-facility-zone:5260,normal-operations,true,265,23,3,12,40
new-facility-zone:5260,optimistic-information,true,258,23,3,12,40
new-facility-zone:5260,saturday,true,285,20,3,12,34
new-facility-zone:5265,primary,true,245,25,2,12,75
new-facility-zone:5265,distance-300,true,166,25,2,11,68
new-facility-zone:5265,distance-500,true,275,25,2,16,99
new-facility-zone:5265,rider-conditional,true,235,25,2,12,75
new-facility-zone:5265,normal-operations,true,245,25,2,12,75
new-facility-zone:5265,optimistic-information,true,240,25,2,12,75
new-facility-zone:5265,saturday,true,188,29,2,12,81
new-facility-zone:5271,primary,true,181,30,4,10,72
new-facility-zone:5271,distance-300,true,126,29,4,6,43
new-facility-zone:5271,distance-500,true,215,30,4,11,75
new-facility-zone:5271,rider-conditional,true,171,30,4,10,72
new-facility-zone:5271,normal-operations,true,181,30,4,10,72
new-facility-zone:5271,optimistic-information,true,177,30,4,10,72
new-facility-zone:5271,saturday,true,200,27,4,10,66
new-facility-zone:5331,primary,true,210,28,3,7,39
new-facility-zone:5331,distance-300,true,407,4,1,1,4
new-facility-zone:5331,distance-500,true,237,28,3,7,39
new-facility-zone:5331,rider-conditional,true,200,28,3,7,39
new-facility-zone:5331,normal-operations,true,210,28,3,7,39
new-facility-zone:5331,optimistic-information,true,206,28,3,7,39
new-facility-zone:5331,saturday,true,187,29,3,7,41
new-facility-zone:5398,primary,true,147,36,3,9,53
new-facility-zone:5398,distance-300,true,391,6,1,3,18
new-facility-zone:5398,distance-500,true,166,36,3,12,70
new-facility-zone:5398,rider-conditional,true,136,36,3,9,53
new-facility-zone:5398,normal-operations,true,147,36,3,9,53
new-facility-zone:5398,optimistic-information,true,144,36,3,9,53
new-facility-zone:5398,saturday,true,132,36,3,9,54
new-facility-zone:5431,primary,true,292,21,2,10,49
new-facility-zone:5431,distance-300,true,215,21,2,5,25
new-facility-zone:5431,distance-500,true,310,21,2,11,53
new-facility-zone:5431,rider-conditional,true,285,21,2,10,49
new-facility-zone:5431,normal-operations,true,292,21,2,10,49
new-facility-zone:5431,optimistic-information,true,287,21,2,10,49
new-facility-zone:5431,saturday,true,254,23,2,10,53
new-facility-zone:5452,primary,true,177,31,3,12,62
new-facility-zone:5452,distance-300,true,170,25,2,6,32
new-facility-zone:5452,distance-500,true,209,31,3,12,62
new-facility-zone:5452,rider-conditional,true,167,31,3,12,62
new-facility-zone:5452,normal-operations,true,177,31,3,12,62
new-facility-zone:5452,optimistic-information,true,173,31,3,12,62
new-facility-zone:5452,saturday,true,153,32,3,12,64
new-facility-zone:5456,primary,true,208,28,3,10,40
new-facility-zone:5456,distance-300,true,277,16,2,5,22
new-facility-zone:5456,distance-500,true,233,28,3,14,58
new-facility-zone:5456,rider-conditional,true,198,28,3,10,40
new-facility-zone:5456,normal-operations,true,208,28,3,10,40
new-facility-zone:5456,optimistic-information,true,204,28,3,10,40
new-facility-zone:5456,saturday,true,184,29,3,10,44
new-facility-zone:5473,primary,true,242,25,3,9,35
new-facility-zone:5473,distance-300,true,173,24,3,8,32
new-facility-zone:5473,distance-500,true,253,26,3,17,78
new-facility-zone:5473,rider-conditional,true,232,25,3,9,35
new-facility-zone:5473,normal-operations,true,242,25,3,9,35
new-facility-zone:5473,optimistic-information,true,237,25,3,9,35
new-facility-zone:5473,saturday,true,215,26,3,9,38
new-facility-zone:5480,primary,true,354,14,2,7,32
new-facility-zone:5480,distance-300,true,355,10,2,4,14
new-facility-zone:5480,distance-500,true,364,14,2,10,43
new-facility-zone:5480,rider-conditional,true,348,14,2,7,32
new-facility-zone:5480,normal-operations,true,354,14,2,7,32
new-facility-zone:5480,optimistic-information,true,349,14,2,7,32
new-facility-zone:5480,saturday,true,346,14,2,7,32
new-facility-zone:5542,primary,true,345,15,2,5,20
new-facility-zone:5542,distance-300,true,376,7,1,3,9
new-facility-zone:5542,distance-500,true,357,15,2,7,26
new-facility-zone:5542,rider-conditional,true,339,15,2,5,20
new-facility-zone:5542,normal-operations,true,345,15,2,5,20
new-facility-zone:5542,optimistic-information,true,339,15,2,5,20
new-facility-zone:5542,saturday,true,387,10,2,5,14
new-facility-zone:5557,primary,true,137,37,4,10,45
new-facility-zone:5557,distance-300,true,193,22,3,8,28
new-facility-zone:5557,distance-500,true,51,61,6,21,82
new-facility-zone:5557,rider-conditional,true,126,37,4,10,45
new-facility-zone:5557,normal-operations,true,137,37,4,10,45
new-facility-zone:5557,optimistic-information,true,134,37,4,10,45
new-facility-zone:5557,saturday,true,150,32,4,10,41
new-facility-zone:5569,primary,true,43,59,5,14,96
new-facility-zone:5569,distance-300,true,172,25,2,5,32
new-facility-zone:5569,distance-500,true,60,59,5,16,107
new-facility-zone:5569,rider-conditional,true,32,59,5,14,96
new-facility-zone:5569,normal-operations,true,43,59,5,14,96
new-facility-zone:5569,optimistic-information,true,42,59,5,14,96
new-facility-zone:5569,saturday,true,29,64,5,14,100
new-facility-zone:5572,primary,true,156,34,4,12,77
new-facility-zone:5572,distance-300,true,98,33,4,10,62
new-facility-zone:5572,distance-500,true,123,43,4,21,120
new-facility-zone:5572,rider-conditional,true,146,34,4,12,77
new-facility-zone:5572,normal-operations,true,156,34,4,12,77
new-facility-zone:5572,optimistic-information,true,152,34,4,12,77
new-facility-zone:5572,saturday,true,113,39,4,12,81
new-facility-zone:559,primary,true,200,28,4,12,43
new-facility-zone:559,distance-300,true,315,12,3,8,20
new-facility-zone:559,distance-500,true,76,55,6,23,86
new-facility-zone:559,rider-conditional,true,190,28,4,12,43
new-facility-zone:559,normal-operations,true,200,28,4,12,43
new-facility-zone:559,optimistic-information,true,196,28,4,12,43
new-facility-zone:559,saturday,true,199,27,4,12,42
new-facility-zone:5612,primary,true,100,45,4,11,116
new-facility-zone:5612,distance-300,true,115,31,3,7,79
new-facility-zone:5612,distance-500,true,115,45,4,13,141
new-facility-zone:5612,rider-conditional,true,88,45,4,11,116
new-facility-zone:5612,normal-operations,true,100,45,4,11,116
new-facility-zone:5612,optimistic-information,true,96,45,4,11,116
new-facility-zone:5612,saturday,true,79,47,4,11,115
new-facility-zone:5656,primary,true,266,23,3,11,52
new-facility-zone:5656,distance-300,true,233,19,3,6,25
new-facility-zone:5656,distance-500,true,285,23,3,13,61
new-facility-zone:5656,rider-conditional,true,258,23,3,11,52
new-facility-zone:5656,normal-operations,true,266,23,3,11,52
new-facility-zone:5656,optimistic-information,true,259,23,3,11,52
new-facility-zone:5656,saturday,true,288,20,2,11,45
new-facility-zone:5691,primary,true,351,14,2,9,30
new-facility-zone:5691,distance-300,true,292,14,2,4,14
new-facility-zone:5691,distance-500,true,362,14,2,11,38
new-facility-zone:5691,rider-conditional,true,345,14,2,9,30
new-facility-zone:5691,normal-operations,true,351,14,2,9,30
new-facility-zone:5691,optimistic-information,true,346,14,2,9,30
new-facility-zone:5691,saturday,true,373,11,2,9,24
new-facility-zone:571,primary,true,128,39,4,11,57
new-facility-zone:571,distance-300,true,164,25,3,6,32
new-facility-zone:571,distance-500,true,112,45,5,20,111
new-facility-zone:571,rider-conditional,true,117,39,4,11,57
new-facility-zone:571,normal-operations,true,128,39,4,11,57
new-facility-zone:571,optimistic-information,true,124,39,4,11,57
new-facility-zone:571,saturday,true,120,38,4,11,56
new-facility-zone:5717,primary,true,241,25,3,10,46
new-facility-zone:5717,distance-300,true,160,25,3,10,46
new-facility-zone:5717,distance-500,true,272,25,3,14,54
new-facility-zone:5717,rider-conditional,true,231,25,3,10,46
new-facility-zone:5717,normal-operations,true,241,25,3,10,46
new-facility-zone:5717,optimistic-information,true,236,25,3,10,46
new-facility-zone:5717,saturday,true,232,24,3,10,46
new-facility-zone:5783,primary,true,204,28,3,15,74
new-facility-zone:5783,distance-300,true,197,22,2,8,41
new-facility-zone:5783,distance-500,true,171,35,4,21,98
new-facility-zone:5783,rider-conditional,true,194,28,3,15,74
new-facility-zone:5783,normal-operations,true,204,28,3,15,74
new-facility-zone:5783,optimistic-information,true,200,28,3,15,74
new-facility-zone:5783,saturday,true,151,32,3,15,78
new-facility-zone:5818,primary,true,393,10,3,5,19
new-facility-zone:5818,distance-300,true,348,10,3,4,15
new-facility-zone:5818,distance-500,true,402,10,3,6,22
new-facility-zone:5818,rider-conditional,true,390,10,3,5,19
new-facility-zone:5818,normal-operations,true,393,10,3,5,19
new-facility-zone:5818,optimistic-information,true,389,10,3,5,19
new-facility-zone:5818,saturday,true,402,6,2,5,12
new-facility-zone:5840,primary,true,61,55,4,9,116
new-facility-zone:5840,distance-300,true,35,52,4,4,52
new-facility-zone:5840,distance-500,true,80,55,4,12,158
new-facility-zone:5840,rider-conditional,true,51,55,4,9,116
new-facility-zone:5840,normal-operations,true,61,55,4,9,116
new-facility-zone:5840,optimistic-information,true,59,55,4,9,116
new-facility-zone:5840,saturday,true,76,48,4,9,99
new-facility-zone:5848,primary,true,57,55,9,11,100
new-facility-zone:5848,distance-300,true,30,54,9,7,70
new-facility-zone:5848,distance-500,true,74,55,9,11,100
new-facility-zone:5848,rider-conditional,true,47,55,9,11,100
new-facility-zone:5848,normal-operations,true,57,55,9,11,100
new-facility-zone:5848,optimistic-information,true,55,55,9,11,100
new-facility-zone:5848,saturday,true,50,55,9,11,97
new-facility-zone:5869,primary,true,233,26,2,8,50
new-facility-zone:5869,distance-300,true,310,13,1,5,31
new-facility-zone:5869,distance-500,true,264,26,2,8,50
new-facility-zone:5869,rider-conditional,true,223,26,2,8,50
new-facility-zone:5869,normal-operations,true,233,26,2,8,50
new-facility-zone:5869,optimistic-information,true,228,26,2,8,50
new-facility-zone:5869,saturday,true,241,24,2,8,46
new-facility-zone:5897,primary,true,324,17,3,7,28
new-facility-zone:5897,distance-300,true,374,7,1,4,12
new-facility-zone:5897,distance-500,true,295,22,3,10,39
new-facility-zone:5897,rider-conditional,true,317,17,3,7,28
new-facility-zone:5897,normal-operations,true,324,17,3,7,28
new-facility-zone:5897,optimistic-information,true,318,17,3,7,28
new-facility-zone:5897,saturday,true,334,15,3,7,29
new-facility-zone:5909,primary,true,136,37,4,13,55
new-facility-zone:5909,distance-300,true,307,13,2,6,22
new-facility-zone:5909,distance-500,true,157,37,4,15,65
new-facility-zone:5909,rider-conditional,true,125,37,4,13,55
new-facility-zone:5909,normal-operations,true,136,37,4,13,55
new-facility-zone:5909,optimistic-information,true,133,37,4,13,55
new-facility-zone:5909,saturday,true,125,37,4,13,55
new-facility-zone:5914,primary,true,31,65,6,9,74
new-facility-zone:5914,distance-300,true,109,31,4,5,37
new-facility-zone:5914,distance-500,true,41,65,6,10,77
new-facility-zone:5914,rider-conditional,true,21,65,6,9,74
new-facility-zone:5914,normal-operations,true,31,65,6,9,74
new-facility-zone:5914,optimistic-information,true,31,65,6,9,74
new-facility-zone:5914,saturday,true,48,56,5,8,65
new-facility-zone:5928,primary,true,88,47,3,10,82
new-facility-zone:5928,distance-300,true,75,39,3,7,56
new-facility-zone:5928,distance-500,true,102,47,3,11,91
new-facility-zone:5928,rider-conditional,true,76,47,3,10,82
new-facility-zone:5928,normal-operations,true,88,47,3,10,82
new-facility-zone:5928,optimistic-information,true,84,47,3,10,82
new-facility-zone:5928,saturday,true,93,44,3,10,78
new-facility-zone:5963,primary,true,300,20,3,5,38
new-facility-zone:5963,distance-300,true,380,7,1,2,13
new-facility-zone:5963,distance-500,true,315,20,3,5,38
new-facility-zone:5963,rider-conditional,true,293,20,3,5,38
new-facility-zone:5963,normal-operations,true,300,20,3,5,38
new-facility-zone:5963,optimistic-information,true,294,20,3,5,38
new-facility-zone:5963,saturday,true,270,22,2,5,41
new-facility-zone:5967,primary,true,114,42,3,10,75
new-facility-zone:5967,distance-300,true,137,28,2,7,54
new-facility-zone:5967,distance-500,true,131,42,3,14,102
new-facility-zone:5967,rider-conditional,true,103,42,3,10,75
new-facility-zone:5967,normal-operations,true,114,42,3,10,75
new-facility-zone:5967,optimistic-information,true,111,42,3,10,75
new-facility-zone:5967,saturday,true,128,37,3,10,58
new-facility-zone:5976,primary,true,377,12,2,5,21
new-facility-zone:5976,distance-300,true,364,9,2,3,15
new-facility-zone:5976,distance-500,true,382,13,2,8,34
new-facility-zone:5976,rider-conditional,true,373,12,2,5,21
new-facility-zone:5976,normal-operations,true,377,12,2,5,21
new-facility-zone:5976,optimistic-information,true,374,12,2,5,21
new-facility-zone:5976,saturday,true,361,13,2,5,25
new-facility-zone:5995,primary,true,76,49,5,11,88
new-facility-zone:5995,distance-300,true,178,23,4,7,47
new-facility-zone:5995,distance-500,true,53,61,5,16,114
new-facility-zone:5995,rider-conditional,true,66,49,5,11,88
new-facility-zone:5995,normal-operations,true,76,49,5,11,88
new-facility-zone:5995,optimistic-information,true,72,49,5,11,88
new-facility-zone:5995,saturday,true,67,50,5,11,90
new-facility-zone:6011,primary,true,51,57,4,16,113
new-facility-zone:6011,distance-300,true,54,45,4,12,76
new-facility-zone:6011,distance-500,true,61,59,4,18,119
new-facility-zone:6011,rider-conditional,true,41,57,4,16,113
new-facility-zone:6011,normal-operations,true,51,57,4,16,113
new-facility-zone:6011,optimistic-information,true,49,57,4,16,113
new-facility-zone:6011,saturday,true,56,53,4,16,113
new-facility-zone:6012,primary,true,294,21,2,8,43
new-facility-zone:6012,distance-300,true,347,11,1,4,23
new-facility-zone:6012,distance-500,true,311,21,2,10,55
new-facility-zone:6012,rider-conditional,true,287,21,2,8,43
new-facility-zone:6012,normal-operations,true,294,21,2,8,43
new-facility-zone:6012,optimistic-information,true,289,21,2,8,43
new-facility-zone:6012,saturday,true,293,20,2,8,42
new-facility-zone:6033,primary,true,77,49,5,9,77
new-facility-zone:6033,distance-300,true,68,42,4,6,53
new-facility-zone:6033,distance-500,true,87,50,5,11,91
new-facility-zone:6033,rider-conditional,true,237,24,4,3,24
new-facility-zone:6033,normal-operations,true,77,49,5,9,77
new-facility-zone:6033,optimistic-information,true,73,49,5,9,77
new-facility-zone:6033,saturday,true,97,43,4,9,74
new-facility-zone:6118,primary,true,383,11,2,12,30
new-facility-zone:6118,distance-300,true,333,11,2,10,25
new-facility-zone:6118,distance-500,true,393,11,2,14,34
new-facility-zone:6118,rider-conditional,true,380,11,2,12,30
new-facility-zone:6118,normal-operations,true,383,11,2,12,30
new-facility-zone:6118,optimistic-information,true,379,11,2,12,30
new-facility-zone:6118,saturday,true,365,12,2,12,33
new-facility-zone:6202,primary,true,340,15,3,15,35
new-facility-zone:6202,distance-300,true,280,15,3,9,23
new-facility-zone:6202,distance-500,true,345,16,3,17,41
new-facility-zone:6202,rider-conditional,true,334,15,3,15,35
new-facility-zone:6202,normal-operations,true,340,15,3,15,35
new-facility-zone:6202,optimistic-information,true,334,15,3,15,35
new-facility-zone:6202,saturday,true,325,16,3,15,39
new-facility-zone:6244,primary,true,365,13,2,13,36
new-facility-zone:6244,distance-300,true,300,13,2,10,30
new-facility-zone:6244,distance-500,true,376,13,2,14,38
new-facility-zone:6244,rider-conditional,true,360,13,2,13,36
new-facility-zone:6244,normal-operations,true,365,13,2,13,36
new-facility-zone:6244,optimistic-information,true,363,13,2,12,34
new-facility-zone:6244,saturday,true,364,12,2,13,34
new-facility-zone:6317,primary,true,126,39,4,17,140
new-facility-zone:6317,distance-300,true,77,38,4,12,80
new-facility-zone:6317,distance-500,true,143,39,4,20,149
new-facility-zone:6317,rider-conditional,true,115,39,4,17,140
new-facility-zone:6317,normal-operations,true,126,39,4,17,140
new-facility-zone:6317,optimistic-information,true,122,39,4,17,140
new-facility-zone:6317,saturday,true,124,37,4,17,124
new-facility-zone:6321,primary,true,165,33,3,7,57
new-facility-zone:6321,distance-300,true,314,13,1,2,13
new-facility-zone:6321,distance-500,true,137,41,4,10,76
new-facility-zone:6321,rider-conditional,true,155,33,3,7,57
new-facility-zone:6321,normal-operations,true,165,33,3,7,57
new-facility-zone:6321,optimistic-information,true,160,33,3,7,57
new-facility-zone:6321,saturday,true,206,27,3,7,48
new-facility-zone:636,primary,true,344,15,2,6,22
new-facility-zone:636,distance-300,true,291,14,2,5,17
new-facility-zone:636,distance-500,true,356,15,2,9,32
new-facility-zone:636,rider-conditional,true,338,15,2,6,22
new-facility-zone:636,normal-operations,true,344,15,2,6,22
new-facility-zone:636,optimistic-information,true,338,15,2,6,22
new-facility-zone:636,saturday,true,359,13,2,6,19
new-facility-zone:6434,primary,true,62,54,10,10,97
new-facility-zone:6434,distance-300,true,163,25,3,7,48
new-facility-zone:6434,distance-500,true,81,54,10,13,105
new-facility-zone:6434,rider-conditional,true,52,54,10,10,97
new-facility-zone:6434,normal-operations,true,62,54,10,10,97
new-facility-zone:6434,optimistic-information,true,60,54,10,10,97
new-facility-zone:6434,saturday,true,66,50,10,10,91
new-facility-zone:6523,primary,true,358,14,2,5,23
new-facility-zone:6523,distance-300,true,377,7,1,3,13
new-facility-zone:6523,distance-500,true,312,21,2,7,33
new-facility-zone:6523,rider-conditional,true,352,14,2,5,23
new-facility-zone:6523,normal-operations,true,358,14,2,5,23
new-facility-zone:6523,optimistic-information,true,353,14,2,5,23
new-facility-zone:6523,saturday,true,362,13,2,5,21
new-facility-zone:653,primary,true,362,13,3,6,27
new-facility-zone:653,distance-300,true,375,7,1,4,14
new-facility-zone:653,distance-500,true,374,13,3,6,27
new-facility-zone:653,rider-conditional,true,356,13,3,6,27
new-facility-zone:653,normal-operations,true,362,13,3,6,27
new-facility-zone:653,optimistic-information,true,358,13,3,6,27
new-facility-zone:653,saturday,true,348,13,3,6,27
new-facility-zone:6559,primary,true,298,20,3,9,32
new-facility-zone:6559,distance-300,true,308,13,2,5,15
new-facility-zone:6559,distance-500,true,314,20,3,9,32
new-facility-zone:6559,rider-conditional,true,291,20,3,9,32
new-facility-zone:6559,normal-operations,true,298,20,3,9,32
new-facility-zone:6559,optimistic-information,true,292,20,3,9,32
new-facility-zone:6559,saturday,true,275,21,3,9,33
new-facility-zone:6652,primary,true,56,56,6,9,143
new-facility-zone:6652,distance-300,true,38,51,6,7,98
new-facility-zone:6652,distance-500,true,70,56,6,10,150
new-facility-zone:6652,rider-conditional,true,46,56,6,9,143
new-facility-zone:6652,normal-operations,true,56,56,6,9,143
new-facility-zone:6652,optimistic-information,true,53,56,6,9,143
new-facility-zone:6652,saturday,true,54,54,5,9,136
new-facility-zone:6672,primary,true,360,13,3,11,21
new-facility-zone:6672,distance-300,true,297,13,3,10,19
new-facility-zone:6672,distance-500,true,370,13,3,15,29
new-facility-zone:6672,rider-conditional,true,354,13,3,11,21
new-facility-zone:6672,normal-operations,true,360,13,3,11,21
new-facility-zone:6672,optimistic-information,true,356,13,3,11,21
new-facility-zone:6672,saturday,true,333,15,3,11,24
new-facility-zone:6690,primary,true,159,34,3,10,63
new-facility-zone:6690,distance-300,true,142,27,3,7,39
new-facility-zone:6690,distance-500,true,174,35,3,17,117
new-facility-zone:6690,rider-conditional,true,149,34,3,10,63
new-facility-zone:6690,normal-operations,true,159,34,3,10,63
new-facility-zone:6690,optimistic-information,true,155,34,3,10,63
new-facility-zone:6690,saturday,true,142,34,3,10,65
new-facility-zone:6741,primary,true,310,19,3,7,31
new-facility-zone:6741,distance-300,true,236,19,3,5,25
new-facility-zone:6741,distance-500,true,323,19,3,7,31
new-facility-zone:6741,rider-conditional,true,303,19,3,7,31
new-facility-zone:6741,normal-operations,true,310,19,3,7,31
new-facility-zone:6741,optimistic-information,true,304,19,3,7,31
new-facility-zone:6741,saturday,true,358,13,2,7,17
new-facility-zone:6767,primary,true,191,29,4,15,49
new-facility-zone:6767,distance-300,true,243,18,3,9,28
new-facility-zone:6767,distance-500,true,219,29,4,21,77
new-facility-zone:6767,rider-conditional,true,181,29,4,15,49
new-facility-zone:6767,normal-operations,true,191,29,4,15,49
new-facility-zone:6767,optimistic-information,true,187,29,4,15,49
new-facility-zone:6767,saturday,true,190,28,4,15,48
new-facility-zone:6793,primary,true,164,33,4,8,42
new-facility-zone:6793,distance-300,true,388,6,1,4,11
new-facility-zone:6793,distance-500,true,106,46,4,11,61
new-facility-zone:6793,rider-conditional,true,154,33,4,8,42
new-facility-zone:6793,normal-operations,true,164,33,4,8,42
new-facility-zone:6793,optimistic-information,true,159,33,4,8,42
new-facility-zone:6793,saturday,true,144,33,4,8,44
new-facility-zone:6800,primary,true,331,16,3,11,31
new-facility-zone:6800,distance-300,true,368,8,2,3,8
new-facility-zone:6800,distance-500,true,346,16,3,11,31
new-facility-zone:6800,rider-conditional,true,324,16,3,11,31
new-facility-zone:6800,normal-operations,true,331,16,3,11,31
new-facility-zone:6800,optimistic-information,true,325,16,3,11,31
new-facility-zone:6800,saturday,true,339,14,3,11,28
new-facility-zone:6814,primary,true,319,18,2,10,45
new-facility-zone:6814,distance-300,true,256,18,2,6,24
new-facility-zone:6814,distance-500,true,326,19,2,12,54
new-facility-zone:6814,rider-conditional,true,312,18,2,10,45
new-facility-zone:6814,normal-operations,true,319,18,2,10,45
new-facility-zone:6814,optimistic-information,true,312,18,2,10,45
new-facility-zone:6814,saturday,true,328,16,2,10,40
new-facility-zone:6832,primary,true,142,36,3,13,79
new-facility-zone:6832,distance-300,true,138,28,2,7,47
new-facility-zone:6832,distance-500,true,165,36,3,13,79
new-facility-zone:6832,rider-conditional,true,131,36,3,13,79
new-facility-zone:6832,normal-operations,true,142,36,3,13,79
new-facility-zone:6832,optimistic-information,true,139,36,3,13,79
new-facility-zone:6832,saturday,true,127,37,3,13,82
new-facility-zone:6843,primary,true,397,9,2,12,27
new-facility-zone:6843,distance-300,true,359,9,2,8,19
new-facility-zone:6843,distance-500,true,406,9,2,15,34
new-facility-zone:6843,rider-conditional,true,394,9,2,12,27
new-facility-zone:6843,normal-operations,true,397,9,2,12,27
new-facility-zone:6843,optimistic-information,true,393,9,2,12,27
new-facility-zone:6843,saturday,true,391,9,2,12,29
new-facility-zone:6849,primary,true,280,22,2,10,52
new-facility-zone:6849,distance-300,true,214,21,2,7,35
new-facility-zone:6849,distance-500,true,297,22,2,13,64
new-facility-zone:6849,rider-conditional,true,273,22,2,10,52
new-facility-zone:6849,normal-operations,true,280,22,2,10,52
new-facility-zone:6849,optimistic-information,true,274,22,2,10,52
new-facility-zone:6849,saturday,true,301,19,2,10,46
new-facility-zone:6882,primary,true,273,23,2,7,49
new-facility-zone:6882,distance-300,true,295,14,1,4,26
new-facility-zone:6882,distance-500,true,292,23,2,8,55
new-facility-zone:6882,rider-conditional,true,265,23,2,7,49
new-facility-zone:6882,normal-operations,true,273,23,2,7,49
new-facility-zone:6882,optimistic-information,true,266,23,2,7,49
new-facility-zone:6882,saturday,true,280,21,2,7,46
new-facility-zone:6892,primary,true,95,46,3,9,71
new-facility-zone:6892,distance-300,true,241,19,1,4,36
new-facility-zone:6892,distance-500,true,109,46,3,10,80
new-facility-zone:6892,rider-conditional,true,83,46,3,9,71
new-facility-zone:6892,normal-operations,true,95,46,3,9,71
new-facility-zone:6892,optimistic-information,true,91,46,3,9,71
new-facility-zone:6892,saturday,true,94,44,3,9,69
new-facility-zone:6896,primary,true,188,30,3,10,65
new-facility-zone:6896,distance-300,true,145,27,2,8,54
new-facility-zone:6896,distance-500,true,180,34,3,16,101
new-facility-zone:6896,rider-conditional,true,178,30,3,10,65
new-facility-zone:6896,normal-operations,true,188,30,3,10,65
new-facility-zone:6896,optimistic-information,true,184,30,3,10,65
new-facility-zone:6896,saturday,true,194,28,3,10,58
new-facility-zone:6963,primary,true,333,16,3,10,24
new-facility-zone:6963,distance-300,true,408,3,1,6,7
new-facility-zone:6963,distance-500,true,258,26,3,11,34
new-facility-zone:6963,rider-conditional,true,326,16,3,10,24
new-facility-zone:6963,normal-operations,true,333,16,3,10,24
new-facility-zone:6963,optimistic-information,true,327,16,3,10,24
new-facility-zone:6963,saturday,true,330,16,2,9,27
new-facility-zone:698,primary,true,332,16,3,11,45
new-facility-zone:698,distance-300,true,331,11,3,8,29
new-facility-zone:698,distance-500,true,125,42,6,14,71
new-facility-zone:698,rider-conditional,true,325,16,3,11,45
new-facility-zone:698,normal-operations,true,332,16,3,11,45
new-facility-zone:698,optimistic-information,true,326,16,3,11,45
new-facility-zone:698,saturday,true,315,17,3,11,40
new-facility-zone:700,primary,true,327,17,2,9,54
new-facility-zone:700,distance-300,true,285,15,2,5,31
new-facility-zone:700,distance-500,true,342,17,2,12,70
new-facility-zone:700,rider-conditional,true,320,17,2,9,54
new-facility-zone:700,normal-operations,true,327,17,2,9,54
new-facility-zone:700,optimistic-information,true,321,17,2,9,54
new-facility-zone:700,saturday,true,356,13,2,9,40
new-facility-zone:7021,primary,true,217,27,3,8,47
new-facility-zone:7021,distance-300,true,143,27,3,7,45
new-facility-zone:7021,distance-500,true,245,27,3,10,57
new-facility-zone:7021,rider-conditional,true,207,27,3,8,47
new-facility-zone:7021,normal-operations,true,217,27,3,8,47
new-facility-zone:7021,optimistic-information,true,213,27,3,8,47
new-facility-zone:7021,saturday,true,186,29,3,8,57
new-facility-zone:7044,primary,true,34,63,5,20,103
new-facility-zone:7044,distance-300,true,70,41,5,13,51
new-facility-zone:7044,distance-500,true,36,67,5,29,141
new-facility-zone:7044,rider-conditional,true,24,63,5,20,103
new-facility-zone:7044,normal-operations,true,34,63,5,20,103
new-facility-zone:7044,optimistic-information,true,34,63,5,20,103
new-facility-zone:7044,saturday,true,30,63,5,20,104
new-facility-zone:7049,primary,true,187,30,3,11,56
new-facility-zone:7049,distance-300,true,264,17,2,6,29
new-facility-zone:7049,distance-500,true,205,31,3,16,76
new-facility-zone:7049,rider-conditional,true,177,30,3,11,56
new-facility-zone:7049,normal-operations,true,187,30,3,11,56
new-facility-zone:7049,optimistic-information,true,183,30,3,11,56
new-facility-zone:7049,saturday,true,177,30,3,11,56
new-facility-zone:7059,primary,true,75,50,3,8,83
new-facility-zone:7059,distance-300,true,49,47,3,4,47
new-facility-zone:7059,distance-500,true,90,50,3,8,83
new-facility-zone:7059,rider-conditional,true,65,50,3,8,83
new-facility-zone:7059,normal-operations,true,75,50,3,8,83
new-facility-zone:7059,optimistic-information,true,78,48,3,6,61
new-facility-zone:7059,saturday,true,65,51,3,8,92
new-facility-zone:706,primary,true,192,29,4,12,78
new-facility-zone:706,distance-300,true,323,12,2,5,30
new-facility-zone:706,distance-500,true,178,34,4,16,101
new-facility-zone:706,rider-conditional,true,182,29,4,12,78
new-facility-zone:706,normal-operations,true,192,29,4,12,78
new-facility-zone:706,optimistic-information,true,188,29,4,12,78
new-facility-zone:706,saturday,true,159,31,4,12,75
new-facility-zone:7092,primary,true,109,43,3,9,117
new-facility-zone:7092,distance-300,true,139,28,2,5,64
new-facility-zone:7092,distance-500,true,124,43,3,10,136
new-facility-zone:7092,rider-conditional,true,98,43,3,9,117
new-facility-zone:7092,normal-operations,true,109,43,3,9,117
new-facility-zone:7092,optimistic-information,true,106,43,3,9,117
new-facility-zone:7092,saturday,true,115,39,3,9,106
new-facility-zone:7117,primary,true,384,11,2,11,27
new-facility-zone:7117,distance-300,true,383,6,1,7,16
new-facility-zone:7117,distance-500,true,340,17,2,14,41
new-facility-zone:7117,rider-conditional,true,381,11,2,11,27
new-facility-zone:7117,normal-operations,true,384,11,2,11,27
new-facility-zone:7117,optimistic-information,true,380,11,2,11,27
new-facility-zone:7117,saturday,true,366,12,2,11,31
new-facility-zone:712,primary,true,370,13,2,6,26
new-facility-zone:712,distance-300,true,309,13,2,3,13
new-facility-zone:712,distance-500,true,383,13,2,6,26
new-facility-zone:712,rider-conditional,true,365,13,2,6,26
new-facility-zone:712,normal-operations,true,370,13,2,6,26
new-facility-zone:712,optimistic-information,true,366,13,2,6,26
new-facility-zone:712,saturday,true,377,11,2,6,22
new-facility-zone:720,primary,true,412,4,1,7,11
new-facility-zone:720,distance-300,true,401,4,1,4,6
new-facility-zone:720,distance-500,true,381,13,2,9,21
new-facility-zone:720,rider-conditional,true,410,4,1,7,11
new-facility-zone:720,normal-operations,true,412,4,1,7,11
new-facility-zone:720,optimistic-information,true,412,4,1,7,11
new-facility-zone:720,saturday,true,409,4,1,7,12
new-facility-zone:7211,primary,true,288,21,3,11,33
new-facility-zone:7211,distance-300,true,360,9,2,8,17
new-facility-zone:7211,distance-500,true,306,21,3,16,45
new-facility-zone:7211,rider-conditional,true,281,21,3,11,33
new-facility-zone:7211,normal-operations,true,288,21,3,11,33
new-facility-zone:7211,optimistic-information,true,283,21,3,11,33
new-facility-zone:7211,saturday,true,273,21,3,11,33
new-facility-zone:7248,primary,true,195,29,3,9,53
new-facility-zone:7248,distance-300,true,130,29,3,6,43
new-facility-zone:7248,distance-500,true,225,29,3,13,72
new-facility-zone:7248,rider-conditional,true,185,29,3,9,53
new-facility-zone:7248,normal-operations,true,195,29,3,9,53
new-facility-zone:7248,optimistic-information,true,191,29,3,9,53
new-facility-zone:7248,saturday,true,234,24,3,9,51
new-facility-zone:7306,primary,true,350,14,2,11,40
new-facility-zone:7306,distance-300,true,324,12,2,5,21
new-facility-zone:7306,distance-500,true,360,14,2,12,42
new-facility-zone:7306,rider-conditional,true,344,14,2,11,40
new-facility-zone:7306,normal-operations,true,350,14,2,11,40
new-facility-zone:7306,optimistic-information,true,345,14,2,11,40
new-facility-zone:7306,saturday,true,341,14,2,11,41
new-facility-zone:734,primary,true,373,12,2,9,25
new-facility-zone:734,distance-300,true,394,5,2,5,11
new-facility-zone:734,distance-500,true,152,38,3,14,58
new-facility-zone:734,rider-conditional,true,369,12,2,9,25
new-facility-zone:734,normal-operations,true,373,12,2,9,25
new-facility-zone:734,optimistic-information,true,370,12,2,9,25
new-facility-zone:734,saturday,true,368,12,2,9,29
new-facility-zone:7346,primary,true,374,12,2,7,18
new-facility-zone:7346,distance-300,true,415,2,1,1,2
new-facility-zone:7346,distance-500,true,389,12,2,8,21
new-facility-zone:7346,rider-conditional,true,370,12,2,7,18
new-facility-zone:7346,normal-operations,true,374,12,2,7,18
new-facility-zone:7346,optimistic-information,true,371,12,2,7,18
new-facility-zone:7346,saturday,true,394,9,2,7,17
new-facility-zone:7374,primary,true,212,28,2,8,71
new-facility-zone:7374,distance-300,true,156,26,2,6,51
new-facility-zone:7374,distance-500,true,238,28,2,10,84
new-facility-zone:7374,rider-conditional,true,202,28,2,8,71
new-facility-zone:7374,normal-operations,true,212,28,2,8,71
new-facility-zone:7374,optimistic-information,true,278,22,2,4,40
new-facility-zone:7374,saturday,true,217,26,2,8,69
new-facility-zone:7378,primary,true,320,18,2,10,42
new-facility-zone:7378,distance-300,true,253,18,2,7,33
new-facility-zone:7378,distance-500,true,335,18,2,11,48
new-facility-zone:7378,rider-conditional,true,313,18,2,10,42
new-facility-zone:7378,normal-operations,true,320,18,2,10,42
new-facility-zone:7378,optimistic-information,true,313,18,2,10,42
new-facility-zone:7378,saturday,true,302,19,2,10,44
new-facility-zone:7431,primary,true,250,24,3,10,47
new-facility-zone:7431,distance-300,true,249,18,2,8,41
new-facility-zone:7431,distance-500,true,240,27,4,15,66
new-facility-zone:7431,rider-conditional,true,241,24,3,10,47
new-facility-zone:7431,normal-operations,true,250,24,3,10,47
new-facility-zone:7431,optimistic-information,true,245,24,3,10,47
new-facility-zone:7431,saturday,true,233,24,3,10,49
new-facility-zone:7434,primary,true,355,14,2,7,25
new-facility-zone:7434,distance-300,true,389,6,1,4,12
new-facility-zone:7434,distance-500,true,367,14,2,9,31
new-facility-zone:7434,rider-conditional,true,349,14,2,7,25
new-facility-zone:7434,normal-operations,true,355,14,2,7,25
new-facility-zone:7434,optimistic-information,true,350,14,2,7,25
new-facility-zone:7434,saturday,true,369,12,2,7,22
new-facility-zone:7447,primary,true,380,11,3,6,25
new-facility-zone:7447,distance-300,true,332,11,3,3,11
new-facility-zone:7447,distance-500,true,391,11,3,7,27
new-facility-zone:7447,rider-conditional,true,376,11,3,6,25
new-facility-zone:7447,normal-operations,true,380,11,3,6,25
new-facility-zone:7447,optimistic-information,true,377,11,3,6,25
new-facility-zone:7447,saturday,true,386,10,2,6,25
new-facility-zone:7457,primary,true,219,27,2,12,80
new-facility-zone:7457,distance-300,true,171,25,2,6,43
new-facility-zone:7457,distance-500,true,246,27,2,13,86
new-facility-zone:7457,rider-conditional,true,209,27,2,12,80
new-facility-zone:7457,normal-operations,true,219,27,2,12,80
new-facility-zone:7457,optimistic-information,true,215,27,2,12,80
new-facility-zone:7457,saturday,true,208,27,2,12,81
new-facility-zone:7480,primary,true,307,19,3,14,39
new-facility-zone:7480,distance-300,true,402,4,1,4,8
new-facility-zone:7480,distance-500,true,321,19,3,17,48
new-facility-zone:7480,rider-conditional,true,300,19,3,14,39
new-facility-zone:7480,normal-operations,true,307,19,3,14,39
new-facility-zone:7480,optimistic-information,true,301,19,3,14,39
new-facility-zone:7480,saturday,true,284,20,3,14,41
new-facility-zone:7485,primary,true,33,63,6,16,94
new-facility-zone:7485,distance-300,true,118,30,5,7,35
new-facility-zone:7485,distance-500,true,43,63,6,21,113
new-facility-zone:7485,rider-conditional,true,23,63,6,16,94
new-facility-zone:7485,normal-operations,true,33,63,6,16,94
new-facility-zone:7485,optimistic-information,true,33,63,6,16,94
new-facility-zone:7485,saturday,true,51,55,6,16,80
new-facility-zone:7522,primary,true,196,29,3,9,64
new-facility-zone:7522,distance-300,true,129,29,3,7,43
new-facility-zone:7522,distance-500,true,136,41,4,15,96
new-facility-zone:7522,rider-conditional,true,186,29,3,9,64
new-facility-zone:7522,normal-operations,true,196,29,3,9,64
new-facility-zone:7522,optimistic-information,true,192,29,3,9,64
new-facility-zone:7522,saturday,true,195,28,3,9,62
new-facility-zone:7529,primary,true,395,10,2,5,12
new-facility-zone:7529,distance-300,true,404,4,1,3,4
new-facility-zone:7529,distance-500,true,404,10,2,7,15
new-facility-zone:7529,rider-conditional,true,392,10,2,5,12
new-facility-zone:7529,normal-operations,true,395,10,2,5,12
new-facility-zone:7529,optimistic-information,true,391,10,2,5,12
new-facility-zone:7529,saturday,true,388,10,2,5,12
new-facility-zone:7585,primary,true,318,18,2,11,48
new-facility-zone:7585,distance-300,true,254,18,2,7,32
new-facility-zone:7585,distance-500,true,336,18,2,11,48
new-facility-zone:7585,rider-conditional,true,311,18,2,11,48
new-facility-zone:7585,normal-operations,true,318,18,2,11,48
new-facility-zone:7585,optimistic-information,true,311,18,2,11,48
new-facility-zone:7585,saturday,true,321,17,2,11,50
new-facility-zone:7629,primary,true,151,35,3,15,80
new-facility-zone:7629,distance-300,true,93,35,3,8,44
new-facility-zone:7629,distance-500,true,175,35,3,17,88
new-facility-zone:7629,rider-conditional,true,141,35,3,15,80
new-facility-zone:7629,normal-operations,true,151,35,3,15,80
new-facility-zone:7629,optimistic-information,true,148,35,3,15,80
new-facility-zone:7629,saturday,true,139,34,3,15,73
new-facility-zone:7654,primary,true,14,86,6,12,100
new-facility-zone:7654,distance-300,true,31,54,5,7,54
new-facility-zone:7654,distance-500,true,16,86,6,15,114
new-facility-zone:7654,rider-conditional,true,366,13,2,2,13
new-facility-zone:7654,normal-operations,true,14,86,6,12,100
new-facility-zone:7654,optimistic-information,true,14,86,6,12,100
new-facility-zone:7654,saturday,true,15,80,6,12,93
new-facility-zone:7659,primary,true,32,64,4,17,137
new-facility-zone:7659,distance-300,true,92,35,3,9,68
new-facility-zone:7659,distance-500,true,42,64,4,18,145
new-facility-zone:7659,rider-conditional,true,22,64,4,17,137
new-facility-zone:7659,normal-operations,true,32,64,4,17,137
new-facility-zone:7659,optimistic-information,true,32,64,4,17,137
new-facility-zone:7659,saturday,true,31,63,4,17,148
new-facility-zone:7696,primary,true,289,21,2,14,45
new-facility-zone:7696,distance-300,true,209,21,2,9,31
new-facility-zone:7696,distance-500,true,308,21,2,14,45
new-facility-zone:7696,rider-conditional,true,282,21,2,14,45
new-facility-zone:7696,normal-operations,true,289,21,2,14,45
new-facility-zone:7696,optimistic-information,true,284,21,2,14,45
new-facility-zone:7696,saturday,true,265,22,2,14,49
new-facility-zone:7718,primary,true,98,45,6,12,102
new-facility-zone:7718,distance-300,true,67,42,5,8,93
new-facility-zone:7718,distance-500,true,96,47,6,16,129
new-facility-zone:7718,rider-conditional,true,86,45,6,12,102
new-facility-zone:7718,normal-operations,true,98,45,6,12,102
new-facility-zone:7718,optimistic-information,true,94,45,6,12,102
new-facility-zone:7718,saturday,true,117,38,5,12,92
new-facility-zone:7798,primary,true,296,20,4,11,43
new-facility-zone:7798,distance-300,true,287,14,3,10,37
new-facility-zone:7798,distance-500,true,239,27,4,19,73
new-facility-zone:7798,rider-conditional,true,289,20,4,11,43
new-facility-zone:7798,normal-operations,true,296,20,4,11,43
new-facility-zone:7798,optimistic-information,true,341,14,3,10,37
new-facility-zone:7798,saturday,true,283,20,4,11,42
new-facility-zone:7818,primary,true,349,14,2,12,34
new-facility-zone:7818,distance-300,true,337,11,2,7,19
new-facility-zone:7818,distance-500,true,361,14,2,12,34
new-facility-zone:7818,rider-conditional,true,343,14,2,12,34
new-facility-zone:7818,normal-operations,true,349,14,2,12,34
new-facility-zone:7818,optimistic-information,true,344,14,2,12,34
new-facility-zone:7818,saturday,true,353,13,2,12,38
new-facility-zone:782,primary,true,41,60,5,10,102
new-facility-zone:782,distance-300,true,168,25,2,7,57
new-facility-zone:782,distance-500,true,55,60,5,11,104
new-facility-zone:782,rider-conditional,true,31,60,5,10,102
new-facility-zone:782,normal-operations,true,41,60,5,10,102
new-facility-zone:782,optimistic-information,true,40,60,5,10,102
new-facility-zone:782,saturday,true,86,45,3,8,78
new-facility-zone:7835,primary,true,99,45,5,13,76
new-facility-zone:7835,distance-300,true,296,14,1,3,21
new-facility-zone:7835,distance-500,true,113,45,5,14,78
new-facility-zone:7835,rider-conditional,true,87,45,5,13,76
new-facility-zone:7835,normal-operations,true,99,45,5,13,76
new-facility-zone:7835,optimistic-information,true,95,45,5,13,76
new-facility-zone:7835,saturday,true,109,39,5,13,69
new-facility-zone:7836,primary,true,87,47,5,11,115
new-facility-zone:7836,distance-300,true,48,47,5,8,95
new-facility-zone:7836,distance-500,true,100,47,5,12,121
new-facility-zone:7836,rider-conditional,true,75,47,5,11,115
new-facility-zone:7836,normal-operations,true,87,47,5,11,115
new-facility-zone:7836,optimistic-information,true,83,47,5,11,115
new-facility-zone:7836,saturday,true,68,50,5,11,123
new-facility-zone:7844,primary,true,182,30,4,10,52
new-facility-zone:7844,distance-300,true,125,29,4,8,39
new-facility-zone:7844,distance-500,true,214,30,4,14,66
new-facility-zone:7844,rider-conditional,true,172,30,4,10,52
new-facility-zone:7844,normal-operations,true,182,30,4,10,52
new-facility-zone:7844,optimistic-information,true,178,30,4,10,52
new-facility-zone:7844,saturday,true,201,27,4,10,50
new-facility-zone:7865,primary,true,389,11,2,8,24
new-facility-zone:7865,distance-300,true,341,11,2,6,17
new-facility-zone:7865,distance-500,true,388,12,2,10,31
new-facility-zone:7865,rider-conditional,true,386,11,2,8,24
new-facility-zone:7865,normal-operations,true,389,11,2,8,24
new-facility-zone:7865,optimistic-information,true,385,11,2,8,24
new-facility-zone:7865,saturday,true,376,11,2,8,26
new-facility-zone:7930,primary,true,406,7,1,11,27
new-facility-zone:7930,distance-300,true,372,7,1,8,19
new-facility-zone:7930,distance-500,true,325,19,2,14,42
new-facility-zone:7930,rider-conditional,true,403,7,1,11,27
new-facility-zone:7930,normal-operations,true,406,7,1,11,27
new-facility-zone:7930,optimistic-information,true,404,7,1,11,27
new-facility-zone:7930,saturday,true,398,8,1,10,24
new-facility-zone:7938,primary,true,178,31,3,9,45
new-facility-zone:7938,distance-300,true,112,31,3,9,45
new-facility-zone:7938,distance-500,true,187,33,3,15,81
new-facility-zone:7938,rider-conditional,true,168,31,3,9,45
new-facility-zone:7938,normal-operations,true,178,31,3,9,45
new-facility-zone:7938,optimistic-information,true,174,31,3,9,45
new-facility-zone:7938,saturday,true,156,32,3,9,44
new-facility-zone:7953,primary,true,119,40,5,10,85
new-facility-zone:7953,distance-300,true,89,35,5,9,80
new-facility-zone:7953,distance-500,true,126,42,5,14,108
new-facility-zone:7953,rider-conditional,true,108,40,5,10,85
new-facility-zone:7953,normal-operations,true,119,40,5,10,85
new-facility-zone:7953,optimistic-information,true,116,40,5,10,85
new-facility-zone:7953,saturday,true,87,44,5,10,95
new-facility-zone:7965,primary,true,144,36,3,12,97
new-facility-zone:7965,distance-300,true,96,34,3,8,60
new-facility-zone:7965,distance-500,true,160,37,3,14,114
new-facility-zone:7965,rider-conditional,true,133,36,3,12,97
new-facility-zone:7965,normal-operations,true,144,36,3,12,97
new-facility-zone:7965,optimistic-information,true,141,36,3,12,97
new-facility-zone:7965,saturday,true,154,32,3,12,87
new-facility-zone:7973,primary,true,305,20,2,7,34
new-facility-zone:7973,distance-300,true,240,19,2,4,19
new-facility-zone:7973,distance-500,true,317,20,2,11,55
new-facility-zone:7973,rider-conditional,true,298,20,2,7,34
new-facility-zone:7973,normal-operations,true,305,20,2,7,34
new-facility-zone:7973,optimistic-information,true,299,20,2,7,34
new-facility-zone:7973,saturday,true,281,21,2,7,38
new-facility-zone:8026,primary,true,391,11,2,4,21
new-facility-zone:8026,distance-300,true,346,11,2,2,11
new-facility-zone:8026,distance-500,true,338,17,3,7,32
new-facility-zone:8026,rider-conditional,true,388,11,2,4,21
new-facility-zone:8026,normal-operations,true,391,11,2,4,21
new-facility-zone:8026,optimistic-information,true,387,11,2,4,21
new-facility-zone:8026,saturday,true,371,12,2,4,24
new-facility-zone:8034,primary,true,254,24,3,8,44
new-facility-zone:8034,distance-300,true,257,18,2,5,25
new-facility-zone:8034,distance-500,true,206,31,3,15,73
new-facility-zone:8034,rider-conditional,true,245,24,3,8,44
new-facility-zone:8034,normal-operations,true,254,24,3,8,44
new-facility-zone:8034,optimistic-information,true,316,18,2,5,25
new-facility-zone:8034,saturday,true,247,23,3,8,43
new-facility-zone:805,primary,true,48,58,3,10,83
new-facility-zone:805,distance-300,true,313,13,1,3,19
new-facility-zone:805,distance-500,true,30,72,4,13,118
new-facility-zone:805,rider-conditional,true,37,58,3,10,83
new-facility-zone:805,normal-operations,true,48,58,3,10,83
new-facility-zone:805,optimistic-information,true,47,58,3,10,83
new-facility-zone:805,saturday,true,42,58,3,10,84
new-facility-zone:8069,primary,true,174,31,5,14,54
new-facility-zone:8069,distance-300,true,268,16,3,9,30
new-facility-zone:8069,distance-500,true,132,41,5,17,77
new-facility-zone:8069,rider-conditional,true,164,31,5,14,54
new-facility-zone:8069,normal-operations,true,174,31,5,14,54
new-facility-zone:8069,optimistic-information,true,170,31,5,14,54
new-facility-zone:8069,saturday,true,255,22,5,14,35
new-facility-zone:812,primary,true,185,30,3,12,63
new-facility-zone:812,distance-300,true,121,30,3,10,54
new-facility-zone:812,distance-500,true,156,37,4,17,84
new-facility-zone:812,rider-conditional,true,175,30,3,12,63
new-facility-zone:812,normal-operations,true,185,30,3,12,63
new-facility-zone:812,optimistic-information,true,181,30,3,12,63
new-facility-zone:812,saturday,true,193,28,3,12,60
new-facility-zone:8125,primary,true,96,46,3,9,69
new-facility-zone:8125,distance-300,true,329,12,1,2,12
new-facility-zone:8125,distance-500,true,72,56,3,10,79
new-facility-zone:8125,rider-conditional,true,84,46,3,9,69
new-facility-zone:8125,normal-operations,true,96,46,3,9,69
new-facility-zone:8125,optimistic-information,true,92,46,3,9,69
new-facility-zone:8125,saturday,true,85,45,3,9,68
new-facility-zone:8234,primary,true,120,40,4,17,74
new-facility-zone:8234,distance-300,true,74,39,4,12,54
new-facility-zone:8234,distance-500,true,138,40,4,20,82
new-facility-zone:8234,rider-conditional,true,109,40,4,17,74
new-facility-zone:8234,normal-operations,true,120,40,4,17,74
new-facility-zone:8234,optimistic-information,true,117,40,4,17,74
new-facility-zone:8234,saturday,true,103,41,4,17,74
new-facility-zone:8262,primary,true,390,11,2,8,19
new-facility-zone:8262,distance-300,true,344,11,2,4,11
new-facility-zone:8262,distance-500,true,400,11,2,8,19
new-facility-zone:8262,rider-conditional,true,387,11,2,8,19
new-facility-zone:8262,normal-operations,true,390,11,2,8,19
new-facility-zone:8262,optimistic-information,true,386,11,2,8,19
new-facility-zone:8262,saturday,true,384,10,2,8,14
new-facility-zone:8269,primary,true,180,31,3,8,65
new-facility-zone:8269,distance-300,true,123,30,3,4,30
new-facility-zone:8269,distance-500,true,210,31,3,12,83
new-facility-zone:8269,rider-conditional,true,170,31,3,8,65
new-facility-zone:8269,normal-operations,true,180,31,3,8,65
new-facility-zone:8269,optimistic-information,true,176,31,3,8,65
new-facility-zone:8269,saturday,true,205,27,3,8,58
new-facility-zone:8270,primary,true,321,18,2,9,45
new-facility-zone:8270,distance-300,true,250,18,2,8,43
new-facility-zone:8270,distance-500,true,213,30,4,15,80
new-facility-zone:8270,rider-conditional,true,314,18,2,9,45
new-facility-zone:8270,normal-operations,true,321,18,2,9,45
new-facility-zone:8270,optimistic-information,true,314,18,2,9,45
new-facility-zone:8270,saturday,true,357,13,2,9,36
new-facility-zone:8273,primary,true,312,19,2,9,41
new-facility-zone:8273,distance-300,true,239,19,2,5,22
new-facility-zone:8273,distance-500,true,328,19,2,10,44
new-facility-zone:8273,rider-conditional,true,305,19,2,9,41
new-facility-zone:8273,normal-operations,true,312,19,2,9,41
new-facility-zone:8273,optimistic-information,true,306,19,2,9,41
new-facility-zone:8273,saturday,true,331,16,2,9,35
new-facility-zone:8283,primary,true,224,26,4,13,79
new-facility-zone:8283,distance-300,true,157,25,4,9,52
new-facility-zone:8283,distance-500,true,250,26,4,15,92
new-facility-zone:8283,rider-conditional,true,214,26,4,13,79
new-facility-zone:8283,normal-operations,true,224,26,4,13,79
new-facility-zone:8283,optimistic-information,true,220,26,4,13,79
new-facility-zone:8283,saturday,true,289,20,2,10,69
new-facility-zone:8293,primary,true,150,35,4,8,52
new-facility-zone:8293,distance-300,true,378,7,1,3,10
new-facility-zone:8293,distance-500,true,173,35,4,8,52
new-facility-zone:8293,rider-conditional,true,140,35,4,8,52
new-facility-zone:8293,normal-operations,true,150,35,4,8,52
new-facility-zone:8293,optimistic-information,true,147,35,4,8,52
new-facility-zone:8293,saturday,true,131,36,4,8,52
new-facility-zone:833,primary,true,335,16,2,11,39
new-facility-zone:833,distance-300,true,281,15,2,8,27
new-facility-zone:833,distance-500,true,348,16,2,13,46
new-facility-zone:833,rider-conditional,true,329,16,2,11,39
new-facility-zone:833,normal-operations,true,335,16,2,11,39
new-facility-zone:833,optimistic-information,true,329,16,2,11,39
new-facility-zone:833,saturday,true,354,13,2,11,36
new-facility-zone:8429,primary,true,364,13,2,17,50
new-facility-zone:8429,distance-300,true,317,12,2,10,29
new-facility-zone:8429,distance-500,true,375,13,2,18,53
new-facility-zone:8429,rider-conditional,true,359,13,2,17,50
new-facility-zone:8429,normal-operations,true,364,13,2,17,50
new-facility-zone:8429,optimistic-information,true,360,13,2,17,50
new-facility-zone:8429,saturday,true,379,10,2,17,37
new-facility-zone:843,primary,true,315,18,3,6,33
new-facility-zone:843,distance-300,true,356,10,2,2,16
new-facility-zone:843,distance-500,true,332,18,3,6,33
new-facility-zone:843,rider-conditional,true,308,18,3,6,33
new-facility-zone:843,normal-operations,true,315,18,3,6,33
new-facility-zone:843,optimistic-information,true,308,18,3,6,33
new-facility-zone:843,saturday,true,319,17,3,6,34
new-facility-zone:8447,primary,true,299,20,3,8,30
new-facility-zone:8447,distance-300,true,234,19,3,6,21
new-facility-zone:8447,distance-500,true,313,20,3,12,48
new-facility-zone:8447,rider-conditional,true,292,20,3,8,30
new-facility-zone:8447,normal-operations,true,299,20,3,8,30
new-facility-zone:8447,optimistic-information,true,293,20,3,8,30
new-facility-zone:8447,saturday,true,326,16,3,8,27
new-facility-zone:8527,primary,true,356,14,2,7,22
new-facility-zone:8527,distance-300,true,413,2,1,2,4
new-facility-zone:8527,distance-500,true,349,16,2,11,32
new-facility-zone:8527,rider-conditional,true,350,14,2,7,22
new-facility-zone:8527,normal-operations,true,356,14,2,7,22
new-facility-zone:8527,optimistic-information,true,351,14,2,7,22
new-facility-zone:8527,saturday,true,336,15,2,7,25
new-facility-zone:8545,primary,true,24,71,5,15,121
new-facility-zone:8545,distance-300,true,43,49,5,8,67
new-facility-zone:8545,distance-500,true,32,71,5,19,140
new-facility-zone:8545,rider-conditional,true,14,71,5,15,121
new-facility-zone:8545,normal-operations,true,24,71,5,15,121
new-facility-zone:8545,optimistic-information,true,24,71,5,15,121
new-facility-zone:8545,saturday,true,36,61,5,15,108
new-facility-zone:8555,primary,true,63,54,5,10,72
new-facility-zone:8555,distance-300,true,216,21,2,5,27
new-facility-zone:8555,distance-500,true,29,73,6,16,109
new-facility-zone:8555,rider-conditional,true,53,54,5,10,72
new-facility-zone:8555,normal-operations,true,63,54,5,10,72
new-facility-zone:8555,optimistic-information,true,61,54,5,10,72
new-facility-zone:8555,saturday,true,64,51,5,10,67
new-facility-zone:8578,primary,true,108,43,4,13,91
new-facility-zone:8578,distance-300,true,100,33,3,7,50
new-facility-zone:8578,distance-500,true,71,56,5,14,104
new-facility-zone:8578,rider-conditional,true,97,43,4,13,91
new-facility-zone:8578,normal-operations,true,108,43,4,13,91
new-facility-zone:8578,optimistic-information,true,105,43,4,13,91
new-facility-zone:8578,saturday,true,88,44,4,13,88
new-facility-zone:865,primary,true,111,42,4,15,67
new-facility-zone:865,distance-300,true,225,20,2,8,34
new-facility-zone:865,distance-500,true,127,42,4,19,88
new-facility-zone:865,rider-conditional,true,100,42,4,15,67
new-facility-zone:865,normal-operations,true,111,42,4,15,67
new-facility-zone:865,optimistic-information,true,108,42,4,15,67
new-facility-zone:865,saturday,true,118,38,4,15,59
new-facility-zone:8779,primary,true,404,8,1,6,20
new-facility-zone:8779,distance-300,true,381,7,1,2,7
new-facility-zone:8779,distance-500,true,410,8,1,6,20
new-facility-zone:8779,rider-conditional,true,401,8,1,6,20
new-facility-zone:8779,normal-operations,true,404,8,1,6,20
new-facility-zone:8779,optimistic-information,true,400,8,1,6,20
new-facility-zone:8779,saturday,true,410,4,1,6,12
new-facility-zone:8788,primary,true,248,24,3,13,56
new-facility-zone:8788,distance-300,true,251,18,2,8,35
new-facility-zone:8788,distance-500,true,241,27,3,16,64
new-facility-zone:8788,rider-conditional,true,239,24,3,13,56
new-facility-zone:8788,normal-operations,true,248,24,3,13,56
new-facility-zone:8788,optimistic-information,true,243,24,3,13,56
new-facility-zone:8788,saturday,true,259,22,3,13,55
new-facility-zone:88,primary,true,225,26,4,13,66
new-facility-zone:88,distance-300,true,223,20,3,4,20
new-facility-zone:88,distance-500,true,191,32,4,14,72
new-facility-zone:88,rider-conditional,true,215,26,4,13,66
new-facility-zone:88,normal-operations,true,225,26,4,13,66
new-facility-zone:88,optimistic-information,true,221,26,4,13,66
new-facility-zone:88,saturday,true,243,23,4,13,56
new-facility-zone:8844,primary,true,155,34,5,8,85
new-facility-zone:8844,distance-300,true,94,34,5,6,62
new-facility-zone:8844,distance-500,true,151,38,5,10,102
new-facility-zone:8844,rider-conditional,true,145,34,5,8,85
new-facility-zone:8844,normal-operations,true,155,34,5,8,85
new-facility-zone:8844,optimistic-information,true,151,34,5,8,85
new-facility-zone:8844,saturday,true,162,31,4,8,80
new-facility-zone:8878,primary,true,4,114,10,18,165
new-facility-zone:8878,distance-300,true,59,44,5,9,62
new-facility-zone:8878,distance-500,true,3,130,11,23,205
new-facility-zone:8878,rider-conditional,true,40,57,6,6,69
new-facility-zone:8878,normal-operations,true,4,114,10,18,165
new-facility-zone:8878,optimistic-information,true,4,114,10,18,165
new-facility-zone:8878,saturday,true,5,100,8,17,156
new-facility-zone:8910,primary,true,141,36,3,17,89
new-facility-zone:8910,distance-300,true,210,21,2,9,43
new-facility-zone:8910,distance-500,true,47,62,6,23,128
new-facility-zone:8910,rider-conditional,true,130,36,3,17,89
new-facility-zone:8910,normal-operations,true,141,36,3,17,89
new-facility-zone:8910,optimistic-information,true,138,36,3,17,89
new-facility-zone:8910,saturday,true,138,34,3,17,86
new-facility-zone:8931,primary,true,26,69,3,14,165
new-facility-zone:8931,distance-300,true,36,52,2,8,103
new-facility-zone:8931,distance-500,true,31,72,3,16,192
new-facility-zone:8931,rider-conditional,true,16,69,3,14,165
new-facility-zone:8931,normal-operations,true,26,69,3,14,165
new-facility-zone:8931,optimistic-information,true,27,68,3,13,152
new-facility-zone:8931,saturday,true,22,68,3,14,157
new-facility-zone:8966,primary,true,216,27,3,12,65
new-facility-zone:8966,distance-300,true,161,25,3,8,38
new-facility-zone:8966,distance-500,true,243,27,3,12,65
new-facility-zone:8966,rider-conditional,true,206,27,3,12,65
new-facility-zone:8966,normal-operations,true,216,27,3,12,65
new-facility-zone:8966,optimistic-information,true,212,27,3,12,65
new-facility-zone:8966,saturday,true,299,19,2,12,52
new-facility-zone:8975,primary,true,131,39,4,8,60
new-facility-zone:8975,distance-300,true,85,37,3,6,51
new-facility-zone:8975,distance-500,true,146,39,4,10,69
new-facility-zone:8975,rider-conditional,true,120,39,4,8,60
new-facility-zone:8975,normal-operations,true,131,39,4,8,60
new-facility-zone:8975,optimistic-information,true,127,39,4,8,60
new-facility-zone:8975,saturday,true,135,35,4,8,53
new-facility-zone:9003,primary,true,110,42,6,13,55
new-facility-zone:9003,distance-300,true,288,14,3,5,14
new-facility-zone:9003,distance-500,true,122,43,6,17,72
new-facility-zone:9003,rider-conditional,true,99,42,6,13,55
new-facility-zone:9003,normal-operations,true,110,42,6,13,55
new-facility-zone:9003,optimistic-information,true,107,42,6,13,55
new-facility-zone:9003,saturday,true,98,42,6,13,53
new-facility-zone:9064,primary,true,118,41,4,11,49
new-facility-zone:9064,distance-300,true,184,23,3,8,29
new-facility-zone:9064,distance-500,true,101,47,4,16,63
new-facility-zone:9064,rider-conditional,true,107,41,4,11,49
new-facility-zone:9064,normal-operations,true,118,41,4,11,49
new-facility-zone:9064,optimistic-information,true,115,41,4,11,49
new-facility-zone:9064,saturday,true,90,44,4,11,53
new-facility-zone:9146,primary,true,117,41,4,14,77
new-facility-zone:9146,distance-300,true,207,21,2,10,43
new-facility-zone:9146,distance-500,true,20,83,6,25,142
new-facility-zone:9146,rider-conditional,true,106,41,4,14,77
new-facility-zone:9146,normal-operations,true,117,41,4,14,77
new-facility-zone:9146,optimistic-information,true,114,41,4,14,77
new-facility-zone:9146,saturday,true,119,38,4,14,75
new-facility-zone:9193,primary,true,375,12,2,6,29
new-facility-zone:9193,distance-300,true,363,9,2,4,18
new-facility-zone:9193,distance-500,true,347,16,3,8,41
new-facility-zone:9193,rider-conditional,true,371,12,2,6,29
new-facility-zone:9193,normal-operations,true,375,12,2,6,29
new-facility-zone:9193,optimistic-information,true,372,12,2,6,29
new-facility-zone:9193,saturday,true,411,4,1,6,12
new-facility-zone:9289,primary,true,363,13,3,6,27
new-facility-zone:9289,distance-300,true,299,13,3,3,18
new-facility-zone:9289,distance-500,true,373,13,3,7,29
new-facility-zone:9289,rider-conditional,true,357,13,3,6,27
new-facility-zone:9289,normal-operations,true,363,13,3,6,27
new-facility-zone:9289,optimistic-information,true,359,13,3,6,27
new-facility-zone:9289,saturday,true,370,12,2,6,26
new-facility-zone:9327,primary,true,400,9,2,9,19
new-facility-zone:9327,distance-300,true,382,6,2,6,12
new-facility-zone:9327,distance-500,true,208,31,3,13,45
new-facility-zone:9327,rider-conditional,true,397,9,2,9,19
new-facility-zone:9327,normal-operations,true,400,9,2,9,19
new-facility-zone:9327,optimistic-information,true,396,9,2,9,19
new-facility-zone:9327,saturday,true,374,11,2,9,26
new-facility-zone:9348,primary,true,30,65,7,16,107
new-facility-zone:9348,distance-300,true,232,19,3,7,34
new-facility-zone:9348,distance-500,true,33,70,7,20,125
new-facility-zone:9348,rider-conditional,true,20,65,7,16,107
new-facility-zone:9348,normal-operations,true,30,65,7,16,107
new-facility-zone:9348,optimistic-information,true,30,65,7,16,107
new-facility-zone:9348,saturday,true,45,56,7,16,91
new-facility-zone:9351,primary,true,163,33,4,9,62
new-facility-zone:9351,distance-300,true,326,12,1,4,23
new-facility-zone:9351,distance-500,true,78,55,5,13,89
new-facility-zone:9351,rider-conditional,true,153,33,4,9,62
new-facility-zone:9351,normal-operations,true,163,33,4,9,62
new-facility-zone:9351,optimistic-information,true,158,33,4,9,62
new-facility-zone:9351,saturday,true,173,30,4,9,60
new-facility-zone:9417,primary,true,145,36,3,12,82
new-facility-zone:9417,distance-300,true,127,29,3,9,55
new-facility-zone:9417,distance-500,true,167,36,3,12,82
new-facility-zone:9417,rider-conditional,true,134,36,3,12,82
new-facility-zone:9417,normal-operations,true,145,36,3,12,82
new-facility-zone:9417,optimistic-information,true,142,36,3,12,82
new-facility-zone:9417,saturday,true,140,34,3,12,79
new-facility-zone:9421,primary,true,328,17,2,9,31
new-facility-zone:9421,distance-300,true,272,16,2,8,24
new-facility-zone:9421,distance-500,true,343,17,2,12,49
new-facility-zone:9421,rider-conditional,true,321,17,2,9,31
new-facility-zone:9421,normal-operations,true,328,17,2,9,31
new-facility-zone:9421,optimistic-information,true,322,17,2,9,31
new-facility-zone:9421,saturday,true,311,18,2,9,33
new-facility-zone:9466,primary,true,282,22,2,8,46
new-facility-zone:9466,distance-300,true,200,22,2,5,28
new-facility-zone:9466,distance-500,true,299,22,2,10,49
new-facility-zone:9466,rider-conditional,true,275,22,2,8,46
new-facility-zone:9466,normal-operations,true,282,22,2,8,46
new-facility-zone:9466,optimistic-information,true,276,22,2,8,46
new-facility-zone:9466,saturday,true,323,17,2,8,41
new-facility-zone:9502,primary,true,379,11,3,11,31
new-facility-zone:9502,distance-300,true,362,9,2,6,17
new-facility-zone:9502,distance-500,true,371,13,3,13,35
new-facility-zone:9502,rider-conditional,true,375,11,3,11,31
new-facility-zone:9502,normal-operations,true,379,11,3,11,31
new-facility-zone:9502,optimistic-information,true,376,11,3,11,31
new-facility-zone:9502,saturday,true,347,13,3,11,34
new-facility-zone:9540,primary,true,39,61,6,14,165
new-facility-zone:9540,distance-300,true,44,49,5,7,73
new-facility-zone:9540,distance-500,true,35,67,7,17,177
new-facility-zone:9540,rider-conditional,true,29,61,6,14,165
new-facility-zone:9540,normal-operations,true,39,61,6,14,165
new-facility-zone:9540,optimistic-information,true,38,61,6,14,165
new-facility-zone:9540,saturday,true,46,56,5,14,156
new-facility-zone:9597,primary,true,38,61,6,19,192
new-facility-zone:9597,distance-300,true,23,58,6,13,136
new-facility-zone:9597,distance-500,true,52,61,6,19,192
new-facility-zone:9597,rider-conditional,true,28,61,6,19,192
new-facility-zone:9597,normal-operations,true,38,61,6,19,192
new-facility-zone:9597,optimistic-information,true,37,61,6,19,192
new-facility-zone:9597,saturday,true,40,58,6,19,198
new-facility-zone:9710,primary,true,129,39,4,11,70
new-facility-zone:9710,distance-300,true,201,22,2,5,31
new-facility-zone:9710,distance-500,true,145,39,4,11,70
new-facility-zone:9710,rider-conditional,true,118,39,4,11,70
new-facility-zone:9710,normal-operations,true,129,39,4,11,70
new-facility-zone:9710,optimistic-information,true,125,39,4,11,70
new-facility-zone:9710,saturday,true,167,31,3,11,56
new-facility-zone:9819,primary,true,405,7,2,5,13
new-facility-zone:9819,distance-300,true,397,4,2,3,6
new-facility-zone:9819,distance-500,true,407,8,3,6,14
new-facility-zone:9819,rider-conditional,true,402,7,2,5,13
new-facility-zone:9819,normal-operations,true,405,7,2,5,13
new-facility-zone:9819,optimistic-information,true,403,7,2,5,13
new-facility-zone:9819,saturday,true,404,5,2,5,10
new-facility-zone:9842,primary,true,251,24,3,10,65
new-facility-zone:9842,distance-300,true,294,14,1,6,42
new-facility-zone:9842,distance-500,true,234,28,3,12,83
new-facility-zone:9842,rider-conditional,true,242,24,3,10,65
new-facility-zone:9842,normal-operations,true,251,24,3,10,65
new-facility-zone:9842,optimistic-information,true,246,24,3,10,65
new-facility-zone:9842,saturday,true,169,31,3,10,89
new-facility-zone:9844,primary,true,227,26,3,14,52
new-facility-zone:9844,distance-300,true,220,20,3,8,30
new-facility-zone:9844,distance-500,true,232,28,3,19,72
new-facility-zone:9844,rider-conditional,true,217,26,3,14,52
new-facility-zone:9844,normal-operations,true,227,26,3,14,52
new-facility-zone:9844,optimistic-information,true,367,13,2,3,13
new-facility-zone:9844,saturday,true,212,26,3,14,53
new-facility-zone:9884,primary,true,326,17,2,11,44
new-facility-zone:9884,distance-300,true,263,17,2,8,29
new-facility-zone:9884,distance-500,true,341,17,2,14,54
new-facility-zone:9884,rider-conditional,true,319,17,2,11,44
new-facility-zone:9884,normal-operations,true,326,17,2,11,44
new-facility-zone:9884,optimistic-information,true,320,17,2,11,44
new-facility-zone:9884,saturday,true,310,18,2,11,47
new-facility-zone:9930,primary,true,238,25,3,14,82
new-facility-zone:9930,distance-300,true,180,23,3,10,55
new-facility-zone:9930,distance-500,true,270,25,3,17,96
new-facility-zone:9930,rider-conditional,true,228,25,3,14,82
new-facility-zone:9930,normal-operations,true,238,25,3,14,82
new-facility-zone:9930,optimistic-information,true,233,25,3,14,82
new-facility-zone:9930,saturday,true,296,19,3,14,69
new-facility-zone:9974,primary,true,339,16,2,7,25
new-facility-zone:9974,distance-300,true,386,6,1,5,12
new-facility-zone:9974,distance-500,true,263,26,2,13,46
new-facility-zone:9974,rider-conditional,true,333,16,2,7,25
new-facility-zone:9974,normal-operations,true,339,16,2,7,25
new-facility-zone:9974,optimistic-information,true,333,16,2,7,25
new-facility-zone:9974,saturday,true,337,15,2,7,21
verify-accessibility:parks:13866,primary,true,3,5,1,2,5
verify-accessibility:parks:13866,distance-300,true,4,0,0,0,0
verify-accessibility:parks:13866,distance-500,true,3,5,1,2,5
verify-accessibility:parks:13866,rider-conditional,true,3,5,1,2,5
verify-accessibility:parks:13866,normal-operations,true,3,5,1,2,5
verify-accessibility:parks:13866,optimistic-information,false,not applicable,not applicable,not applicable,not applicable,not applicable
verify-accessibility:parks:13866,saturday,true,2,2,1,2,2
verify-accessibility:parks:1729,primary,true,1,14,2,6,21
verify-accessibility:parks:1729,distance-300,true,1,14,2,5,19
verify-accessibility:parks:1729,distance-500,true,1,15,2,9,34
verify-accessibility:parks:1729,rider-conditional,true,1,14,2,6,21
verify-accessibility:parks:1729,normal-operations,true,1,14,2,6,21
verify-accessibility:parks:1729,optimistic-information,false,not applicable,not applicable,not applicable,not applicable,not applicable
verify-accessibility:parks:1729,saturday,true,4,0,0,0,0
verify-accessibility:parks:2105,primary,true,4,3,1,2,3
verify-accessibility:parks:2105,distance-300,true,3,3,1,2,3
verify-accessibility:parks:2105,distance-500,true,4,3,1,2,3
verify-accessibility:parks:2105,rider-conditional,true,4,3,1,2,3
verify-accessibility:parks:2105,normal-operations,true,4,3,1,2,3
verify-accessibility:parks:2105,optimistic-information,false,not applicable,not applicable,not applicable,not applicable,not applicable
verify-accessibility:parks:2105,saturday,true,3,2,1,2,2
verify-accessibility:parks:281,primary,true,2,7,1,1,7
verify-accessibility:parks:281,distance-300,true,2,7,1,1,7
verify-accessibility:parks:281,distance-500,true,2,7,1,1,7
verify-accessibility:parks:281,rider-conditional,true,2,7,1,1,7
verify-accessibility:parks:281,normal-operations,true,2,7,1,1,7
verify-accessibility:parks:281,optimistic-information,false,not applicable,not applicable,not applicable,not applicable,not applicable
verify-accessibility:parks:281,saturday,true,1,10,1,1,10
verify-hours:automated:PW-00001,primary,true,9,24,1,2,24
verify-hours:automated:PW-00001,distance-300,true,5,24,1,2,24
verify-hours:automated:PW-00001,distance-500,true,4,49,2,6,91
verify-hours:automated:PW-00001,rider-conditional,true,9,24,1,2,24
verify-hours:automated:PW-00001,normal-operations,true,9,24,1,2,24
verify-hours:automated:PW-00001,optimistic-information,false,not applicable,not applicable,not applicable,not applicable,not applicable
verify-hours:automated:PW-00001,saturday,true,3,28,1,2,28
verify-hours:automated:PW-00002,primary,true,20,14,1,3,27
verify-hours:automated:PW-00002,distance-300,true,11,14,1,1,14
verify-hours:automated:PW-00002,distance-500,true,21,14,1,3,27
verify-hours:automated:PW-00002,rider-conditional,true,20,14,1,3,27
verify-hours:automated:PW-00002,normal-operations,true,20,14,1,3,27
verify-hours:automated:PW-00002,optimistic-information,false,not applicable,not applicable,not applicable,not applicable,not applicable
verify-hours:automated:PW-00002,saturday,true,17,14,1,3,27
verify-hours:automated:PW-00003,primary,true,32,0,0,0,0
verify-hours:automated:PW-00003,distance-300,true,28,0,0,0,0
verify-hours:automated:PW-00003,distance-500,true,30,7,1,1,7
verify-hours:automated:PW-00003,rider-conditional,true,32,0,0,0,0
verify-hours:automated:PW-00003,normal-operations,true,32,0,0,0,0
verify-hours:automated:PW-00003,optimistic-information,false,not applicable,not applicable,not applicable,not applicable,not applicable
verify-hours:automated:PW-00003,saturday,true,32,0,0,0,0
verify-hours:automated:PW-00011,primary,true,1,51,2,4,96
verify-hours:automated:PW-00011,distance-300,true,1,51,2,4,96
verify-hours:automated:PW-00011,distance-500,true,1,62,3,7,152
verify-hours:automated:PW-00011,rider-conditional,true,1,51,2,4,96
verify-hours:automated:PW-00011,normal-operations,true,1,51,2,4,96
verify-hours:automated:PW-00011,optimistic-information,false,not applicable,not applicable,not applicable,not applicable,not applicable
verify-hours:automated:PW-00011,saturday,true,1,53,2,4,100
verify-hours:crem:001913-B02,primary,true,13,20,3,11,39
verify-hours:crem:001913-B02,distance-300,true,12,13,2,5,17
verify-hours:crem:001913-B02,distance-500,true,11,27,3,16,58
verify-hours:crem:001913-B02,rider-conditional,true,13,20,3,11,39
verify-hours:crem:001913-B02,normal-operations,true,13,20,3,11,39
verify-hours:crem:001913-B02,optimistic-information,false,not applicable,not applicable,not applicable,not applicable,not applicable
verify-hours:crem:001913-B02,saturday,true,12,19,3,11,39
verify-hours:crem:003889-B03,primary,true,16,17,1,3,25
verify-hours:crem:003889-B03,distance-300,true,18,9,1,1,9
verify-hours:crem:003889-B03,distance-500,true,17,17,1,5,43
verify-hours:crem:003889-B03,rider-conditional,true,16,17,1,3,25
verify-hours:crem:003889-B03,normal-operations,true,16,17,1,3,25
verify-hours:crem:003889-B03,optimistic-information,false,not applicable,not applicable,not applicable,not applicable,not applicable
verify-hours:crem:003889-B03,saturday,true,16,16,1,3,24
verify-hours:crem:004577-B04,primary,true,17,16,2,2,16
verify-hours:crem:004577-B04,distance-300,true,37,0,0,0,0
verify-hours:crem:004577-B04,distance-500,true,9,30,2,6,34
verify-hours:crem:004577-B04,rider-conditional,true,17,16,2,2,16
verify-hours:crem:004577-B04,normal-operations,true,17,16,2,2,16
verify-hours:crem:004577-B04,optimistic-information,false,not applicable,not applicable,not applicable,not applicable,not applicable
verify-hours:crem:004577-B04,saturday,true,15,16,2,2,16
verify-hours:parks:12,primary,true,31,0,0,0,0
verify-hours:parks:12,distance-300,true,26,0,0,0,0
verify-hours:parks:12,distance-500,true,29,8,1,1,8
verify-hours:parks:12,rider-conditional,true,31,0,0,0,0
verify-hours:parks:12,normal-operations,true,31,0,0,0,0
verify-hours:parks:12,optimistic-information,false,not applicable,not applicable,not applicable,not applicable,not applicable
verify-hours:parks:12,saturday,true,31,0,0,0,0
verify-hours:parks:13061,primary,true,18,15,1,3,27
verify-hours:parks:13061,distance-300,true,10,15,1,1,15
verify-hours:parks:13061,distance-500,true,18,15,1,3,27
verify-hours:parks:13061,rider-conditional,true,18,15,1,3,27
verify-hours:parks:13061,normal-operations,true,18,15,1,3,27
verify-hours:parks:13061,optimistic-information,false,not applicable,not applicable,not applicable,not applicable,not applicable
verify-hours:parks:13061,saturday,true,18,13,1,3,25
verify-hours:parks:13388,primary,true,26,3,1,2,3
verify-hours:parks:13388,distance-300,true,27,0,0,0,0
verify-hours:parks:13388,distance-500,true,37,3,1,2,3
verify-hours:parks:13388,rider-conditional,true,26,3,1,2,3
verify-hours:parks:13388,normal-operations,true,26,3,1,2,3
verify-hours:parks:13388,optimistic-information,false,not applicable,not applicable,not applicable,not applicable,not applicable
verify-hours:parks:13388,saturday,true,26,4,1,2,4
verify-hours:parks:13499,primary,true,6,25,2,8,50
verify-hours:parks:13499,distance-300,true,3,25,2,7,44
verify-hours:parks:13499,distance-500,true,13,26,2,12,74
verify-hours:parks:13499,rider-conditional,true,6,25,2,8,50
verify-hours:parks:13499,normal-operations,true,6,25,2,8,50
verify-hours:parks:13499,optimistic-information,false,not applicable,not applicable,not applicable,not applicable,not applicable
verify-hours:parks:13499,saturday,true,6,26,2,8,50
verify-hours:parks:14102,primary,true,49,0,0,0,0
verify-hours:parks:14102,distance-300,true,48,0,0,0,0
verify-hours:parks:14102,distance-500,true,49,0,0,0,0
verify-hours:parks:14102,rider-conditional,true,49,0,0,0,0
verify-hours:parks:14102,normal-operations,true,49,0,0,0,0
verify-hours:parks:14102,optimistic-information,false,not applicable,not applicable,not applicable,not applicable,not applicable
verify-hours:parks:14102,saturday,true,49,0,0,0,0
verify-hours:parks:1847,primary,true,39,0,0,0,0
verify-hours:parks:1847,distance-300,true,35,0,0,0,0
verify-hours:parks:1847,distance-500,true,43,0,0,0,0
verify-hours:parks:1847,rider-conditional,true,39,0,0,0,0
verify-hours:parks:1847,normal-operations,true,39,0,0,0,0
verify-hours:parks:1847,optimistic-information,false,not applicable,not applicable,not applicable,not applicable,not applicable
verify-hours:parks:1847,saturday,true,39,0,0,0,0
verify-hours:parks:2056,primary,true,33,0,0,0,0
verify-hours:parks:2056,distance-300,true,29,0,0,0,0
verify-hours:parks:2056,distance-500,true,40,0,0,0,0
verify-hours:parks:2056,rider-conditional,true,33,0,0,0,0
verify-hours:parks:2056,normal-operations,true,33,0,0,0,0
verify-hours:parks:2056,optimistic-information,false,not applicable,not applicable,not applicable,not applicable,not applicable
verify-hours:parks:2056,saturday,true,33,0,0,0,0
verify-hours:parks:28888,primary,true,11,22,2,4,44
verify-hours:parks:28888,distance-300,true,6,22,2,3,33
verify-hours:parks:28888,distance-500,true,6,35,3,7,77
verify-hours:parks:28888,rider-conditional,true,11,22,2,4,44
verify-hours:parks:28888,normal-operations,true,11,22,2,4,44
verify-hours:parks:28888,optimistic-information,false,not applicable,not applicable,not applicable,not applicable,not applicable
verify-hours:parks:28888,saturday,true,5,27,2,4,52
verify-hours:parks:28897,primary,true,5,26,3,5,26
verify-hours:parks:28897,distance-300,true,16,12,1,2,12
verify-hours:parks:28897,distance-500,true,2,61,5,14,92
verify-hours:parks:28897,rider-conditional,true,5,26,3,5,26
verify-hours:parks:28897,normal-operations,true,5,26,3,5,26
verify-hours:parks:28897,optimistic-information,false,not applicable,not applicable,not applicable,not applicable,not applicable
verify-hours:parks:28897,saturday,true,4,27,3,5,27
verify-hours:parks:28899,primary,true,44,0,0,0,0
verify-hours:parks:28899,distance-300,true,42,0,0,0,0
verify-hours:parks:28899,distance-500,true,33,5,1,2,7
verify-hours:parks:28899,rider-conditional,true,44,0,0,0,0
verify-hours:parks:28899,normal-operations,true,44,0,0,0,0
verify-hours:parks:28899,optimistic-information,false,not applicable,not applicable,not applicable,not applicable,not applicable
verify-hours:parks:28899,saturday,true,44,0,0,0,0
verify-hours:parks:28908,primary,true,23,8,2,9,21
verify-hours:parks:28908,distance-300,true,21,5,1,5,12
verify-hours:parks:28908,distance-500,true,25,11,2,12,28
verify-hours:parks:28908,rider-conditional,true,23,8,2,9,21
verify-hours:parks:28908,normal-operations,true,23,8,2,9,21
verify-hours:parks:28908,optimistic-information,false,not applicable,not applicable,not applicable,not applicable,not applicable
verify-hours:parks:28908,saturday,true,22,9,2,9,25
verify-hours:parks:28910,primary,true,15,17,2,8,31
verify-hours:parks:28910,distance-300,true,9,17,2,7,27
verify-hours:parks:28910,distance-500,true,16,18,2,10,39
verify-hours:parks:28910,rider-conditional,true,15,17,2,8,31
verify-hours:parks:28910,normal-operations,true,15,17,2,8,31
verify-hours:parks:28910,optimistic-information,false,not applicable,not applicable,not applicable,not applicable,not applicable
verify-hours:parks:28910,saturday,true,20,12,2,8,20
verify-hours:parks:2935,primary,true,36,0,0,0,0
verify-hours:parks:2935,distance-300,true,32,0,0,0,0
verify-hours:parks:2935,distance-500,true,42,0,0,0,0
verify-hours:parks:2935,rider-conditional,true,36,0,0,0,0
verify-hours:parks:2935,normal-operations,true,36,0,0,0,0
verify-hours:parks:2935,optimistic-information,false,not applicable,not applicable,not applicable,not applicable,not applicable
verify-hours:parks:2935,saturday,true,36,0,0,0,0
verify-hours:parks:29440,primary,true,50,0,0,0,0
verify-hours:parks:29440,distance-300,true,49,0,0,0,0
verify-hours:parks:29440,distance-500,true,50,0,0,0,0
verify-hours:parks:29440,rider-conditional,true,50,0,0,0,0
verify-hours:parks:29440,normal-operations,true,50,0,0,0,0
verify-hours:parks:29440,optimistic-information,false,not applicable,not applicable,not applicable,not applicable,not applicable
verify-hours:parks:29440,saturday,true,50,0,0,0,0
verify-hours:parks:29441,primary,true,48,0,0,0,0
verify-hours:parks:29441,distance-300,true,47,0,0,0,0
verify-hours:parks:29441,distance-500,true,48,0,0,0,0
verify-hours:parks:29441,rider-conditional,true,48,0,0,0,0
verify-hours:parks:29441,normal-operations,true,48,0,0,0,0
verify-hours:parks:29441,optimistic-information,false,not applicable,not applicable,not applicable,not applicable,not applicable
verify-hours:parks:29441,saturday,true,48,0,0,0,0
verify-hours:parks:29442,primary,true,51,0,0,0,0
verify-hours:parks:29442,distance-300,true,50,0,0,0,0
verify-hours:parks:29442,distance-500,true,51,0,0,0,0
verify-hours:parks:29442,rider-conditional,true,51,0,0,0,0
verify-hours:parks:29442,normal-operations,true,51,0,0,0,0
verify-hours:parks:29442,optimistic-information,false,not applicable,not applicable,not applicable,not applicable,not applicable
verify-hours:parks:29442,saturday,true,51,0,0,0,0
verify-hours:parks:29652,primary,true,25,5,1,2,5
verify-hours:parks:29652,distance-300,true,43,0,0,0,0
verify-hours:parks:29652,distance-500,true,26,11,2,3,11
verify-hours:parks:29652,rider-conditional,true,25,5,1,2,5
verify-hours:parks:29652,normal-operations,true,25,5,1,2,5
verify-hours:parks:29652,optimistic-information,false,not applicable,not applicable,not applicable,not applicable,not applicable
verify-hours:parks:29652,saturday,true,25,5,1,2,5
verify-hours:parks:29685,primary,true,53,0,0,0,0
verify-hours:parks:29685,distance-300,true,52,0,0,0,0
verify-hours:parks:29685,distance-500,true,53,0,0,0,0
verify-hours:parks:29685,rider-conditional,true,53,0,0,0,0
verify-hours:parks:29685,normal-operations,true,53,0,0,0,0
verify-hours:parks:29685,optimistic-information,false,not applicable,not applicable,not applicable,not applicable,not applicable
verify-hours:parks:29685,saturday,true,53,0,0,0,0
verify-hours:parks:29689,primary,true,47,0,0,0,0
verify-hours:parks:29689,distance-300,true,46,0,0,0,0
verify-hours:parks:29689,distance-500,true,47,0,0,0,0
verify-hours:parks:29689,rider-conditional,true,47,0,0,0,0
verify-hours:parks:29689,normal-operations,true,47,0,0,0,0
verify-hours:parks:29689,optimistic-information,false,not applicable,not applicable,not applicable,not applicable,not applicable
verify-hours:parks:29689,saturday,true,47,0,0,0,0
verify-hours:parks:29695,primary,true,45,0,0,0,0
verify-hours:parks:29695,distance-300,true,44,0,0,0,0
verify-hours:parks:29695,distance-500,true,45,0,0,0,0
verify-hours:parks:29695,rider-conditional,true,45,0,0,0,0
verify-hours:parks:29695,normal-operations,true,45,0,0,0,0
verify-hours:parks:29695,optimistic-information,false,not applicable,not applicable,not applicable,not applicable,not applicable
verify-hours:parks:29695,saturday,true,45,0,0,0,0
verify-hours:parks:29698,primary,true,46,0,0,0,0
verify-hours:parks:29698,distance-300,true,45,0,0,0,0
verify-hours:parks:29698,distance-500,true,46,0,0,0,0
verify-hours:parks:29698,rider-conditional,true,46,0,0,0,0
verify-hours:parks:29698,normal-operations,true,46,0,0,0,0
verify-hours:parks:29698,optimistic-information,false,not applicable,not applicable,not applicable,not applicable,not applicable
verify-hours:parks:29698,saturday,true,46,0,0,0,0
verify-hours:parks:29705,primary,true,52,0,0,0,0
verify-hours:parks:29705,distance-300,true,51,0,0,0,0
verify-hours:parks:29705,distance-500,true,52,0,0,0,0
verify-hours:parks:29705,rider-conditional,true,52,0,0,0,0
verify-hours:parks:29705,normal-operations,true,52,0,0,0,0
verify-hours:parks:29705,optimistic-information,false,not applicable,not applicable,not applicable,not applicable,not applicable
verify-hours:parks:29705,saturday,true,52,0,0,0,0
verify-hours:parks:29708,primary,true,55,0,0,0,0
verify-hours:parks:29708,distance-300,true,54,0,0,0,0
verify-hours:parks:29708,distance-500,true,55,0,0,0,0
verify-hours:parks:29708,rider-conditional,true,55,0,0,0,0
verify-hours:parks:29708,normal-operations,true,55,0,0,0,0
verify-hours:parks:29708,optimistic-information,false,not applicable,not applicable,not applicable,not applicable,not applicable
verify-hours:parks:29708,saturday,true,55,0,0,0,0
verify-hours:parks:29711,primary,true,56,0,0,0,0
verify-hours:parks:29711,distance-300,true,55,0,0,0,0
verify-hours:parks:29711,distance-500,true,56,0,0,0,0
verify-hours:parks:29711,rider-conditional,true,56,0,0,0,0
verify-hours:parks:29711,normal-operations,true,56,0,0,0,0
verify-hours:parks:29711,optimistic-information,false,not applicable,not applicable,not applicable,not applicable,not applicable
verify-hours:parks:29711,saturday,true,56,0,0,0,0
verify-hours:parks:32622,primary,true,14,18,2,7,27
verify-hours:parks:32622,distance-300,true,15,12,2,4,17
verify-hours:parks:32622,distance-500,true,3,53,4,18,94
verify-hours:parks:32622,rider-conditional,true,14,18,2,7,27
verify-hours:parks:32622,normal-operations,true,14,18,2,7,27
verify-hours:parks:32622,optimistic-information,false,not applicable,not applicable,not applicable,not applicable,not applicable
verify-hours:parks:32622,saturday,true,13,19,2,7,29
verify-hours:parks:32883,primary,true,37,0,0,0,0
verify-hours:parks:32883,distance-300,true,33,0,0,0,0
verify-hours:parks:32883,distance-500,true,23,13,1,2,13
verify-hours:parks:32883,rider-conditional,true,37,0,0,0,0
verify-hours:parks:32883,normal-operations,true,37,0,0,0,0
verify-hours:parks:32883,optimistic-information,false,not applicable,not applicable,not applicable,not applicable,not applicable
verify-hours:parks:32883,saturday,true,37,0,0,0,0
verify-hours:parks:34605,primary,true,54,0,0,0,0
verify-hours:parks:34605,distance-300,true,53,0,0,0,0
verify-hours:parks:34605,distance-500,true,54,0,0,0,0
verify-hours:parks:34605,rider-conditional,true,54,0,0,0,0
verify-hours:parks:34605,normal-operations,true,54,0,0,0,0
verify-hours:parks:34605,optimistic-information,false,not applicable,not applicable,not applicable,not applicable,not applicable
verify-hours:parks:34605,saturday,true,54,0,0,0,0
verify-hours:parks:5404,primary,true,40,0,0,0,0
verify-hours:parks:5404,distance-300,true,36,0,0,0,0
verify-hours:parks:5404,distance-500,true,36,4,1,1,4
verify-hours:parks:5404,rider-conditional,true,40,0,0,0,0
verify-hours:parks:5404,normal-operations,true,40,0,0,0,0
verify-hours:parks:5404,optimistic-information,false,not applicable,not applicable,not applicable,not applicable,not applicable
verify-hours:parks:5404,saturday,true,40,0,0,0,0
verify-hours:parks:5472,primary,true,21,12,2,8,24
verify-hours:parks:5472,distance-300,true,14,12,2,5,15
verify-hours:parks:5472,distance-500,true,19,14,3,11,32
verify-hours:parks:5472,rider-conditional,true,21,12,2,8,24
verify-hours:parks:5472,normal-operations,true,21,12,2,8,24
verify-hours:parks:5472,optimistic-information,false,not applicable,not applicable,not applicable,not applicable,not applicable
verify-hours:parks:5472,saturday,true,19,12,2,8,25
verify-hours:parks:5491,primary,true,38,0,0,0,0
verify-hours:parks:5491,distance-300,true,34,0,0,0,0
verify-hours:parks:5491,distance-500,true,34,4,1,3,6
verify-hours:parks:5491,rider-conditional,true,38,0,0,0,0
verify-hours:parks:5491,normal-operations,true,38,0,0,0,0
verify-hours:parks:5491,optimistic-information,false,not applicable,not applicable,not applicable,not applicable,not applicable
verify-hours:parks:5491,saturday,true,38,0,0,0,0
verify-hours:parks:5511,primary,true,27,3,1,1,3
verify-hours:parks:5511,distance-300,true,24,3,1,1,3
verify-hours:parks:5511,distance-500,true,31,6,1,3,9
verify-hours:parks:5511,rider-conditional,true,27,3,1,1,3
verify-hours:parks:5511,normal-operations,true,27,3,1,1,3
verify-hours:parks:5511,optimistic-information,false,not applicable,not applicable,not applicable,not applicable,not applicable
verify-hours:parks:5511,saturday,true,29,2,1,1,2
verify-hours:parks:5635,primary,true,35,0,0,0,0
verify-hours:parks:5635,distance-300,true,31,0,0,0,0
verify-hours:parks:5635,distance-500,true,41,0,0,0,0
verify-hours:parks:5635,rider-conditional,true,35,0,0,0,0
verify-hours:parks:5635,normal-operations,true,35,0,0,0,0
verify-hours:parks:5635,optimistic-information,false,not applicable,not applicable,not applicable,not applicable,not applicable
verify-hours:parks:5635,saturday,true,35,0,0,0,0
verify-hours:parks:5665,primary,true,8,24,2,2,24
verify-hours:parks:5665,distance-300,true,4,24,2,2,24
verify-hours:parks:5665,distance-500,true,12,26,3,6,62
verify-hours:parks:5665,rider-conditional,true,8,24,2,2,24
verify-hours:parks:5665,normal-operations,true,8,24,2,2,24
verify-hours:parks:5665,optimistic-information,false,not applicable,not applicable,not applicable,not applicable,not applicable
verify-hours:parks:5665,saturday,true,14,18,1,2,18
verify-hours:parks:5675,primary,true,10,23,2,7,41
verify-hours:parks:5675,distance-300,true,13,13,1,2,13
verify-hours:parks:5675,distance-500,true,15,24,2,10,55
verify-hours:parks:5675,rider-conditional,true,10,23,2,7,41
verify-hours:parks:5675,normal-operations,true,10,23,2,7,41
verify-hours:parks:5675,optimistic-information,false,not applicable,not applicable,not applicable,not applicable,not applicable
verify-hours:parks:5675,saturday,true,10,22,2,7,41
verify-hours:parks:5697,primary,true,34,0,0,0,0
verify-hours:parks:5697,distance-300,true,30,0,0,0,0
verify-hours:parks:5697,distance-500,true,24,11,4,2,11
verify-hours:parks:5697,rider-conditional,true,34,0,0,0,0
verify-hours:parks:5697,normal-operations,true,34,0,0,0,0
verify-hours:parks:5697,optimistic-information,false,not applicable,not applicable,not applicable,not applicable,not applicable
verify-hours:parks:5697,saturday,true,34,0,0,0,0
verify-hours:parks:5720,primary,true,29,2,1,1,2
verify-hours:parks:5720,distance-300,true,25,2,1,1,2
verify-hours:parks:5720,distance-500,true,39,2,1,1,2
verify-hours:parks:5720,rider-conditional,true,29,2,1,1,2
verify-hours:parks:5720,normal-operations,true,29,2,1,1,2
verify-hours:parks:5720,optimistic-information,false,not applicable,not applicable,not applicable,not applicable,not applicable
verify-hours:parks:5720,saturday,true,28,2,1,1,2
verify-hours:parks:5730,primary,true,22,9,1,3,13
verify-hours:parks:5730,distance-300,true,23,4,1,1,4
verify-hours:parks:5730,distance-500,true,27,9,1,4,17
verify-hours:parks:5730,rider-conditional,true,22,9,1,3,13
verify-hours:parks:5730,normal-operations,true,22,9,1,3,13
verify-hours:parks:5730,optimistic-information,false,not applicable,not applicable,not applicable,not applicable,not applicable
verify-hours:parks:5730,saturday,true,23,9,1,3,13
verify-hours:parks:5745,primary,true,24,5,1,2,5
verify-hours:parks:5745,distance-300,true,22,5,1,2,5
verify-hours:parks:5745,distance-500,true,32,5,1,3,7
verify-hours:parks:5745,rider-conditional,true,24,5,1,2,5
verify-hours:parks:5745,normal-operations,true,24,5,1,2,5
verify-hours:parks:5745,optimistic-information,false,not applicable,not applicable,not applicable,not applicable,not applicable
verify-hours:parks:5745,saturday,true,24,5,1,2,5
verify-hours:parks:5976,primary,true,7,25,2,4,31
verify-hours:parks:5976,distance-300,true,20,7,1,1,7
verify-hours:parks:5976,distance-500,true,14,25,2,6,44
verify-hours:parks:5976,rider-conditional,true,7,25,2,4,31
verify-hours:parks:5976,normal-operations,true,7,25,2,4,31
verify-hours:parks:5976,optimistic-information,false,not applicable,not applicable,not applicable,not applicable,not applicable
verify-hours:parks:5976,saturday,true,7,25,2,4,31
verify-hours:parks:6091,primary,true,4,28,1,5,67
verify-hours:parks:6091,distance-300,true,2,27,1,2,27
verify-hours:parks:6091,distance-500,true,7,35,2,7,86
verify-hours:parks:6091,rider-conditional,true,4,28,1,5,67
verify-hours:parks:6091,normal-operations,true,4,28,1,5,67
verify-hours:parks:6091,optimistic-information,false,not applicable,not applicable,not applicable,not applicable,not applicable
verify-hours:parks:6091,saturday,true,8,25,1,5,60
verify-hours:parks:6094,primary,true,12,21,3,9,47
verify-hours:parks:6094,distance-300,true,7,21,3,4,21
verify-hours:parks:6094,distance-500,true,8,33,5,14,75
verify-hours:parks:6094,rider-conditional,true,12,21,3,9,47
verify-hours:parks:6094,normal-operations,true,12,21,3,9,47
verify-hours:parks:6094,optimistic-information,false,not applicable,not applicable,not applicable,not applicable,not applicable
verify-hours:parks:6094,saturday,true,11,20,3,9,44
verify-hours:parks:6105,primary,true,3,28,3,4,37
verify-hours:parks:6105,distance-300,true,17,11,2,1,11
verify-hours:parks:6105,distance-500,true,10,28,3,5,45
verify-hours:parks:6105,rider-conditional,true,3,28,3,4,37
verify-hours:parks:6105,normal-operations,true,3,28,3,4,37
verify-hours:parks:6105,optimistic-information,false,not applicable,not applicable,not applicable,not applicable,not applicable
verify-hours:parks:6105,saturday,true,9,24,2,4,34
verify-hours:parks:6107,primary,true,19,14,2,3,22
verify-hours:parks:6107,distance-300,true,19,8,2,1,8
verify-hours:parks:6107,distance-500,true,20,14,2,3,22
verify-hours:parks:6107,rider-conditional,true,19,14,2,3,22
verify-hours:parks:6107,normal-operations,true,19,14,2,3,22
verify-hours:parks:6107,optimistic-information,false,not applicable,not applicable,not applicable,not applicable,not applicable
verify-hours:parks:6107,saturday,true,21,12,2,3,18
verify-hours:parks:6126,primary,true,43,0,0,0,0
verify-hours:parks:6126,distance-300,true,41,0,0,0,0
verify-hours:parks:6126,distance-500,true,28,8,1,2,8
verify-hours:parks:6126,rider-conditional,true,43,0,0,0,0
verify-hours:parks:6126,normal-operations,true,43,0,0,0,0
verify-hours:parks:6126,optimistic-information,false,not applicable,not applicable,not applicable,not applicable,not applicable
verify-hours:parks:6126,saturday,true,43,0,0,0,0
verify-hours:parks:6171,primary,true,2,36,4,4,72
verify-hours:parks:6171,distance-300,true,8,18,4,1,18
verify-hours:parks:6171,distance-500,true,5,36,4,4,72
verify-hours:parks:6171,rider-conditional,true,2,36,4,4,72
verify-hours:parks:6171,normal-operations,true,2,36,4,4,72
verify-hours:parks:6171,optimistic-information,false,not applicable,not applicable,not applicable,not applicable,not applicable
verify-hours:parks:6171,saturday,true,2,36,4,4,72
verify-hours:parks:6191,primary,true,42,0,0,0,0
verify-hours:parks:6191,distance-300,true,40,0,0,0,0
verify-hours:parks:6191,distance-500,true,44,0,0,0,0
verify-hours:parks:6191,rider-conditional,true,42,0,0,0,0
verify-hours:parks:6191,normal-operations,true,42,0,0,0,0
verify-hours:parks:6191,optimistic-information,false,not applicable,not applicable,not applicable,not applicable,not applicable
verify-hours:parks:6191,saturday,true,42,0,0,0,0
verify-hours:parks:6201,primary,true,41,0,0,0,0
verify-hours:parks:6201,distance-300,true,39,0,0,0,0
verify-hours:parks:6201,distance-500,true,35,4,1,2,4
verify-hours:parks:6201,rider-conditional,true,41,0,0,0,0
verify-hours:parks:6201,normal-operations,true,41,0,0,0,0
verify-hours:parks:6201,optimistic-information,false,not applicable,not applicable,not applicable,not applicable,not applicable
verify-hours:parks:6201,saturday,true,41,0,0,0,0
verify-hours:parks:6206,primary,true,30,2,1,1,2
verify-hours:parks:6206,distance-300,true,38,0,0,0,0
verify-hours:parks:6206,distance-500,true,22,13,2,5,18
verify-hours:parks:6206,rider-conditional,true,30,2,1,1,2
verify-hours:parks:6206,normal-operations,true,30,2,1,1,2
verify-hours:parks:6206,optimistic-information,false,not applicable,not applicable,not applicable,not applicable,not applicable
verify-hours:parks:6206,saturday,true,30,2,1,1,2
verify-hours:parks:6324,primary,true,28,3,1,1,3
verify-hours:parks:6324,distance-300,true,56,0,0,0,0
verify-hours:parks:6324,distance-500,true,38,3,1,2,6
verify-hours:parks:6324,rider-conditional,true,28,3,1,1,3
verify-hours:parks:6324,normal-operations,true,28,3,1,1,3
verify-hours:parks:6324,optimistic-information,false,not applicable,not applicable,not applicable,not applicable,not applicable
verify-hours:parks:6324,saturday,true,27,4,1,1,4
