{"features":[{"geometry":{"coordinates":[-79.3868628412625,43.6390125331226],"type":"Point"},"id":"automated:PW-00001","properties":{"accessCondition":"unrestricted","accessibility":"accessible","address":"318 Queens Quay W","closureCategory":"none","hours":"Seasonal Apr-Oct; daily hours not published","id":"automated:PW-00001","name":"Automated public washroom at 318 Queens Quay W","partialService":false,"reachAvailable":true,"schemaVersion":1,"source":"automated","sourceUrl":"https://open.toronto.ca/dataset/street-furniture-public-washroom/","stateByTime":{"0030":{"observed":"unknown_hours","scheduled":"unknown"},"1200":{"observed":"unknown_hours","scheduled":"unknown"},"2030":{"observed":"unknown_hours","scheduled":"unknown"},"2200":{"observed":"unknown_hours","scheduled":"unknown"}}},"type":"Feature"},{"geometry":{"coordinates":[-79.3094498094081,43.6632980406659],"type":"Point"},"id":"automated:PW-00002","properties":{"accessCondition":"unrestricted","accessibility":"accessible","address":"1681 Lake Shore Blvd E","closureCategory":"none","hours":"Seasonal Apr-Oct; daily hours not published","id":"automated:PW-00002","name":"Automated public washroom at 1681 Lake Shore Blvd E","partialService":false,"reachAvailable":true,"schemaVersion":1,"source":"automated","sourceUrl":"https://open.toronto.ca/dataset/street-furniture-public-washroom/","stateByTime":{"0030":{"observed":"unknown_hours","scheduled":"unknown"},"1200":{"observed":"unknown_hours","scheduled":"unknown"},"2030":{"observed":"unknown_hours","scheduled":"unknown"},"2200":{"observed":"unknown_hours","scheduled":"unknown"}}},"type":"Feature"},{"geometry":{"coordinates":[-79.4375305244122,43.6334653707643],"type":"Point"},"id":"automated:PW-00003","properties":{"accessCondition":"unrestricted","accessibility":"accessible","address":"1275 Lake Shore Blvd W","closureCategory":"none","hours":"Seasonal Apr-Oct; daily hours not published","id":"automated:PW-00003","name":"Automated public washroom at 1275 Lake Shore Blvd W","partialService":false,"reachAvailable":true,"schemaVersion":1,"source":"automated","sourceUrl":"https://open.toronto.ca/dataset/street-furniture-public-washroom/","stateByTime":{"0030":{"observed":"unknown_hours","scheduled":"unknown"},"1200":{"observed":"unknown_hours","scheduled":"unknown"},"2030":{"observed":"unknown_hours","scheduled":"unknown"},"2200":{"observed":"unknown_hours","scheduled":"unknown"}}},"type":"Feature"},{"geometry":{"coordinates":[-79.4093814162204,43.6359758223186],"type":"Point"},"id":"automated:PW-00011","properties":{"accessCondition":"unrestricted","accessibility":"accessible","address":"1 Strachan Ave","closureCategory":"none","hours":"Seasonal Apr-Oct; daily hours not published","id":"automated:PW-00011","name":"Automated public washroom at 1 Strachan Ave","partialService":false,"reachAvailable":true,"schemaVersion":1,"source":"automated","sourceUrl":"https://open.toronto.ca/dataset/street-furniture-public-washroom/","stateByTime":{"0030":{"observed":"unknown_hours","scheduled":"unknown"},"1200":{"observed":"unknown_hours","scheduled":"unknown"},"2030":{"observed":"unknown_hours","scheduled":"unknown"},"2200":{"observed":"unknown_hours","scheduled":"unknown"}}},"type":"Feature"},{"geometry":{"coordinates":[-79.37190572,43.64904411],"type":"Point"},"id":"crem:000981-B03","properties":{"accessCondition":"unrestricted","accessibility":"accessible","address":"91 Front Street East","closureCategory":"none","hours":"Mon Closed, Tue-Fri 8:30am-7:30pm, Sat 6:30am-5:30pm, Sun 9:30am-5:30pm","id":"crem:000981-B03","name":"St Lawrence South","partialService":false,"reachAvailable":true,"schemaVersion":1,"source":"crem","sourceUrl":"https://open.toronto.ca/dataset/corporate-real-estate-management-portfolio-washrooms/","stateByTime":{"0030":{"observed":"scheduled_closed","scheduled":"closed"},"1200":{"observed":"open","scheduled":"open"},"2030":{"observed":"scheduled_closed","scheduled":"closed"},"2200":{"observed":"scheduled_closed","scheduled":"closed"}}},"type":"Feature"},{"geometry":{"coordinates":[-79.37198444,43.64943692],"type":"Point"},"id":"crem:000981-B04","properties":{"accessCondition":"unrestricted","accessibility":"accessible","address":"92 Front Street East","closureCategory":"none","hours":"Mon-Fri 8:30am-4:30pm, Sat 5:00am-4:00pm, Sun Closed","id":"crem:000981-B04","name":"St Lawrence North","partialService":false,"reachAvailable":true,"schemaVersion":1,"source":"crem","sourceUrl":"https://open.toronto.ca/dataset/corporate-real-estate-management-portfolio-washrooms/","stateByTime":{"0030":{"observed":"scheduled_closed","scheduled":"closed"},"1200":{"observed":"open","scheduled":"open"},"2030":{"observed":"scheduled_closed","scheduled":"closed"},"2200":{"observed":"scheduled_closed","scheduled":"closed"}}},"type":"Feature"},{"geometry":{"coordinates":[-79.37123248,43.64795432],"type":"Point"},"id":"crem:001879-B01","properties":{"accessCondition":"unrestricted","accessibility":"inaccessible","address":"125 The Esplanade Street","closureCategory":"none","hours":"Mon-Sat Closed, Sun 10:00am-5:00pm","id":"crem:001879-B01","name":"St Lawrence Tent","partialService":false,"reachAvailable":true,"schemaVersion":1,"source":"crem","sourceUrl":"https://open.toronto.ca/dataset/corporate-real-estate-management-portfolio-washrooms/","stateByTime":{"0030":{"observed":"scheduled_closed","scheduled":"closed"},"1200":{"observed":"scheduled_closed","scheduled":"closed"},"2030":{"observed":"scheduled_closed","scheduled":"closed"},"2200":{"observed":"scheduled_closed","scheduled":"closed"}}},"type":"Feature"},{"geometry":{"coordinates":[-79.32810335,43.69095876],"type":"Point"},"id":"crem:001913-B02","properties":{"accessCondition":"unrestricted","accessibility":"accessible","address":"850 Coxwell Avenue","closureCategory":"none","hours":"","id":"crem:001913-B02","name":"East York Civic Centre","partialService":false,"reachAvailable":true,"schemaVersion":1,"source":"crem","sourceUrl":"https://open.toronto.ca/dataset/corporate-real-estate-management-portfolio-washrooms/","stateByTime":{"0030":{"observed":"unknown_hours","scheduled":"unknown"},"1200":{"observed":"unknown_hours","scheduled":"unknown"},"2030":{"observed":"unknown_hours","scheduled":"unknown"},"2200":{"observed":"unknown_hours","scheduled":"unknown"}}},"type":"Feature"},{"geometry":{"coordinates":[-79.47841192,43.68988633],"type":"Point"},"id":"crem:003257-B02","properties":{"accessCondition":"unrestricted","accessibility":"accessible","address":"2700 Eglinton Avenue West","closureCategory":"none","hours":"Mon-Fri 8:00am-5:00pm, Sat-Sun Closed","id":"crem:003257-B02","name":"York Civic Centre","partialService":false,"reachAvailable":true,"schemaVersion":1,"source":"crem","sourceUrl":"https://open.toronto.ca/dataset/corporate-real-estate-management-portfolio-washrooms/","stateByTime":{"0030":{"observed":"scheduled_closed","scheduled":"closed"},"1200":{"observed":"open","scheduled":"open"},"2030":{"observed":"scheduled_closed","scheduled":"closed"},"2200":{"observed":"scheduled_closed","scheduled":"closed"}}},"type":"Feature"},{"geometry":{"coordinates":[-79.25724136,43.77281303],"type":"Point"},"id":"crem:003889-B03","properties":{"accessCondition":"unrestricted","accessibility":"accessible","address":"150 Borough Drive","closureCategory":"none","hours":"","id":"crem:003889-B03","name":"Scraborough Civic Centre","partialService":false,"reachAvailable":true,"schemaVersion":1,"source":"crem","sourceUrl":"https://open.toronto.ca/dataset/corporate-real-estate-management-portfolio-washrooms/","stateByTime":{"0030":{"observed":"unknown_hours","scheduled":"unknown"},"1200":{"observed":"unknown_hours","scheduled":"unknown"},"2030":{"observed":"unknown_hours","scheduled":"unknown"},"2200":{"observed":"unknown_hours","scheduled":"unknown"}}},"type":"Feature"},{"geometry":{"coordinates":[-79.25648054,43.77305386],"type":"Point"},"id":"crem:003889-B04","properties":{"accessCondition":"unrestricted","accessibility":"inaccessible","address":"160 Borough Drive","closureCategory":"none","hours":"Mon-Fri 8:30am-6:00pm, Sat-Sun Closed","id":"crem:003889-B04","name":"Scraborough Civic Centre","partialService":false,"reachAvailable":true,"schemaVersion":1,"source":"crem","sourceUrl":"https://open.toronto.ca/dataset/corporate-real-estate-management-portfolio-washrooms/","stateByTime":{"0030":{"observed":"scheduled_closed","scheduled":"closed"},"1200":{"observed":"open","scheduled":"open"},"2030":{"observed":"scheduled_closed","scheduled":"closed"},"2200":{"observed":"scheduled_closed","scheduled":"closed"}}},"type":"Feature"},{"geometry":{"coordinates":[-79.41488808,43.7672701],"type":"Point"},"id":"crem:004577-B04","properties":{"accessCondition":"unrestricted","accessibility":"accessible","address":"5100 Yonge Street","closureCategory":"none","hours":"","id":"crem:004577-B04","name":"North York Civic Centre","partialService":false,"reachAvailable":true,"schemaVersion":1,"source":"crem","sourceUrl":"https://open.toronto.ca/dataset/corporate-real-estate-management-portfolio-washrooms/","stateByTime":{"0030":{"observed":"unknown_hours","scheduled":"unknown"},"1200":{"observed":"unknown_hours","scheduled":"unknown"},"2030":{"observed":"unknown_hours","scheduled":"unknown"},"2200":{"observed":"unknown_hours","scheduled":"unknown"}}},"type":"Feature"},{"geometry":{"coordinates":[-79.56545263,43.6437741],"type":"Point"},"id":"crem:005581-B01","properties":{"accessCondition":"unrestricted","accessibility":"inaccessible","address":"399 The West Mall","closureCategory":"none","hours":"Mon-Fri 8:00am-6:00pm, Sat 10:00am-6:00pm, Sun Closed","id":"crem:005581-B01","name":"Etobicoke Civic Centre","partialService":false,"reachAvailable":true,"schemaVersion":1,"source":"crem","sourceUrl":"https://open.toronto.ca/dataset/corporate-real-estate-management-portfolio-washrooms/","stateByTime":{"0030":{"observed":"scheduled_closed","scheduled":"closed"},"1200":{"observed":"open","scheduled":"open"},"2030":{"observed":"scheduled_closed","scheduled":"closed"},"2200":{"observed":"scheduled_closed","scheduled":"closed"}}},"type":"Feature"},{"geometry":{"coordinates":[-79.38394919,43.65343052],"type":"Point"},"id":"crem:862d2f9be72a0f3d9042bd235a5091dd39bd1db64301865c7fa98a17bb128bee","properties":{"accessCondition":"unrestricted","accessibility":"accessible","address":"100 Queen Street West","closureCategory":"none","hours":"Mon-Fri 7:30am-9:30pm, Sat-Sun & Holidays 8:00am-6:00pm","id":"crem:862d2f9be72a0f3d9042bd235a5091dd39bd1db64301865c7fa98a17bb128bee","name":"City Hall","partialService":false,"reachAvailable":true,"schemaVersion":1,"source":"crem","sourceUrl":"https://open.toronto.ca/dataset/corporate-real-estate-management-portfolio-washrooms/","stateByTime":{"0030":{"observed":"scheduled_closed","scheduled":"closed"},"1200":{"observed":"open","scheduled":"open"},"2030":{"observed":"open","scheduled":"open"},"2200":{"observed":"scheduled_closed","scheduled":"closed"}}},"type":"Feature"},{"geometry":{"coordinates":[-79.38893049,43.64615517],"type":"Point"},"id":"crem:d1d77e684f0c368720006b96121ab6f96b325f533a9ab154c3572802417e6532","properties":{"accessCondition":"unrestricted","accessibility":"accessible","address":"55 John Street","closureCategory":"none","hours":"Mon-Fri 8:00am-6:00pm, Sat 10:00am-6:00pm, Sun Closed","id":"crem:d1d77e684f0c368720006b96121ab6f96b325f533a9ab154c3572802417e6532","name":"Metro Hall","partialService":false,"reachAvailable":true,"schemaVersion":1,"source":"crem","sourceUrl":"https://open.toronto.ca/dataset/corporate-real-estate-management-portfolio-washrooms/","stateByTime":{"0030":{"observed":"scheduled_closed","scheduled":"closed"},"1200":{"observed":"open","scheduled":"open"},"2030":{"observed":"scheduled_closed","scheduled":"closed"},"2200":{"observed":"scheduled_closed","scheduled":"closed"}}},"type":"Feature"},{"geometry":{"coordinates":[-79.38030222,43.64537963],"type":"Point"},"id":"crem:854bbc40d97e17b2b2f2c24f32fb3a05f9d2f681e1350b75dad3c7e8fbc10e89","properties":{"accessCondition":"unrestricted","accessibility":"accessible","address":"65 Front Street West","closureCategory":"none","hours":"Mon-Sun 5:30am-12:45am","id":"crem:854bbc40d97e17b2b2f2c24f32fb3a05f9d2f681e1350b75dad3c7e8fbc10e89","name":"Union Station","partialService":false,"reachAvailable":true,"schemaVersion":1,"source":"crem","sourceUrl":"https://open.toronto.ca/dataset/corporate-real-estate-management-portfolio-washrooms/","stateByTime":{"0030":{"observed":"open","scheduled":"open"},"1200":{"observed":"open","scheduled":"open"},"2030":{"observed":"open","scheduled":"open"},"2200":{"observed":"open","scheduled":"open"}}},"type":"Feature"},{"geometry":{"coordinates":[-79.5845,43.73999],"type":"Point"},"id":"library:AB","properties":{"accessCondition":"unrestricted","accessibility":"unknown","address":"1515 Albion Road, Toronto, ON, M9V 1B2","closureCategory":"none","hours":"Mon 9 a.m. to 8:30 p.m.; Tue 9 a.m. to 8:30 p.m.; Wed 9 a.m. to 8:30 p.m.; Thu 9 a.m. to 8:30 p.m.; Fri 9 a.m. to 8:30 p.m.; Sat 9 a.m. to 5 p.m.; Sun 12 p.m. to 5 p.m.","id":"library:AB","name":"Albion library","partialService":false,"reachAvailable":true,"schemaVersion":1,"source":"library","sourceUrl":"https://www.tpl.ca/albion","stateByTime":{"0030":{"observed":"scheduled_closed","scheduled":"closed"},"1200":{"observed":"open","scheduled":"open"},"2030":{"observed":"scheduled_closed","scheduled":"closed"},"2200":{"observed":"scheduled_closed","scheduled":"closed"}}},"type":"Feature"},{"geometry":{"coordinates":[-79.26911,43.70814],"type":"Point"},"id":"library:ACD","properties":{"accessCondition":"unrestricted","accessibility":"unknown","address":"496 Birchmount Road, Toronto, ON, M1K 1N8","closureCategory":"none","hours":"Mon 9 a.m. to 8:30 p.m.; Tue 9 a.m. to 8:30 p.m.; Wed 9 a.m. to 8:30 p.m.; Thu 9 a.m. to 8:30 p.m.; Fri 9 a.m. to 8:30 p.m.; Sat 9 a.m. to 5 p.m.; Sun 12 p.m. to 5 p.m.","id":"library:ACD","name":"Albert Campbell library","partialService":false,"reachAvailable":true,"schemaVersion":1,"source":"library","sourceUrl":"https://www.tpl.ca/albertcampbell","stateByTime":{"0030":{"observed":"scheduled_closed","scheduled":"closed"},"1200":{"observed":"open","scheduled":"open"},"2030":{"observed":"scheduled_closed","scheduled":"closed"},"2200":{"observed":"scheduled_closed","scheduled":"closed"}}},"type":"Feature"},{"geometry":{"coordinates":[-79.29349,43.78522],"type":"Point"},"id":"library:AG","properties":{"accessCondition":"unrestricted","accessibility":"unknown","address":"155 Bonis Avenue, Toronto, ON, M1T 3W6","closureCategory":"none","hours":"Mon 9 a.m. to 8:30 p.m.; Tue 9 a.m. to 8:30 p.m.; Wed 9 a.m. to 8:30 p.m.; Thu 9 a.m. to 8:30 p.m.; Fri 9 a.m. to 8:30 p.m.; Sat 9 a.m. to 5 p.m.; Sun 12 p.m. to 5 p.m.","id":"library:AG","name":"Agincourt library","partialService":false,"reachAvailable":true,"schemaVersion":1,"source":"library","sourceUrl":"https://www.tpl.ca/agincourt","stateByTime":{"0030":{"observed":"scheduled_closed","scheduled":"closed"},"1200":{"observed":"open","scheduled":"open"},"2030":{"observed":"scheduled_closed","scheduled":"closed"},"2200":{"observed":"scheduled_closed","scheduled":"closed"}}},"type":"Feature"},{"geometry":{"coordinates":[-79.46637,43.6634],"type":"Point"},"id":"library:AN","properties":{"accessCondition":"unrestricted","accessibility":"unknown","address":"145 Annette Street, Toronto, ON, M6P 1P3","closureCategory":"none","hours":"Mon 10 a.m. to 8:30 p.m.; Tue 12:30 p.m. to 8:30 p.m.; Wed 10 a.m. to 6 p.m.; Thu 12:30 p.m. to 8:30 p.m.; Fri 10 a.m. to 6 p.m.; Sat 9 a.m. to 5 p.m.; Sun 12 p.m. to 5 p.m.","id":"library:AN","name":"Annette Street library","partialService":false,"reachAvailable":true,"schemaVersion":1,"source":"library","sourceUrl":"https://www.tpl.ca/annette","stateByTime":{"0030":{"observed":"scheduled_closed","scheduled":"closed"},"1200":{"observed":"scheduled_closed","scheduled":"closed"},"2030":{"observed":"scheduled_closed","scheduled":"closed"},"2200":{"observed":"scheduled_closed","scheduled":"closed"}}},"type":"Feature"},{"geometry":{"coordinates":[-79.48582,43.70646],"type":"Point"},"id":"library:AP","properties":{"accessCondition":"unrestricted","accessibility":"unknown","address":"1565 Lawrence Avenue West, Toronto, ON, M6L 1A8","closureCategory":"none","hours":"Mon 10 a.m. to 8:30 p.m.; Tue 12:30 p.m. to 8:30 p.m.; Wed 10 a.m. to 6 p.m.; Thu 12:30 p.m. to 8:30 p.m.; Fri 10 a.m. to 6 p.m.; Sat 9 a.m. to 5 p.m.; Sun 12 p.m. to 5 p.m.","id":"library:AP","name":"Amesbury Park library","partialService":false,"reachAvailable":true,"schemaVersion":1,"source":"library","sourceUrl":"https://www.tpl.ca/amesburypark","stateByTime":{"0030":{"observed":"scheduled_closed","scheduled":"closed"},"1200":{"observed":"scheduled_closed","scheduled":"closed"},"2030":{"observed":"scheduled_closed","scheduled":"closed"},"2200":{"observed":"scheduled_closed","scheduled":"closed"}}},"type":"Feature"},{"geometry":{"coordinates":[-79.3258,43.75952],"type":"Point"},"id":"library:BB","properties":{"accessCondition":"unrestricted","accessibility":"unknown","address":"210 Brookbanks Drive, Toronto, ON, M3A 2T8","closureCategory":"none","hours":"Mon 10 a.m. to 8:30 p.m.; Tue 12:30 p.m. to 8:30 p.m.; Wed 10 a.m. to 6 p.m.; Thu 12:30 p.m. to 8:30 p.m.; Fri 10 a.m. to 6 p.m.; Sat 9 a.m. to 5 p.m.; Sun 12 p.m. to 5 p.m.","id":"library:BB","name":"Brookbanks library","partialService":false,"reachAvailable":true,"schemaVersion":1,"source":"library","sourceUrl":"https://www.tpl.ca/brookbanks","stateByTime":{"0030":{"observed":"scheduled_closed","scheduled":"closed"},"1200":{"observed":"scheduled_closed","scheduled":"closed"},"2030":{"observed":"scheduled_closed","scheduled":"closed"},"2200":{"observed":"scheduled_closed","scheduled":"closed"}}},"type":"Feature"},{"geometry":{"coordinates":[-79.24403,43.75109],"type":"Point"},"id":"library:BD","properties":{"accessCondition":"unrestricted","accessibility":"unknown","address":"1515 Danforth Road, Toronto, ON, M1J 1H5","closureCategory":"none","hours":"Mon 10 a.m. to 8:30 p.m.; Tue 12:30 p.m. to 8:30 p.m.; Wed 10 a.m. to 6 p.m.; Thu 12:30 p.m. to 8:30 p.m.; Fri 10 a.m. to 6 p.m.; Sat 9 a.m. to 5 p.m.; Sun 12 p.m. to 5 p.m.","id":"library:BD","name":"Bendale library","partialService":false,"reachAvailable":true,"schemaVersion":1,"source":"library","sourceUrl":"https://www.tpl.ca/bendale","stateByTime":{"0030":{"observed":"scheduled_closed","scheduled":"closed"},"1200":{"observed":"scheduled_closed","scheduled":"closed"},"2030":{"observed":"scheduled_closed","scheduled":"closed"},"2200":{"observed":"scheduled_closed","scheduled":"closed"}}},"type":"Feature"},{"geometry":{"coordinates":[-79.29848,43.67011],"type":"Point"},"id":"library:BE","properties":{"accessCondition":"unrestricted","accessibility":"unknown","address":"2161 Queen Street East, Toronto, ON, M4L 1J1","closureCategory":"none","hours":"Mon 9 a.m. to 8:30 p.m.; Tue 9 a.m. to 8:30 p.m.; Wed 9 a.m. to 8:30 p.m.; Thu 9 a.m. to 8:30 p.m.; Fri 9 a.m. to 5 p.m.; Sat 9 a.m. to 5 p.m.; Sun 12 p.m. to 5 p.m.","id":"library:BE","name":"Beaches library","partialService":false,"reachAvailable":true,"schemaVersion":1,"source":"library","sourceUrl":"https://www.tpl.ca/beaches","stateByTime":{"0030":{"observed":"scheduled_closed","scheduled":"closed"},"1200":{"observed":"open","scheduled":"open"},"2030":{"observed":"scheduled_closed","scheduled":"closed"},"2200":{"observed":"scheduled_closed","scheduled":"closed"}}},"type":"Feature"},{"geometry":{"coordinates":[-79.43215,43.72071],"type":"Point"},"id":"library:BF","properties":{"accessCondition":"unrestricted","accessibility":"unknown","address":"20 Covington Road, Toronto, ON, M6A 3C1","closureCategory":"none","hours":"Mon 9 a.m. to 8:30 p.m.; Tue 9 a.m. to 8:30 p.m.; Wed 9 a.m. to 8:30 p.m.; Thu 9 a.m. to 8:30 p.m.; Fri 9 a.m. to 8:30 p.m.; Sat 9 a.m. to 5 p.m.; Sun 12 p.m. to 5 p.m.","id":"library:BF","name":"Barbara Frum library","partialService":false,"reachAvailable":true,"schemaVersion":1,"source":"library","sourceUrl":"https://www.tpl.ca/barbarafrum","stateByTime":{"0030":{"observed":"scheduled_closed","scheduled":"closed"},"1200":{"observed":"open","scheduled":"open"},"2030":{"observed":"scheduled_closed","scheduled":"closed"},"2200":{"observed":"scheduled_closed","scheduled":"closed"}}},"type":"Feature"},{"geometry":{"coordinates":[-79.43399,43.65992],"type":"Point"},"id":"library:BL","properties":{"accessCondition":"unrestricted","accessibility":"unknown","address":"1101 Bloor Street West, Toronto, ON, M6H 1M7","closureCategory":"none","hours":"Mon 9 a.m. to 8:30 p.m.; Tue 9 a.m. to 8:30 p.m.; Wed 9 a.m. to 8:30 p.m.; Thu 9 a.m. to 8:30 p.m.; Fri 9 a.m. to 8:30 p.m.; Sat 9 a.m. to 5 p.m.; Sun 12 p.m. to 5 p.m.","id":"library:BL","name":"Bloor/Gladstone library","partialService":false,"reachAvailable":true,"schemaVersion":1,"source":"library","sourceUrl":"https://www.tpl.ca/bloorgladstone","stateByTime":{"0030":{"observed":"scheduled_closed","scheduled":"closed"},"1200":{"observed":"open","scheduled":"open"},"2030":{"observed":"scheduled_closed","scheduled":"closed"},"2200":{"observed":"scheduled_closed","scheduled":"closed"}}},"type":"Feature"},{"geometry":{"coordinates":[-79.51417,43.64747],"type":"Point"},"id":"library:BR","properties":{"accessCondition":"unrestricted","accessibility":"unknown","address":"36 Brentwood Road North, Toronto, ON, M8X 2B5","closureCategory":"none","hours":"Mon 9 a.m. to 8:30 p.m.; Tue 9 a.m. to 8:30 p.m.; Wed 9 a.m. to 8:30 p.m.; Thu 9 a.m. to 8:30 p.m.; Fri 9 a.m. to 8:30 p.m.; Sat 9 a.m. to 5 p.m.; Sun 12 p.m. to 5 p.m.","id":"library:BR","name":"Brentwood library","partialService":false,"reachAvailable":true,"schemaVersion":1,"source":"library","sourceUrl":"https://www.tpl.ca/brentwood","stateByTime":{"0030":{"observed":"scheduled_closed","scheduled":"closed"},"1200":{"observed":"open","scheduled":"open"},"2030":{"observed":"scheduled_closed","scheduled":"closed"},"2200":{"observed":"scheduled_closed","scheduled":"closed"}}},"type":"Feature"},{"geometry":{"coordinates":[-79.31878,43.79976],"type":"Point"},"id":"library:BRW","properties":{"accessCondition":"unrestricted","accessibility":"unknown","address":"Bridlewood Mall, 230-2900 Warden Avenue, Toronto, ON, M1W 2S8","closureCategory":"none","hours":"Mon 9 a.m. to 8:30 p.m.; Tue 9 a.m. to 8:30 p.m.; Wed 9 a.m. to 8:30 p.m.; Thu 9 a.m. to 8:30 p.m.; Fri 9 a.m. to 8:30 p.m.; Sat 9 a.m. to 5 p.m.; Sun 12 p.m. to 5 p.m.","id":"library:BRW","name":"Bridlewood library","partialService":false,"reachAvailable":true,"schemaVersion":1,"source":"library","sourceUrl":"https://www.tpl.ca/bridlewood","stateByTime":{"0030":{"observed":"scheduled_closed","scheduled":"closed"},"1200":{"observed":"open","scheduled":"open"},"2030":{"observed":"scheduled_closed","scheduled":"closed"},"2200":{"observed":"scheduled_closed","scheduled":"closed"}}},"type":"Feature"},{"geometry":{"coordinates":[-79.23049,43.72566],"type":"Point"},"id":"library:CC","properties":{"accessCondition":"unrestricted","accessibility":"unknown","address":"3017 Kingston Road, Toronto, ON, M1M 1P1","closureCategory":"none","hours":"Mon 9 a.m. to 8:30 p.m.; Tue 9 a.m. to 8:30 p.m.; Wed 9 a.m. to 8:30 p.m.; Thu 9 a.m. to 8:30 p.m.; Fri 9 a.m. to 8:30 p.m.; Sat 9 a.m. to 5 p.m.; Sun 12 p.m. to 5 p.m.","id":"library:CC","name":"Cliffcrest library","partialService":false,"reachAvailable":true,"schemaVersion":1,"source":"library","sourceUrl":"https://www.tpl.ca/cliffcrest","stateByTime":{"0030":{"observed":"scheduled_closed","scheduled":"closed"},"1200":{"observed":"open","scheduled":"open"},"2030":{"observed":"scheduled_closed","scheduled":"closed"},"2200":{"observed":"scheduled_closed","scheduled":"closed"}}},"type":"Feature"},{"geometry":{"coordinates":[-79.22409,43.75754],"type":"Point"},"id":"library:CED","properties":{"accessCondition":"unrestricted","accessibility":"unknown","address":"545 Markham Road, Toronto, ON, M1H 2A1","closureCategory":"none","hours":"Mon 9 a.m. to 8:30 p.m.; Tue 9 a.m. to 8:30 p.m.; Wed 9 a.m. to 8:30 p.m.; Thu 9 a.m. to 8:30 p.m.; Fri 9 a.m. to 8:30 p.m.; Sat 9 a.m. to 5 p.m.; Sun 12 p.m. to 5 p.m.","id":"library:CED","name":"Cedarbrae library","partialService":false,"reachAvailable":true,"schemaVersion":1,"source":"library","sourceUrl":"https://www.tpl.ca/cedarbrae","stateByTime":{"0030":{"observed":"scheduled_closed","scheduled":"closed"},"1200":{"observed":"open","scheduled":"open"},"2030":{"observed":"scheduled_closed","scheduled":"closed"},"2200":{"observed":"scheduled_closed","scheduled":"closed"}}},"type":"Feature"},{"geometry":{"coordinates":[-79.41451,43.76817],"type":"Point"},"id":"library:CL","properties":{"accessCondition":"unrestricted","accessibility":"unknown","address":"5120 Yonge Street, Toronto, ON, M2N 5N9","closureCategory":"none","hours":"Mon 9 a.m. to 8:30 p.m.; Tue 9 a.m. to 8:30 p.m.; Wed 9 a.m. to 8:30 p.m.; Thu 9 a.m. to 8:30 p.m.; Fri 9 a.m. to 8:30 p.m.; Sat 9 a.m. to 5 p.m.; Sun 12 p.m. to 5 p.m.","id":"library:CL","name":"North York Central Library library","partialService":false,"reachAvailable":true,"schemaVersion":1,"source":"library","sourceUrl":"https://www.tpl.ca/northyorkcentral","stateByTime":{"0030":{"observed":"scheduled_closed","scheduled":"closed"},"1200":{"observed":"open","scheduled":"open"},"2030":{"observed":"scheduled_closed","scheduled":"closed"},"2200":{"observed":"scheduled_closed","scheduled":"closed"}}},"type":"Feature"},{"geometry":{"coordinates":[-79.42019,43.65513],"type":"Point"},"id":"library:CS","properties":{"accessCondition":"unrestricted","accessibility":"unknown","address":"766 College Street, Toronto, ON, M6G 1C4","closureCategory":"none","hours":"Mon 10 a.m. to 8:30 p.m.; Tue 12:30 p.m. to 8:30 p.m.; Wed 10 a.m. to 6 p.m.; Thu 12:30 p.m. to 8:30 p.m.; Fri 10 a.m. to 6 p.m.; Sat 9 a.m. to 5 p.m.; Sun 12 p.m. to 5 p.m.","id":"library:CS","name":"College/Shaw library","partialService":false,"reachAvailable":true,"schemaVersion":1,"source":"library","sourceUrl":"https://www.tpl.ca/collegeshaw","stateByTime":{"0030":{"observed":"scheduled_closed","scheduled":"closed"},"1200":{"observed":"scheduled_closed","scheduled":"closed"},"2030":{"observed":"scheduled_closed","scheduled":"closed"},"2200":{"observed":"scheduled_closed","scheduled":"closed"}}},"type":"Feature"},{"geometry":{"coordinates":[-79.32143,43.68368],"type":"Point"},"id":"library:DA","properties":{"accessCondition":"unrestricted","accessibility":"unknown","address":"1675 Danforth Avenue, Toronto, ON, M4C 5P2","closureCategory":"none","hours":"Mon 9 a.m. to 8:30 p.m.; Tue 9 a.m. to 8:30 p.m.; Wed 9 a.m. to 8:30 p.m.; Thu 9 a.m. to 8:30 p.m.; Fri 9 a.m. to 5 p.m.; Sat 9 a.m. to 5 p.m.; Sun 12 p.m. to 5 p.m.","id":"library:DA","name":"Danforth/Coxwell library","partialService":false,"reachAvailable":true,"schemaVersion":1,"source":"library","sourceUrl":"https://www.tpl.ca/danforthcoxwell","stateByTime":{"0030":{"observed":"scheduled_closed","scheduled":"closed"},"1200":{"observed":"open","scheduled":"open"},"2030":{"observed":"scheduled_closed","scheduled":"closed"},"2200":{"observed":"scheduled_closed","scheduled":"closed"}}},"type":"Feature"},{"geometry":{"coordinates":[-79.49145,43.66548],"type":"Point"},"id":"library:DGH","properties":{"accessCondition":"unrestricted","accessibility":"unknown","address":"620 Jane Street, Toronto, ON, M6S 4A6","closureCategory":"none","hours":"Mon 9 a.m. to 8:30 p.m.; Tue 9 a.m. to 8:30 p.m.; Wed 9 a.m. to 8:30 p.m.; Thu 9 a.m. to 8:30 p.m.; Fri 9 a.m. to 8:30 p.m.; Sat 9 a.m. to 5 p.m.; Sun 12 p.m. to 5 p.m.","id":"library:DGH","name":"Daniel G. Hill (formely Jane/Dundas) library","partialService":false,"reachAvailable":true,"schemaVersion":1,"source":"library","sourceUrl":"https://www.tpl.ca.ca/danielghill/","stateByTime":{"0030":{"observed":"scheduled_closed","scheduled":"closed"},"1200":{"observed":"open","scheduled":"open"},"2030":{"observed":"scheduled_closed","scheduled":"closed"},"2200":{"observed":"scheduled_closed","scheduled":"closed"}}},"type":"Feature"},{"geometry":{"coordinates":[-79.34729,43.73671],"type":"Point"},"id":"library:DM","properties":{"accessCondition":"unrestricted","accessibility":"unknown","address":"888 Lawrence Avenue East, Toronto, ON, M3C 1P6","closureCategory":"none","hours":"Mon 9 a.m. to 8:30 p.m.; Tue 9 a.m. to 8:30 p.m.; Wed 9 a.m. to 8:30 p.m.; Thu 9 a.m. to 8:30 p.m.; Fri 9 a.m. to 8:30 p.m.; Sat 9 a.m. to 5 p.m.; Sun 12 p.m. to 5 p.m.","id":"library:DM","name":"Don Mills library","partialService":false,"reachAvailable":true,"schemaVersion":1,"source":"library","sourceUrl":"https://www.tpl.ca/donmills","stateByTime":{"0030":{"observed":"scheduled_closed","scheduled":"closed"},"1200":{"observed":"open","scheduled":"open"},"2030":{"observed":"scheduled_closed","scheduled":"closed"},"2200":{"observed":"scheduled_closed","scheduled":"closed"}}},"type":"Feature"},{"geometry":{"coordinates":[-79.48202,43.72885],"type":"Point"},"id":"library:DO","properties":{"accessCondition":"unrestricted","accessibility":"unknown","address":"2793 Keele Street, Toronto, ON, M3M 2G3","closureCategory":"none","hours":"Mon 9 a.m. to 8:30 p.m.; Tue 9 a.m. to 8:30 p.m.; Wed 9 a.m. to 8:30 p.m; Thu 9 a.m. to 8:30 p.m.; Fri 9 a.m. to 8:30 p.m.; Sat 9 a.m. to 5 p.m.; Sun 12 p.m. to 5 p.m.","id":"library:DO","name":"Downsview library","partialService":false,"reachAvailable":true,"schemaVersion":1,"source":"library","sourceUrl":"https://www.tpl.ca/downsview","stateByTime":{"0030":{"observed":"scheduled_closed","scheduled":"closed"},"1200":{"observed":"open","scheduled":"open"},"2030":{"observed":"scheduled_closed","scheduled":"closed"},"2200":{"observed":"scheduled_closed","scheduled":"closed"}}},"type":"Feature"},{"geometry":{"coordinates":[-79.39242,43.68863],"type":"Point"},"id":"library:DP","properties":{"accessCondition":"unrestricted","accessibility":"unknown","address":"40 St. Clair Avenue East, Toronto, ON, M4T 1M9","closureCategory":"none","hours":"Mon 9 a.m. to 8:30 p.m.; Tue 9 a.m. to 8:30 p.m.; Wed 9 a.m. to 8:30 p.m; Thu 9 a.m. to 8:30 p.m.; Fri 9 a.m. to 5 p.m.; Sat 9 a.m. to 5 p.m.; Sun 12 p.m. to 5 p.m.","id":"library:DP","name":"Deer Park library","partialService":false,"reachAvailable":true,"schemaVersion":1,"source":"library","sourceUrl":"https://www.tpl.ca/deerpark","stateByTime":{"0030":{"observed":"scheduled_closed","scheduled":"closed"},"1200":{"observed":"open","scheduled":"open"},"2030":{"observed":"scheduled_closed","scheduled":"closed"},"2200":{"observed":"scheduled_closed","scheduled":"closed"}}},"type":"Feature"},{"geometry":{"coordinates":[-79.42839,43.67458],"type":"Point"},"id":"library:DT","properties":{"accessCondition":"unrestricted","accessibility":"unknown","address":"1246 Shaw Street, Toronto, ON, M6G 3P1","closureCategory":"none","hours":"Mon Closed; Tue 12:30 p.m. to 8:30 p.m.; Wed 10 a.m. to 6 p.m.; Thu 12:30 p.m. to 8:30 p.m.; Fri 10 a.m. to 6 p.m.; Sat 9 a.m. to 5 p.m.; Sun 12 p.m. to 5 p.m.","id":"library:DT","name":"Davenport library","partialService":false,"reachAvailable":true,"schemaVersion":1,"source":"library","sourceUrl":"https://www.tpl.ca/davenport","stateByTime":{"0030":{"observed":"scheduled_closed","scheduled":"closed"},"1200":{"observed":"scheduled_closed","scheduled":"closed"},"2030":{"observed":"scheduled_closed","scheduled":"closed"},"2200":{"observed":"scheduled_closed","scheduled":"closed"}}},"type":"Feature"},{"geometry":{"coordinates":[-79.44241,43.67701],"type":"Point"},"id":"library:DU","properties":{"accessCondition":"unrestricted","accessibility":"unknown","address":"1625 Dufferin Street, Toronto, ON, M6H 3L9","closureCategory":"none","hours":"Mon 10 a.m. to 8:30 p.m.; Tue 12:30 p.m. to 8:30 p.m.; Wed 10 a.m. to 6 p.m.; Thu 12:30 p.m. to 8:30 p.m.; Fri 10 a.m. to 6 p.m.; Sat 9 a.m. to 5 p.m.; Sun 12 p.m. to 5 p.m.","id":"library:DU","name":"Dufferin/St. Clair library","partialService":false,"reachAvailable":true,"schemaVersion":1,"source":"library","sourceUrl":"https://www.tpl.ca/dufferinstclair","stateByTime":{"0030":{"observed":"scheduled_closed","scheduled":"closed"},"1200":{"observed":"scheduled_closed","scheduled":"closed"},"2030":{"observed":"scheduled_closed","scheduled":"closed"},"2200":{"observed":"scheduled_closed","scheduled":"closed"}}},"type":"Feature"},{"geometry":{"coordinates":[-79.5591,43.64616],"type":"Point"},"id":"library:EA","properties":{"accessCondition":"unrestricted","accessibility":"unknown","address":"430 Burnhamthorpe Road, Toronto, ON, M9B 2B1","closureCategory":"none","hours":"Mon 9 a.m. to 8:30 p.m.; Tue 9 a.m. to 8:30 p.m.; Wed 9 a.m. to 8:30 p.m.; Thu 9 a.m. to 8:30 p.m.; Fri 9 a.m. to 8:30 p.m.; Sat 9 a.m. to 5 p.m.; Sun 12 p.m. to 5 p.m.","id":"library:EA","name":"Eatonville library","partialService":false,"reachAvailable":true,"schemaVersion":1,"source":"library","sourceUrl":"https://www.tpl.ca/eatonville","stateByTime":{"0030":{"observed":"scheduled_closed","scheduled":"closed"},"1200":{"observed":"open","scheduled":"open"},"2030":{"observed":"scheduled_closed","scheduled":"closed"},"2200":{"observed":"scheduled_closed","scheduled":"closed"}}},"type":"Feature"},{"geometry":{"coordinates":[-79.58391,43.66014],"type":"Point"},"id":"library:EB","properties":{"accessCondition":"unrestricted","accessibility":"unknown","address":"2 Elmbrook Crescent, Toronto, ON, M9C 5B4","closureCategory":"none","hours":"Mon Closed; Tue 10 a.m. to 6 p.m.; Wed 12:30 p.m. to 8:30 p.m.; Thu 12:30 p.m. to 8:30 p.m.; Fri 10 a.m. to 6 p.m.; Sat 9 a.m. to 5 p.m.; Sun 12 p.m. to 5 p.m.","id":"library:EB","name":"Elmbrook Park library","partialService":false,"reachAvailable":true,"schemaVersion":1,"source":"library","sourceUrl":"https://www.tpl.ca/elmbrookpark","stateByTime":{"0030":{"observed":"scheduled_closed","scheduled":"closed"},"1200":{"observed":"open","scheduled":"open"},"2030":{"observed":"scheduled_closed","scheduled":"closed"},"2200":{"observed":"scheduled_closed","scheduled":"closed"}}},"type":"Feature"},{"geometry":{"coordinates":[-79.47233,43.68631],"type":"Point"},"id":"library:EG","properties":{"accessCondition":"unrestricted","accessibility":"unknown","address":"120 Trowell Avenue, Toronto, ON, M6M 1L7","closureCategory":"none","hours":"Mon 10 a.m. to 8:30 p.m.; Tue 12:30 p.m. to 8:30 p.m.; Wed 10 a.m. to 6 p.m.; Thu 12:30 p.m. to 8:30 p.m.; Fri 10 a.m. to 6 p.m.; Sat 9 a.m. to 5 p.m.; Sun 12 p.m. to 5 p.m.","id":"library:EG","name":"Evelyn Gregory library","partialService":false,"reachAvailable":true,"schemaVersion":1,"source":"library","sourceUrl":"https://www.tpl.ca/evelyngregory","stateByTime":{"0030":{"observed":"scheduled_closed","scheduled":"closed"},"1200":{"observed":"scheduled_closed","scheduled":"closed"},"2030":{"observed":"scheduled_closed","scheduled":"closed"},"2200":{"observed":"scheduled_closed","scheduled":"closed"}}},"type":"Feature"},{"geometry":{"coordinates":[-79.37572,43.76874],"type":"Point"},"id":"library:EN","properties":{"accessCondition":"unrestricted","accessibility":"unknown","address":"100 Ethennonnhawahstihnen' Lane, Toronto, ON  M2K 3C9","closureCategory":"none","hours":"Mon 9 a.m. to 8:30 p.m.; Tue 9 a.m. to 8:30 p.m.; Wed 9 a.m. to 8:30 p.m.; Thu 9 a.m. to 8:30 p.m.; Fri 9 a.m. to 5 p.m.; Sat 9 a.m. to 5 p.m.; Sun 12 p.m. to 5 p.m.","id":"library:EN","name":"Ethennonnhawahstihnen' (formely Bayview)  library","partialService":false,"reachAvailable":true,"schemaVersion":1,"source":"library","sourceUrl":"https://www.tpl.ca/ethennonnhawahstihnen","stateByTime":{"0030":{"observed":"scheduled_closed","scheduled":"closed"},"1200":{"observed":"open","scheduled":"open"},"2030":{"observed":"scheduled_closed","scheduled":"closed"},"2200":{"observed":"scheduled_closed","scheduled":"closed"}}},"type":"Feature"},{"geometry":{"coordinates":[-79.40039,43.63923],"type":"Point"},"id":"library:FO","properties":{"accessCondition":"unrestricted","accessibility":"unknown","address":"190 Fort York Boulevard, Toronto, ON M5V 0E7","closureCategory":"none","hours":"Mon 9 a.m. to 8:30 p.m.; Tue 9 a.m. to 8:30 p.m.; Wed 9 a.m. to 8:30 p.m.; Thu 9 a.m. to 8:30 p.m.; Fri 9 a.m. to 5 p.m.; Sat 9 a.m. to 5 p.m.; Sun 12 p.m. to 5 p.m.","id":"library:FO","name":"Fort York library","partialService":false,"reachAvailable":true,"schemaVersion":1,"source":"library","sourceUrl":"https://www.tpl.ca/fortyork","stateByTime":{"0030":{"observed":"scheduled_closed","scheduled":"closed"},"1200":{"observed":"open","scheduled":"open"},"2030":{"observed":"scheduled_closed","scheduled":"closed"},"2200":{"observed":"scheduled_closed","scheduled":"closed"}}},"type":"Feature"},{"geometry":{"coordinates":[-79.34674,43.77909],"type":"Point"},"id":"library:FV","properties":{"accessCondition":"unrestricted","accessibility":"unknown","address":"35 Fairview Mall Drive, Toronto, ON, M2J 4S4","closureCategory":"none","hours":"Mon 9 a.m. to 8:30 p.m.; Tue 9 a.m. to 8:30 p.m.; Wed 9 a.m. to 8:30 p.m.; Thu 9 a.m. to 8:30 p.m.; Fri 9 a.m. to 8:30 p.m.; Sat 9 a.m. to 5 p.m.; Sun 12 p.m. to 5 p.m.","id":"library:FV","name":"Fairview library","partialService":false,"reachAvailable":true,"schemaVersion":1,"source":"library","sourceUrl":"https://www.tpl.ca/fairview","stateByTime":{"0030":{"observed":"scheduled_closed","scheduled":"closed"},"1200":{"observed":"open","scheduled":"open"},"2030":{"observed":"scheduled_closed","scheduled":"closed"},"2200":{"observed":"scheduled_closed","scheduled":"closed"}}},"type":"Feature"},{"geometry":{"coordinates":[-79.32204,43.67245],"type":"Point"},"id":"library:GE","properties":{"accessCondition":"unrestricted","accessibility":"unknown","address":"1432 Gerrard Street East, Toronto, ON, M4L 1Z6","closureCategory":"none","hours":"Mon 10 a.m. to 8:30 p.m.; Tue 12:30 p.m. to 8:30 p.m.; Wed 10 a.m. to 6 p.m.; Thu 12:30 p.m. to 8:30 p.m.; Fri 10 a.m. to 6 p.m.; Sat 9 a.m. to 5 p.m.; Sun 12 p.m. to 5 p.m.","id":"library:GE","name":"Gerrard/Ashdale library","partialService":false,"reachAvailable":true,"schemaVersion":1,"source":"library","sourceUrl":"https://www.tpl.ca/gerrardashdale","stateByTime":{"0030":{"observed":"scheduled_closed","scheduled":"closed"},"1200":{"observed":"scheduled_closed","scheduled":"closed"},"2030":{"observed":"scheduled_closed","scheduled":"closed"},"2200":{"observed":"scheduled_closed","scheduled":"closed"}}},"type":"Feature"},{"geometry":{"coordinates":[-79.27799,43.82404],"type":"Point"},"id":"library:GHP","properties":{"accessCondition":"unrestricted","accessibility":"unknown","address":"295 Alton Towers Circle, Toronto, ON, M1V 4P1","closureCategory":"none","hours":"Mon 9 a.m. to 8:30 p.m.; Tue 9 a.m. to 8:30 p.m.; Wed 9 a.m. to 8:30 p.m.; Thu 9 a.m. to 8:30 p.m.; Fri 9 a.m. to 5 p.m.; Sat 9 a.m. to 5 p.m.; Sun 12 p.m. to 5 p.m.","id":"library:GHP","name":"Goldhawk Park library","partialService":false,"reachAvailable":true,"schemaVersion":1,"source":"library","sourceUrl":"https://www.tpl.ca/goldhawkpark","stateByTime":{"0030":{"observed":"scheduled_closed","scheduled":"closed"},"1200":{"observed":"open","scheduled":"open"},"2030":{"observed":"scheduled_closed","scheduled":"closed"},"2200":{"observed":"scheduled_closed","scheduled":"closed"}}},"type":"Feature"},{"geometry":{"coordinates":[-79.19954,43.74704],"type":"Point"},"id":"library:GW","properties":{"accessCondition":"unrestricted","accessibility":"unknown","address":"Guildwood Plaza, 123 Guildwood Parkway, Toronto, ON, M1E 4V2","closureCategory":"none","hours":"Mon Closed; Tue 12:30 p.m. to 8:30 p.m.; Wed 10 a.m. to 6 p.m.; Thu 12:30 p.m. to 8:30 p.m.; Fri 10 a.m. to 6 p.m.; Sat 9 a.m. to 5 p.m.; Sun 12 p.m. to 5 p.m.","id":"library:GW","name":"Guildwood library","partialService":false,"reachAvailable":true,"schemaVersion":1,"source":"library","sourceUrl":"https://www.tpl.ca/guildwood","stateByTime":{"0030":{"observed":"scheduled_closed","scheduled":"closed"},"1200":{"observed":"scheduled_closed","scheduled":"closed"},"2030":{"observed":"scheduled_closed","scheduled":"closed"},"2200":{"observed":"scheduled_closed","scheduled":"closed"}}},"type":"Feature"},{"geometry":{"coordinates":[-79.49124,43.63032],"type":"Point"},"id":"library:HB","properties":{"accessCondition":"unrestricted","accessibility":"unknown","address":"200 Park Lawn Road, Toronto, ON, M8Y 3J1","closureCategory":"none","hours":"Mon Closed; Tue 10 a.m. to 6 p.m.; Wed 12:30 p.m. to 8:30 p.m.; Thu 12:30 p.m. to 8:30 p.m.; Fri 10 a.m. to 6 p.m.; Sat 9 a.m. to 5 p.m.; Sun 12 p.m. to 5 p.m.","id":"library:HB","name":"Humber Bay library","partialService":false,"reachAvailable":true,"schemaVersion":1,"source":"library","sourceUrl":"https://www.tpl.ca/humberbay","stateByTime":{"0030":{"observed":"scheduled_closed","scheduled":"closed"},"1200":{"observed":"open","scheduled":"open"},"2030":{"observed":"scheduled_closed","scheduled":"closed"},"2200":{"observed":"scheduled_closed","scheduled":"closed"}}},"type":"Feature"},{"geometry":{"coordinates":[-79.17516,43.79003],"type":"Point"},"id":"library:HC","properties":{"accessCondition":"unrestricted","accessibility":"unknown","address":"3550 Ellesmere Road, Toronto, ON, M1C 3Z2","closureCategory":"none","hours":"Mon Closed; Tue 12:30 p.m. to 8:30 p.m.; Wed 10 a.m. to 6 p.m.; Thu 12:30 p.m. to 8:30 p.m.; Fri 10 a.m. to 6 p.m.; Sat 9 a.m. to 5 p.m.; Sun 12 p.m. to 5 p.m.","id":"library:HC","name":"Highland Creek library","partialService":false,"reachAvailable":true,"schemaVersion":1,"source":"library","sourceUrl":"https://www.tpl.ca/highlandcreek","stateByTime":{"0030":{"observed":"scheduled_closed","scheduled":"closed"},"1200":{"observed":"scheduled_closed","scheduled":"closed"},"2030":{"observed":"scheduled_closed","scheduled":"closed"},"2200":{"observed":"scheduled_closed","scheduled":"closed"}}},"type":"Feature"},{"geometry":{"coordinates":[-79.36904,43.79707],"type":"Point"},"id":"library:HIL","properties":{"accessCondition":"unrestricted","accessibility":"unknown","address":"5801 Leslie Street, Toronto, ON, M2H 1J8","closureCategory":"none","hours":"Mon 9 a.m. to 8:30 p.m.; Tue 9 a.m. to 8:30 p.m.; Wed 9 a.m. to 8:30 p.m.; Thu 9 a.m. to 8:30 p.m.; Fri 9 a.m. to 5 p.m.; Sat 9 a.m. to 5 p.m.; Sun 12 p.m. to 5 p.m.","id":"library:HIL","name":"Hillcrest library","partialService":false,"reachAvailable":true,"schemaVersion":1,"source":"library","sourceUrl":"https://www.tpl.ca/hillcrest","stateByTime":{"0030":{"observed":"scheduled_closed","scheduled":"closed"},"1200":{"observed":"open","scheduled":"open"},"2030":{"observed":"scheduled_closed","scheduled":"closed"},"2200":{"observed":"scheduled_closed","scheduled":"closed"}}},"type":"Feature"},{"geometry":{"coordinates":[-79.44887,43.64513],"type":"Point"},"id":"library:HP","properties":{"accessCondition":"unrestricted","accessibility":"unknown","address":"228 Roncesvalles Avenue, Toronto, ON, M6R 2L7","closureCategory":"none","hours":"Mon 9 a.m. to 8:30 p.m.; Tue 9 a.m. to 8:30 p.m.; Wed 9 a.m. to 8:30 p.m.; Thu 9 a.m. to 8:30 p.m.; Fri 9 a.m. to 5 p.m.; Sat 9 a.m. to 5 p.m.; Sun 12 p.m. to 5 p.m.","id":"library:HP","name":"High Park library","partialService":false,"reachAvailable":true,"schemaVersion":1,"source":"library","sourceUrl":"https://www.tpl.ca/highpark","stateByTime":{"0030":{"observed":"scheduled_closed","scheduled":"closed"},"1200":{"observed":"open","scheduled":"open"},"2030":{"observed":"scheduled_closed","scheduled":"closed"},"2200":{"observed":"scheduled_closed","scheduled":"closed"}}},"type":"Feature"},{"geometry":{"coordinates":[-79.57161,43.75906],"type":"Point"},"id":"library:HS","properties":{"accessCondition":"unrestricted","accessibility":"unknown","address":"2990 Islington Avenue, Toronto, ON, M9L 2K6","closureCategory":"none","hours":"Mon 10 a.m. to 8:30 p.m.; Tue 12:30 p.m. to 8:30 p.m.; Wed 10 a.m. to 6 p.m.; Thu 12:30 p.m. to 8:30 p.m.; Fri 10 a.m. to 6 p.m.; Sat 9 a.m. to 5 p.m.; Sun 12 p.m. to 5 p.m.","id":"library:HS","name":"Humber Summit library","partialService":false,"reachAvailable":true,"schemaVersion":1,"source":"library","sourceUrl":"https://www.tpl.ca/humbersummit","stateByTime":{"0030":{"observed":"scheduled_closed","scheduled":"closed"},"1200":{"observed":"scheduled_closed","scheduled":"closed"},"2030":{"observed":"scheduled_closed","scheduled":"closed"},"2200":{"observed":"scheduled_closed","scheduled":"closed"}}},"type":"Feature"},{"geometry":{"coordinates":[-79.33451,43.66598],"type":"Point"},"id":"library:JO","properties":{"accessCondition":"unrestricted","accessibility":"unknown","address":"118 Jones Avenue, Toronto, ON, M4M 2Z9","closureCategory":"none","hours":"Mon 10 a.m. to 6 p.m.; Tue 10 a.m. to 8:30 p.m.; Wed 12:30 p.m. to 8:30 p.m.; Thu 12:30 p.m. to 8:30 p.m.; Fri 10 a.m. to 6 p.m.; Sat 9 a.m. to 5 p.m.; Sun 12 p.m. to 5 p.m.","id":"library:JO","name":"Jones library","partialService":false,"reachAvailable":true,"schemaVersion":1,"source":"library","sourceUrl":"https://www.tpl.ca/jones","stateByTime":{"0030":{"observed":"scheduled_closed","scheduled":"closed"},"1200":{"observed":"open","scheduled":"open"},"2030":{"observed":"scheduled_closed","scheduled":"closed"},"2200":{"observed":"scheduled_closed","scheduled":"closed"}}},"type":"Feature"},{"geometry":{"coordinates":[-79.5101,43.73996],"type":"Point"},"id":"library:JS","properties":{"accessCondition":"unrestricted","accessibility":"unknown","address":"1906 Sheppard Avenue West, Toronto, ON, M3L 1Y7","closureCategory":"none","hours":"Mon 9 a.m. to 8:30 p.m.; Tue 9 a.m. to 8:30 p.m.; Wed 9 a.m. to 8:30 p.m.; Thu 9 a.m. to 8:30 p.m.; Fri 9 a.m. to 8:30 p.m.; Sat 9 a.m. to 5 p.m.; Sun 12 p.m. to 5 p.m.","id":"library:JS","name":"Jane/Sheppard library","partialService":false,"reachAvailable":true,"schemaVersion":1,"source":"library","sourceUrl":"https://www.tpl.ca/janesheppard","stateByTime":{"0030":{"observed":"scheduled_closed","scheduled":"closed"},"1200":{"observed":"open","scheduled":"open"},"2030":{"observed":"scheduled_closed","scheduled":"closed"},"2200":{"observed":"scheduled_closed","scheduled":"closed"}}},"type":"Feature"},{"geometry":{"coordinates":[-79.44964,43.66566],"type":"Point"},"id":"library:JT","properties":{"accessCondition":"unrestricted","accessibility":"unknown","address":"305 Campbell Avenue, Toronto, ON M6P 3V7","closureCategory":"none","hours":"Closed","id":"library:JT","name":"Junction Triangle (formely Perth/Dupont) library","partialService":false,"reachAvailable":true,"schemaVersion":1,"source":"library","sourceUrl":"https://www.tpl.ca/junctiontriangle/","stateByTime":{"0030":{"observed":"scheduled_closed","scheduled":"closed"},"1200":{"observed":"scheduled_closed","scheduled":"closed"},"2030":{"observed":"scheduled_closed","scheduled":"closed"},"2200":{"observed":"scheduled_closed","scheduled":"closed"}}},"type":"Feature"},{"geometry":{"coordinates":[-79.27044,43.73221],"type":"Point"},"id":"library:KE","properties":{"accessCondition":"unrestricted","accessibility":"unknown","address":"Liberty Square Plaza, 2380 Eglinton Avenue East, Toronto, ON, M1K 2P3","closureCategory":"none","hours":"Mon 9 a.m. to 8:30 p.m.; Tue 9 a.m. to 8:30 p.m.; Wed 9 a.m. to 8:30 p.m.; Thu 9 a.m. to 8:30 p.m.; Fri 9 a.m. to 8:30 p.m.; Sat 9 a.m. to 5 p.m.; Sun 12 p.m. to 5 p.m.","id":"library:KE","name":"Kennedy/Eglinton library","partialService":false,"reachAvailable":true,"schemaVersion":1,"source":"library","sourceUrl":"https://www.tpl.ca/kennedyeglinton","stateByTime":{"0030":{"observed":"scheduled_closed","scheduled":"closed"},"1200":{"observed":"open","scheduled":"open"},"2030":{"observed":"scheduled_closed","scheduled":"closed"},"2200":{"observed":"scheduled_closed","scheduled":"closed"}}},"type":"Feature"},{"geometry":{"coordinates":[-79.53142,43.59529],"type":"Point"},"id":"library:LB","properties":{"accessCondition":"unrestricted","accessibility":"unknown","address":"3500 Lake Shore Boulevard West, Toronto, ON, M8W 1N6","closureCategory":"none","hours":"Mon Closed; Tue 12:30 p.m. to 8:30 p.m.; Wed 10 a.m. to 6 p.m.; Thu 12:30 p.m. to 8:30 p.m.; Fri 10 a.m. to 6 p.m.; Sat 9 a.m. to 5 p.m.; Sun 12 p.m. to 5 p.m.","id":"library:LB","name":"Long Branch library","partialService":false,"reachAvailable":true,"schemaVersion":1,"source":"library","sourceUrl":"https://www.tpl.ca/longbranch","stateByTime":{"0030":{"observed":"scheduled_closed","scheduled":"closed"},"1200":{"observed":"scheduled_closed","scheduled":"closed"},"2030":{"observed":"scheduled_closed","scheduled":"closed"},"2200":{"observed":"scheduled_closed","scheduled":"closed"}}},"type":"Feature"},{"geometry":{"coordinates":[-79.36761,43.70641],"type":"Point"},"id":"library:LE","properties":{"accessCondition":"unrestricted","accessibility":"unknown","address":"165 McRae Drive, Toronto, ON, M4G 1S8","closureCategory":"none","hours":"Mon 9 a.m. to 8:30 p.m.; Tue 9 a.m. to 8:30 p.m.; Wed 9 a.m. to 8:30 p.m.; Thu 9 a.m. to 8:30 p.m.; Fri 9 a.m. to 5 p.m.; Sat 9 a.m. to 5 p.m.; Sun 12 p.m. to 5 p.m.","id":"library:LE","name":"Leaside library","partialService":false,"reachAvailable":true,"schemaVersion":1,"source":"library","sourceUrl":"https://www.tpl.ca/leaside","stateByTime":{"0030":{"observed":"scheduled_closed","scheduled":"closed"},"1200":{"observed":"open","scheduled":"open"},"2030":{"observed":"scheduled_closed","scheduled":"closed"},"2200":{"observed":"scheduled_closed","scheduled":"closed"}}},"type":"Feature"},{"geometry":{"coordinates":[-79.40176,43.72488],"type":"Point"},"id":"library:LO","properties":{"accessCondition":"unrestricted","accessibility":"unknown","address":"3083 Yonge Street, Toronto, ON, M4N 2K7","closureCategory":"none","hours":"Mon 9 a.m. to 8:30 p.m.; Tue 9 a.m. to 8:30 p.m.; Wed 9 a.m. to 8:30 p.m.; Thu 9 a.m. to 8:30 p.m.; Fri 9 a.m. to 5 p.m.; Sat 9 a.m. to 5 p.m.; Sun 12 p.m. to 5 p.m.","id":"library:LO","name":"Locke library","partialService":false,"reachAvailable":true,"schemaVersion":1,"source":"library","sourceUrl":"https://www.tpl.ca/locke","stateByTime":{"0030":{"observed":"scheduled_closed","scheduled":"closed"},"1200":{"observed":"open","scheduled":"open"},"2030":{"observed":"scheduled_closed","scheduled":"closed"},"2200":{"observed":"scheduled_closed","scheduled":"closed"}}},"type":"Feature"},{"geometry":{"coordinates":[-79.39839,43.65798],"type":"Point"},"id":"library:LS","properties":{"accessCondition":"unrestricted","accessibility":"unknown","address":"239 College Street, Toronto, ON, M5T 1R5","closureCategory":"none","hours":"Mon 9 a.m. to 8:30 p.m.; Tue 9 a.m. to 8:30 p.m.; Wed 9 a.m. to 8:30 p.m.; Thu 9 a.m. to 8:30 p.m.; Fri 9 a.m. to 8:30 p.m.; Sat 9 a.m. to 5 p.m.; Sun 12 p.m. to 5 p.m.","id":"library:LS","name":"Lillian H. Smith library","partialService":false,"reachAvailable":true,"schemaVersion":1,"source":"library","sourceUrl":"https://www.tpl.ca/lillianhsmith","stateByTime":{"0030":{"observed":"scheduled_closed","scheduled":"closed"},"1200":{"observed":"open","scheduled":"open"},"2030":{"observed":"scheduled_closed","scheduled":"closed"},"2200":{"observed":"scheduled_closed","scheduled":"closed"}}},"type":"Feature"},{"geometry":{"coordinates":[-79.29946,43.68341],"type":"Point"},"id":"library:MA","properties":{"accessCondition":"unrestricted","accessibility":"unknown","address":"137 Main Street, Toronto, ON, M4E 2V9","closureCategory":"none","hours":"Mon 9 a.m. to 8:30 p.m.; Tue 9 a.m. to 8:30 p.m.; Wed 9 a.m. to 8:30 p.m.; Thu 9 a.m. to 8:30 p.m.; Fri 9 a.m. to 5 p.m.; Sat 9 a.m. to 5 p.m.; Sun 12 p.m. to 5 p.m.","id":"library:MA","name":"Main Street library","partialService":false,"reachAvailable":true,"schemaVersion":1,"source":"library","sourceUrl":"https://www.tpl.ca/mainstreet","stateByTime":{"0030":{"observed":"scheduled_closed","scheduled":"closed"},"1200":{"observed":"open","scheduled":"open"},"2030":{"observed":"scheduled_closed","scheduled":"closed"},"2200":{"observed":"scheduled_closed","scheduled":"closed"}}},"type":"Feature"},{"geometry":{"coordinates":[-79.21624,43.80824],"type":"Point"},"id":"library:MAL","properties":{"accessCondition":"unrestricted","accessibility":"unknown","address":"30 Sewells Road, Toronto, ON, M1B 3G5","closureCategory":"none","hours":"Mon 9 a.m. to 8:30 p.m.; Tue 9 a.m. to 8:30 p.m.; Wed 9 a.m. to 8:30 p.m.; Thu 9 a.m. to 8:30 p.m.; Fri 9 a.m. to 8:30 p.m.; Sat 9 a.m. to 5 p.m.; Sun 12 p.m. to 5 p.m.","id":"library:MAL","name":"Malvern library","partialService":false,"reachAvailable":true,"schemaVersion":1,"source":"library","sourceUrl":"https://www.tpl.ca/malvern","stateByTime":{"0030":{"observed":"scheduled_closed","scheduled":"closed"},"1200":{"observed":"open","scheduled":"open"},"2030":{"observed":"scheduled_closed","scheduled":"closed"},"2200":{"observed":"scheduled_closed","scheduled":"closed"}}},"type":"Feature"},{"geometry":{"coordinates":[-79.44727,43.69614],"type":"Point"},"id":"library:MAS","properties":{"accessCondition":"unrestricted","accessibility":"unknown","address":"1745 Eglinton Avenue W, Toronto, ON, M6E 2H4","closureCategory":"none","hours":"Mon 9 a.m. to 8:30 p.m.; Tue 9 a.m. to 8:30 p.m.; Wed 9 a.m. to 8:30 p.m.; Thu 9 a.m. to 8:30 p.m.; Fri 9 a.m. to 8:30 p.m.; Sat 9 a.m. to 5 p.m.; Sun 12 p.m. to 5 p.m.","id":"library:MAS","name":"Maria A. Shchuka library","partialService":false,"reachAvailable":true,"schemaVersion":1,"source":"library","sourceUrl":"https://www.tpl.ca/mariaashchuka","stateByTime":{"0030":{"observed":"scheduled_closed","scheduled":"closed"},"1200":{"observed":"open","scheduled":"open"},"2030":{"observed":"scheduled_closed","scheduled":"closed"},"2200":{"observed":"scheduled_closed","scheduled":"closed"}}},"type":"Feature"},{"geometry":{"coordinates":[-79.28086,43.74794],"type":"Point"},"id":"library:MCG","properties":{"accessCondition":"unrestricted","accessibility":"unknown","address":"2219 Lawrence Avenue East, Toronto, ON, M1P 2P5","closureCategory":"none","hours":"Mon 9 a.m. to 8:30 p.m.; Tue 9 a.m. to 8:30 p.m.; Wed 9 a.m. to 8:30 p.m.; Thu 9 a.m. to 8:30 p.m.; Fri 9 a.m. to 5 p.m.; Sat 9 a.m. to 5 p.m.; Sun 12 p.m. to 5 p.m.","id":"library:MCG","name":"McGregor Park library","partialService":false,"reachAvailable":true,"schemaVersion":1,"source":"library","sourceUrl":"https://www.tpl.ca/mcgregorpark","stateByTime":{"0030":{"observed":"scheduled_closed","scheduled":"closed"},"1200":{"observed":"open","scheduled":"open"},"2030":{"observed":"scheduled_closed","scheduled":"closed"},"2200":{"observed":"scheduled_closed","scheduled":"closed"}}},"type":"Feature"},{"geometry":{"coordinates":[-79.48828,43.68659],"type":"Point"},"id":"library:MD","properties":{"accessCondition":"unrestricted","accessibility":"unknown","address":"1123 Weston Road, Toronto, ON, M6N 3S3","closureCategory":"none","hours":"Mon 9 a.m. to 8:30 p.m.; Tue 9 a.m. to 8:30 p.m.; Wed 9 a.m. to 8:30 p.m.; Thu 9 a.m. to 8:30 p.m.; Fri 9 a.m. to 8:30 p.m.; Sat 9 a.m. to 5 p.m.; Sun 12 p.m. to 5 p.m.","id":"library:MD","name":"Mount Dennis library","partialService":false,"reachAvailable":true,"schemaVersion":1,"source":"library","sourceUrl":"https://www.tpl.ca/mountdennis","stateByTime":{"0030":{"observed":"scheduled_closed","scheduled":"closed"},"1200":{"observed":"open","scheduled":"open"},"2030":{"observed":"scheduled_closed","scheduled":"closed"},"2200":{"observed":"scheduled_closed","scheduled":"closed"}}},"type":"Feature"},{"geometry":{"coordinates":[-79.49369,43.61486],"type":"Point"},"id":"library:MI","properties":{"accessCondition":"unrestricted","accessibility":"unknown","address":"47 Station Road, Toronto, ON, M8V 2R1","closureCategory":"none","hours":"Mon 10 a.m. to 8:30 p.m.; Tue 12:30 p.m. to 8:30 p.m.; Wed 10 a.m. to 6 p.m.; Thu 12:30 p.m. to 8:30 p.m.; Fri 10 a.m. to 6 p.m.; Sat 9 a.m. to 5 p.m.; Sun 12 p.m. to 5 p.m.","id":"library:MI","name":"Mimico Centennial library","partialService":false,"reachAvailable":true,"schemaVersion":1,"source":"library","sourceUrl":"https://www.tpl.ca/mimico","stateByTime":{"0030":{"observed":"scheduled_closed","scheduled":"closed"},"1200":{"observed":"scheduled_closed","scheduled":"closed"},"2030":{"observed":"scheduled_closed","scheduled":"closed"},"2200":{"observed":"scheduled_closed","scheduled":"closed"}}},"type":"Feature"},{"geometry":{"coordinates":[-79.38819,43.70396],"type":"Point"},"id":"library:MP","properties":{"accessCondition":"unrestricted","accessibility":"unknown","address":"599 Mt. Pleasant Road, Toronto, ON, M4S 2M5","closureCategory":"none","hours":"Mon Closed; Tue 12:30 p.m. to 8:30 p.m.; Wed 10 a.m. to 6 p.m.; Thu 12:30 p.m. to 8:30 p.m.; Fri 10 a.m. to 6 p.m.; Sat 9 a.m. to 5 p.m.; Sun 12 p.m. to 5 p.m.","id":"library:MP","name":"Mount Pleasant library","partialService":false,"reachAvailable":true,"schemaVersion":1,"source":"library","sourceUrl":"https://www.tpl.ca/mountpleasant","stateByTime":{"0030":{"observed":"scheduled_closed","scheduled":"closed"},"1200":{"observed":"scheduled_closed","scheduled":"closed"},"2030":{"observed":"scheduled_closed","scheduled":"closed"},"2200":{"observed":"scheduled_closed","scheduled":"closed"}}},"type":"Feature"},{"geometry":{"coordinates":[-79.1784,43.76988],"type":"Point"},"id":"library:MS","properties":{"accessCondition":"unrestricted","accessibility":"unknown","address":"4279 Lawrence Avenue East, Toronto, ON, M1E 2S8","closureCategory":"none","hours":"Mon 9 a.m. to 8:30 p.m.; Tue 9 a.m. to 8:30 p.m.; Wed 9 a.m. to 8:30 p.m.; Thu 9 a.m. to 8:30 p.m.; Fri 9 a.m. to 5 p.m.; Sat 9 a.m. to 5 p.m.; Sun 12 p.m. to 5 p.m.","id":"library:MS","name":"Morningside library","partialService":false,"reachAvailable":true,"schemaVersion":1,"source":"library","sourceUrl":"https://www.tpl.ca/morningside","stateByTime":{"0030":{"observed":"scheduled_closed","scheduled":"closed"},"1200":{"observed":"open","scheduled":"open"},"2030":{"observed":"scheduled_closed","scheduled":"closed"},"2200":{"observed":"scheduled_closed","scheduled":"closed"}}},"type":"Feature"},{"geometry":{"coordinates":[-79.39979,43.70824],"type":"Point"},"id":"library:ND","properties":{"accessCondition":"unrestricted","accessibility":"unknown","address":"40 Orchard View Boulevard, Toronto, ON, M4R 1B9","closureCategory":"none","hours":"Mon 9 a.m. to 8:30 p.m.; Tue 9 a.m. to 8:30 p.m.; Wed 9 a.m. to 8:30 p.m.; Thu 9 a.m. to 8:30 p.m.; Fri 9 a.m. to 8:30 p.m.; Sat 9 a.m. to 5 p.m.; Sun 12 p.m. to 5 p.m.","id":"library:ND","name":"Northern District library","partialService":false,"reachAvailable":true,"schemaVersion":1,"source":"library","sourceUrl":"https://www.tpl.ca/northerndistrict","stateByTime":{"0030":{"observed":"scheduled_closed","scheduled":"closed"},"1200":{"observed":"open","scheduled":"open"},"2030":{"observed":"scheduled_closed","scheduled":"closed"},"2200":{"observed":"scheduled_closed","scheduled":"closed"}}},"type":"Feature"},{"geometry":{"coordinates":[-79.56541,43.71089],"type":"Point"},"id":"library:NE","properties":{"accessCondition":"unrestricted","accessibility":"unknown","address":"123B Rexdale Boulevard, Unit 5, Toronto, ON, M9W 1P1","closureCategory":"none","hours":"Mon 10 a.m. to 8:30 p.m.; Tue 12:30 p.m. to 8:30 p.m.; Wed 10 a.m. to 6 p.m.; Thu 12:30 p.m. to 8:30 p.m.; Fri 10 a.m. to 6 p.m.; Sat 9 a.m. to 5 p.m.; Sun 12 p.m. to 5 p.m.","id":"library:NE","name":"Northern Elms library","partialService":false,"reachAvailable":true,"schemaVersion":1,"source":"library","sourceUrl":"https://www.tpl.ca/northernelms","stateByTime":{"0030":{"observed":"scheduled_closed","scheduled":"closed"},"1200":{"observed":"scheduled_closed","scheduled":"closed"},"2030":{"observed":"scheduled_closed","scheduled":"closed"},"2200":{"observed":"scheduled_closed","scheduled":"closed"}}},"type":"Feature"},{"geometry":{"coordinates":[-79.50986,43.59905],"type":"Point"},"id":"library:NT","properties":{"accessCondition":"unrestricted","accessibility":"unknown","address":"110 Eleventh Street, Toronto, ON, M8V 3G5","closureCategory":"none","hours":"Mon Closed; Tue 10 a.m. to 6 p.m.; Wed 12:30 p.m. to 8:30 p.m.; Thu 12:30 p.m. to 8:30 p.m.; Fri 10 a.m. to 6 p.m.; Sat 9 a.m. to 5 p.m.; Sun 12 p.m. to 5 p.m.","id":"library:NT","name":"New Toronto library","partialService":false,"reachAvailable":true,"schemaVersion":1,"source":"library","sourceUrl":"https://www.tpl.ca/newtoronto","stateByTime":{"0030":{"observed":"scheduled_closed","scheduled":"closed"},"1200":{"observed":"open","scheduled":"open"},"2030":{"observed":"scheduled_closed","scheduled":"closed"},"2200":{"observed":"scheduled_closed","scheduled":"closed"}}},"type":"Feature"},{"geometry":{"coordinates":[-79.43826,43.68656],"type":"Point"},"id":"library:OV","properties":{"accessCondition":"unrestricted","accessibility":"unknown","address":"341 Oakwood Avenue, Toronto, ON, M6E 2W1","closureCategory":"none","hours":"Mon 10 a.m. to 8:30 p.m.; Tue 12:30 p.m. to 8:30 p.m.; Wed 10 a.m. to 6 p.m.; Thu 12:30 p.m. to 8:30 p.m.; Fri 10 a.m. to 6 p.m.; Sat 9 a.m. to 5 p.m.; Sun 12 p.m. to 5 p.m.","id":"library:OV","name":"Oakwood Village Library and Arts Centre library","partialService":false,"reachAvailable":true,"schemaVersion":1,"source":"library","sourceUrl":"https://www.tpl.ca/oakwood","stateByTime":{"0030":{"observed":"scheduled_closed","scheduled":"closed"},"1200":{"observed":"scheduled_closed","scheduled":"closed"},"2030":{"observed":"scheduled_closed","scheduled":"closed"},"2200":{"observed":"scheduled_closed","scheduled":"closed"}}},"type":"Feature"},{"geometry":{"coordinates":[-79.34459,43.67862],"type":"Point"},"id":"library:PA","properties":{"accessCondition":"unrestricted","accessibility":"unknown","address":"701 Pape Avenue, Toronto, ON, M4K 3S6","closureCategory":"none","hours":"Mon 9 a.m. to 8:30 p.m.; Tue 9 a.m. to 8:30 p.m.; Wed 9 a.m. to 8:30 p.m.; Thu 9 a.m. to 8:30 p.m.; Fri 9 a.m. to 8:30 p.m.; Sat 9 a.m. to 5 p.m.; Sun 12 p.m. to 5 p.m.","id":"library:PA","name":"Pape/Danforth library","partialService":false,"reachAvailable":true,"schemaVersion":1,"source":"library","sourceUrl":"https://www.tpl.ca/papedanforth","stateByTime":{"0030":{"observed":"scheduled_closed","scheduled":"closed"},"1200":{"observed":"open","scheduled":"open"},"2030":{"observed":"scheduled_closed","scheduled":"closed"},"2200":{"observed":"scheduled_closed","scheduled":"closed"}}},"type":"Feature"},{"geometry":{"coordinates":[-79.43265,43.64127],"type":"Point"},"id":"library:PK","properties":{"accessCondition":"unrestricted","accessibility":"unknown","address":"1303 Queen Street West, Toronto, ON, M6K 1L6","closureCategory":"none","hours":"Mon 9 a.m. to 8:30 p.m.; Tue 9 a.m. to 8:30 p.m.; Wed 9 a.m. to 8:30 p.m.; Thu 9 a.m. to 8:30 p.m.; Fri 9 a.m. to 8:30 p.m.; Sat 9 a.m. to 5 p.m.; Sun 12 p.m. to 5 p.m.","id":"library:PK","name":"Parkdale library","partialService":false,"reachAvailable":true,"schemaVersion":1,"source":"library","sourceUrl":"https://www.tpl.ca/parkdale","stateByTime":{"0030":{"observed":"scheduled_closed","scheduled":"closed"},"1200":{"observed":"open","scheduled":"open"},"2030":{"observed":"scheduled_closed","scheduled":"closed"},"2200":{"observed":"scheduled_closed","scheduled":"closed"}}},"type":"Feature"},{"geometry":{"coordinates":[-79.36803,43.66183],"type":"Point"},"id":"library:PL","properties":{"accessCondition":"unrestricted","accessibility":"unknown","address":"269 Gerrard Street East, Toronto, ON, M5A 2G3","closureCategory":"none","hours":"Mon 9 a.m. to 8:30 p.m.; Tue 9 a.m. to 8:30 p.m.; Wed 9 a.m. to 8:30 p.m.; Thu 9 a.m. to 8:30 p.m.; Fri 9 a.m. to 8:30 p.m.; Sat 9 a.m. to 5 p.m.; Sun 12 p.m. to 5 p.m.","id":"library:PL","name":"Parliament Street library","partialService":false,"reachAvailable":true,"schemaVersion":1,"source":"library","sourceUrl":"https://www.tpl.ca/parliament","stateByTime":{"0030":{"observed":"scheduled_closed","scheduled":"closed"},"1200":{"observed":"open","scheduled":"open"},"2030":{"observed":"scheduled_closed","scheduled":"closed"},"2200":{"observed":"scheduled_closed","scheduled":"closed"}}},"type":"Feature"},{"geometry":{"coordinates":[-79.41414,43.66511],"type":"Point"},"id":"library:PM","properties":{"accessCondition":"unrestricted","accessibility":"unknown","address":"560 Palmerston Avenue, Toronto, ON, M6G 2P7","closureCategory":"none","hours":"Mon 10 a.m. to 8:30 p.m.; Tue 12:30 p.m. to 8:30 p.m.; Wed 10 a.m. to 6 p.m.; Thu 12:30 p.m. to 8:30 p.m.; Fri 10 a.m. to 6 p.m.; Sat 9 a.m. to 5 p.m.; Sun 12 p.m. to 5 p.m.","id":"library:PM","name":"Palmerston library","partialService":false,"reachAvailable":true,"schemaVersion":1,"source":"library","sourceUrl":"https://www.tpl.ca/palmerston","stateByTime":{"0030":{"observed":"scheduled_closed","scheduled":"closed"},"1200":{"observed":"scheduled_closed","scheduled":"closed"},"2030":{"observed":"scheduled_closed","scheduled":"closed"},"2200":{"observed":"scheduled_closed","scheduled":"closed"}}},"type":"Feature"},{"geometry":{"coordinates":[-79.33545,43.78761],"type":"Point"},"id":"library:PV","properties":{"accessCondition":"unrestricted","accessibility":"unknown","address":"575 Van Horne Avenue, Toronto, ON, M2J 4S8","closureCategory":"none","hours":"Closed","id":"library:PV","name":"Pleasant View library","partialService":false,"reachAvailable":true,"schemaVersion":1,"source":"library","sourceUrl":"https://www.tpl.ca/pleasantview","stateByTime":{"0030":{"observed":"scheduled_closed","scheduled":"closed"},"1200":{"observed":"scheduled_closed","scheduled":"closed"},"2030":{"observed":"scheduled_closed","scheduled":"closed"},"2200":{"observed":"scheduled_closed","scheduled":"closed"}}},"type":"Feature"},{"geometry":{"coordinates":[-79.35309,43.66571],"type":"Point"},"id":"library:RD","properties":{"accessCondition":"unrestricted","accessibility":"unknown","address":"370 Broadview Avenue, Toronto, ON, M4K 2M8","closureCategory":"none","hours":"Mon 9 a.m. to 8:30 p.m.; Tue 9 a.m. to 8:30 p.m.; Wed 9 a.m. to 8:30 p.m.; Thu 9 a.m. to 8:30 p.m.; Fri 9 a.m. to 5 p.m.; Sat 9 a.m. to 5 p.m.; Sun 12 p.m. to 5 p.m.","id":"library:RD","name":"Riverdale library","partialService":false,"reachAvailable":true,"schemaVersion":1,"source":"library","sourceUrl":"https://www.tpl.ca/riverdale","stateByTime":{"0030":{"observed":"scheduled_closed","scheduled":"closed"},"1200":{"observed":"open","scheduled":"open"},"2030":{"observed":"scheduled_closed","scheduled":"closed"},"2200":{"observed":"scheduled_closed","scheduled":"closed"}}},"type":"Feature"},{"geometry":{"coordinates":[-79.54113,43.68344],"type":"Point"},"id":"library:RI","properties":{"accessCondition":"unrestricted","accessibility":"unknown","address":"1806 Islington Avenue, Toronto, ON, M9P 3N3","closureCategory":"none","hours":"Mon 9 a.m. to 8:30 p.m.; Tue 9 a.m. to 8:30 p.m.; Wed 9 a.m. to 8:30 p.m.; Thu 9 a.m. to 8:30 p.m.; Fri 9 a.m. to 8:30 p.m.; Sat 9 a.m. to 5 p.m.; Sun 12 p.m. to 5 p.m.","id":"library:RI","name":"Richview library","partialService":false,"reachAvailable":true,"schemaVersion":1,"source":"library","sourceUrl":"https://www.tpl.ca/richview","stateByTime":{"0030":{"observed":"scheduled_closed","scheduled":"closed"},"1200":{"observed":"open","scheduled":"open"},"2030":{"observed":"scheduled_closed","scheduled":"closed"},"2200":{"observed":"scheduled_closed","scheduled":"closed"}}},"type":"Feature"},{"geometry":{"coordinates":[-79.47388,43.65188],"type":"Point"},"id":"library:RN","properties":{"accessCondition":"unrestricted","accessibility":"unknown","address":"2178 Bloor Street West, Toronto, ON, M6S 1M8","closureCategory":"none","hours":"Mon 9 a.m. to 8:30 p.m.; Tue 9 a.m. to 8:30 p.m.; Wed 9 a.m. to 8:30 p.m.; Thu 9 a.m. to 8:30 p.m.; Fri 9 a.m. to 5 p.m.; Sat 9 a.m. to 5 p.m.; Sun 12 p.m. to 5 p.m.","id":"library:RN","name":"Runnymede library","partialService":false,"reachAvailable":true,"schemaVersion":1,"source":"library","sourceUrl":"https://www.tpl.ca/runnymede","stateByTime":{"0030":{"observed":"scheduled_closed","scheduled":"closed"},"1200":{"observed":"open","scheduled":"open"},"2030":{"observed":"scheduled_closed","scheduled":"closed"},"2200":{"observed":"scheduled_closed","scheduled":"closed"}}},"type":"Feature"},{"geometry":{"coordinates":[-79.57323,43.72614],"type":"Point"},"id":"library:RX","properties":{"accessCondition":"unrestricted","accessibility":"unknown","address":"2243 Kipling Avenue, Toronto, ON, M9W 4L5","closureCategory":"none","hours":"Mon 10 a.m. to 8:30 p.m.; Tue 12:30 p.m. to 8:30 p.m.; Wed 10 a.m. to 6 p.m.; Thu 12:30 p.m. to 8:30 p.m.; Fri 10 a.m. to 6 p.m.; Sat 9 a.m. to 5 p.m.; Sun 12 p.m. to 5 p.m.","id":"library:RX","name":"Rexdale library","partialService":false,"reachAvailable":true,"schemaVersion":1,"source":"library","sourceUrl":"https://www.tpl.ca/rexdale","stateByTime":{"0030":{"observed":"scheduled_closed","scheduled":"closed"},"1200":{"observed":"scheduled_closed","scheduled":"closed"},"2030":{"observed":"scheduled_closed","scheduled":"closed"},"2200":{"observed":"scheduled_closed","scheduled":"closed"}}},"type":"Feature"},{"geometry":{"coordinates":[-79.40551,43.65214],"type":"Point"},"id":"library:SA","properties":{"accessCondition":"unrestricted","accessibility":"unknown","address":"327 Bathurst Street, Toronto, ON, M5T 1J1","closureCategory":"none","hours":"Mon 9 a.m. to 8:30 p.m.; Tue 9 a.m. to 8:30 p.m.; Wed 9 a.m. to 8:30 p.m.; Thu 9 a.m. to 8:30 p.m.; Fri 9 a.m. to 8:30 p.m.; Sat 9 a.m. to 5 p.m.; Sun 12 p.m. to 5 p.m.","id":"library:SA","name":"Sanderson library","partialService":false,"reachAvailable":true,"schemaVersion":1,"source":"library","sourceUrl":"https://www.tpl.ca/sanderson","stateByTime":{"0030":{"observed":"scheduled_closed","scheduled":"closed"},"1200":{"observed":"open","scheduled":"open"},"2030":{"observed":"scheduled_closed","scheduled":"closed"},"2200":{"observed":"scheduled_closed","scheduled":"closed"}}},"type":"Feature"},{"geometry":{"coordinates":[-79.25704,43.77237],"type":"Point"},"id":"library:SC","properties":{"accessCondition":"unrestricted","accessibility":"unknown","address":"156 Borough Drive, Toronto, ON, M1P 4N7","closureCategory":"none","hours":"Mon 9 a.m. to 8:30 p.m.; Tue 9 a.m. to 8:30 p.m.; Wed 9 a.m. to 8:30 p.m.; Thu 9 a.m. to 8:30 p.m.; Fri 9 a.m. to 5 p.m.; Sat 9 a.m. to 5 p.m.; Sun 12 p.m. to 5 p.m.","id":"library:SC","name":"Scarborough Civic Centre library","partialService":false,"reachAvailable":true,"schemaVersion":1,"source":"library","sourceUrl":"https://www.tpl.ca/scarborough","stateByTime":{"0030":{"observed":"scheduled_closed","scheduled":"closed"},"1200":{"observed":"open","scheduled":"open"},"2030":{"observed":"scheduled_closed","scheduled":"closed"},"2200":{"observed":"scheduled_closed","scheduled":"closed"}}},"type":"Feature"},{"geometry":{"coordinates":[-79.46061,43.67429],"type":"Point"},"id":"library:SI","properties":{"accessCondition":"unrestricted","accessibility":"unknown","address":"1748 St. Clair Avenue West, Toronto, ON, M6N 1J3","closureCategory":"none","hours":"Mon 10 a.m. to 8:30 p.m.; Tue 12:30 p.m. to 8:30 p.m.; Wed 10 a.m. to 6 p.m.; Thu 12:30 p.m. to 8:30 p.m.; Fri 10 a.m. to 6 p.m.; Sat 9 a.m. to 5 p.m.; Sun 12 p.m. to 5 p.m.","id":"library:SI","name":"St. Clair/Silverthorn library","partialService":false,"reachAvailable":true,"schemaVersion":1,"source":"library","sourceUrl":"https://www.tpl.ca/stclairsilverthorn","stateByTime":{"0030":{"observed":"scheduled_closed","scheduled":"closed"},"1200":{"observed":"scheduled_closed","scheduled":"closed"},"2030":{"observed":"scheduled_closed","scheduled":"closed"},"2200":{"observed":"scheduled_closed","scheduled":"closed"}}},"type":"Feature"},{"geometry":{"coordinates":[-79.36832,43.65012],"type":"Point"},"id":"library:SL","properties":{"accessCondition":"unrestricted","accessibility":"unknown","address":"171 Front Street East, Toronto, ON, M5A 4H3","closureCategory":"none","hours":"Mon 10 a.m. to 8:30 p.m.; Tue 12:30 p.m. to 8:30 p.m.; Wed 10 a.m. to 6 p.m.; Thu 12:30 p.m. to 8:30 p.m.; Fri 10 a.m. to 6 p.m.; Sat 9 a.m. to 5 p.m.; Sun 12 p.m. to 5 p.m.","id":"library:SL","name":"St. Lawrence library","partialService":false,"reachAvailable":true,"schemaVersion":1,"source":"library","sourceUrl":"https://www.tpl.ca/stlawrence","stateByTime":{"0030":{"observed":"scheduled_closed","scheduled":"closed"},"1200":{"observed":"scheduled_closed","scheduled":"closed"},"2030":{"observed":"scheduled_closed","scheduled":"closed"},"2200":{"observed":"scheduled_closed","scheduled":"closed"}}},"type":"Feature"},{"geometry":{"coordinates":[-79.40462,43.66767],"type":"Point"},"id":"library:SP","properties":{"accessCondition":"unrestricted","accessibility":"unknown","address":"10 Spadina Road, Toronto, ON, M5R 2S7","closureCategory":"none","hours":"Mon 10 a.m. to 8:30 p.m.; Tue 12:30 p.m. to 8:30 p.m.; Wed 10 a.m. to 6 p.m.; Thu 12:30 p.m. to 8:30 p.m.; Fri 10 a.m. to 6 p.m.; Sat 9 a.m. to 5 p.m.; Sun 12 p.m. to 5 p.m.","id":"library:SP","name":"Spadina Road library","partialService":false,"reachAvailable":true,"schemaVersion":1,"source":"library","sourceUrl":"https://www.tpl.ca/spadina","stateByTime":{"0030":{"observed":"scheduled_closed","scheduled":"closed"},"1200":{"observed":"scheduled_closed","scheduled":"closed"},"2030":{"observed":"scheduled_closed","scheduled":"closed"},"2200":{"observed":"scheduled_closed","scheduled":"closed"}}},"type":"Feature"},{"geometry":{"coordinates":[-79.32243,43.81555],"type":"Point"},"id":"library:ST","properties":{"accessCondition":"unrestricted","accessibility":"unknown","address":"Bamburgh Gardens Shopping Plaza, C107-375 Bamburgh Circle, Toronto, ON, M1W 3Y1","closureCategory":"none","hours":"Mon 9 a.m. to 8:30 p.m.; Tue 9 a.m. to 8:30 p.m.; Wed 9 a.m. to 8:30 p.m.; Thu 9 a.m. to 8:30 p.m.; Fri 9 a.m. to 8:30 p.m.; Sat 9 a.m. to 5 p.m.; Sun 12 p.m. to 5 p.m.","id":"library:ST","name":"Steeles library","partialService":false,"reachAvailable":true,"schemaVersion":1,"source":"library","sourceUrl":"https://www.tpl.ca/steeles","stateByTime":{"0030":{"observed":"scheduled_closed","scheduled":"closed"},"1200":{"observed":"open","scheduled":"open"},"2030":{"observed":"scheduled_closed","scheduled":"closed"},"2200":{"observed":"scheduled_closed","scheduled":"closed"}}},"type":"Feature"},{"geometry":{"coordinates":[-79.32972,43.69217],"type":"Point"},"id":"library:SWS","properties":{"accessCondition":"unrestricted","accessibility":"unknown","address":"170 Memorial Park Avenue, Toronto, ON, M4J 2K5","closureCategory":"none","hours":"Mon 9 a.m. to 8:30 p.m.; Tue 9 a.m. to 8:30 p.m.; Wed 9 a.m. to 8:30 p.m.; Thu 9 a.m. to 8:30 p.m.; Fri 9 a.m. to 8:30 p.m.; Sat 9 a.m. to 5 p.m.; Sun 12 p.m. to 5 p.m.","id":"library:SWS","name":"S. Walter Stewart library","partialService":false,"reachAvailable":true,"schemaVersion":1,"source":"library","sourceUrl":"https://www.tpl.ca/swalterstewart","stateByTime":{"0030":{"observed":"scheduled_closed","scheduled":"closed"},"1200":{"observed":"open","scheduled":"open"},"2030":{"observed":"scheduled_closed","scheduled":"closed"},"2200":{"observed":"scheduled_closed","scheduled":"closed"}}},"type":"Feature"},{"geometry":{"coordinates":[-79.2713,43.68789],"type":"Point"},"id":"library:TA","properties":{"accessCondition":"unrestricted","accessibility":"unknown","address":"1440 Kingston Road, Toronto, ON, M1N 1R3","closureCategory":"none","hours":"Mon Closed; Tue 12:30 p.m. to 8:30 p.m.; Wed 10 a.m. to 6 p.m.; Thu 12:30 p.m. to 8:30 p.m.; Fri 10 a.m. to 6 p.m.; Sat 9 a.m. to 5 p.m.; Sun 12 p.m. to 5 p.m.","id":"library:TA","name":"Taylor Memorial library","partialService":false,"reachAvailable":true,"schemaVersion":1,"source":"library","sourceUrl":"https://www.tpl.ca/taylor","stateByTime":{"0030":{"observed":"scheduled_closed","scheduled":"closed"},"1200":{"observed":"scheduled_closed","scheduled":"closed"},"2030":{"observed":"scheduled_closed","scheduled":"closed"},"2200":{"observed":"scheduled_closed","scheduled":"closed"}}},"type":"Feature"},{"geometry":{"coordinates":[-79.34252,43.70297],"type":"Point"},"id":"library:TH","properties":{"accessCondition":"unrestricted","accessibility":"unknown","address":"48 Thorncliffe Park Drive, Toronto, ON, M4H 1J7","closureCategory":"none","hours":"Mon 9 a.m. to 8:30 p.m.; Tue 9 a.m. to 8:30 p.m.; Wed 9 a.m. to 8:30 p.m; Thu 9 a.m. to 8:30 p.m.; Fri 9 a.m. to 8:30 p.m.; Sat 9 a.m. to 5 p.m.; Sun 12 p.m. to 5 p.m.","id":"library:TH","name":"Thorncliffe library","partialService":false,"reachAvailable":true,"schemaVersion":1,"source":"library","sourceUrl":"https://www.tpl.ca/thorncliffe","stateByTime":{"0030":{"observed":"scheduled_closed","scheduled":"closed"},"1200":{"observed":"open","scheduled":"open"},"2030":{"observed":"scheduled_closed","scheduled":"closed"},"2200":{"observed":"scheduled_closed","scheduled":"closed"}}},"type":"Feature"},{"geometry":{"coordinates":[-79.38674,43.67195],"type":"Point"},"id":"library:TRL","properties":{"accessCondition":"unrestricted","accessibility":"unknown","address":"789 Yonge Street, Toronto, ON, M4W 2G8","closureCategory":"none","hours":"Mon 9 a.m. to 8:30 p.m.; Tue 9 a.m. to 8:30 p.m.; Wed 9 a.m. to 8:30 p.m.; Thu 9 a.m. to 8:30 p.m.; Fri 9 a.m. to 8:30 p.m.; Sat 9 a.m. to 5 p.m.; Sun 12 p.m. to 5 p.m.","id":"library:TRL","name":"Toronto Reference Library library","partialService":false,"reachAvailable":true,"schemaVersion":1,"source":"library","sourceUrl":"https://www.tpl.ca/torontoreferencelibrary","stateByTime":{"0030":{"observed":"scheduled_closed","scheduled":"closed"},"1200":{"observed":"open","scheduled":"open"},"2030":{"observed":"scheduled_closed","scheduled":"closed"},"2200":{"observed":"scheduled_closed","scheduled":"closed"}}},"type":"Feature"},{"geometry":{"coordinates":[-79.31292,43.73605],"type":"Point"},"id":"library:VV","properties":{"accessCondition":"unrestricted","accessibility":"unknown","address":"184 Sloane Avenue, Toronto, ON, M4A 2C4","closureCategory":"none","hours":"Mon 9 a.m. to 8:30 p.m.; Tue 9 a.m. to 8:30 p.m.; Wed 10 a.m. to 6 p.m; Thu 12:30 a.m. to 8:30 p.m.; Fri 10 a.m. to 6 p.m.; Sat 9 a.m. to 5 p.m.; Sun 12 p.m. to 5 p.m.","id":"library:VV","name":"Victoria Village library","partialService":false,"reachAvailable":true,"schemaVersion":1,"source":"library","sourceUrl":"https://www.tpl.ca/victoriavillage","stateByTime":{"0030":{"observed":"scheduled_closed","scheduled":"closed"},"1200":{"observed":"open","scheduled":"open"},"2030":{"observed":"scheduled_closed","scheduled":"closed"},"2200":{"observed":"scheduled_closed","scheduled":"closed"}}},"type":"Feature"},{"geometry":{"coordinates":[-79.52071,43.70171],"type":"Point"},"id":"library:WE","properties":{"accessCondition":"unrestricted","accessibility":"unknown","address":"2 King Street, Toronto, ON, M9N 1K9","closureCategory":"none","hours":"Mon 9 a.m. to 8:30 p.m.; Tue 9 a.m. to 8:30 p.m.; Wed 9 a.m. to 8:30 p.m.; Thu 9 a.m. to 8:30 p.m.; Fri 9 a.m. to 8:30 p.m.; Sat 9 a.m. to 5 p.m.; Sun 12 p.m. to 5 p.m.","id":"library:WE","name":"Weston library","partialService":false,"reachAvailable":true,"schemaVersion":1,"source":"library","sourceUrl":"https://www.tpl.ca/weston","stateByTime":{"0030":{"observed":"scheduled_closed","scheduled":"closed"},"1200":{"observed":"open","scheduled":"open"},"2030":{"observed":"scheduled_closed","scheduled":"closed"},"2200":{"observed":"scheduled_closed","scheduled":"closed"}}},"type":"Feature"},{"geometry":{"coordinates":[-79.53836,43.73977],"type":"Point"},"id":"library:WP","properties":{"accessCondition":"unrestricted","accessibility":"unknown","address":"16 Bradstock Road, Toronto, ON, M9M 1M8","closureCategory":"none","hours":"Mon 10 a.m. to 8:30 p.m.; Tue 12:30 p.m. to 8:30 p.m.; Wed 10 a.m. to 6 p.m.; Thu 12:30 p.m. to 8:30 p.m.; Fri 10 a.m. to 6 p.m.; Sat 9 a.m. to 5 p.m.; Sun 12 p.m. to 5 p.m.","id":"library:WP","name":"Woodview Park library","partialService":false,"reachAvailable":true,"schemaVersion":1,"source":"library","sourceUrl":"https://www.tpl.ca/woodview","stateByTime":{"0030":{"observed":"scheduled_closed","scheduled":"closed"},"1200":{"observed":"scheduled_closed","scheduled":"closed"},"2030":{"observed":"scheduled_closed","scheduled":"closed"},"2200":{"observed":"scheduled_closed","scheduled":"closed"}}},"type":"Feature"},{"geometry":{"coordinates":[-79.41755,43.68222],"type":"Point"},"id":"library:WY","properties":{"accessCondition":"unrestricted","accessibility":"unknown","address":"1431 Bathurst Street, Toronto, ON, M5R 3J2","closureCategory":"none","hours":"Mon 9 a.m. to 8:30 p.m.; Tue 9 a.m. to 8:30 p.m.; Wed 9 a.m. to 8:30 p.m.; Thu 9 a.m. to 8:30 p.m.; Fri 9 a.m. to 5 p.m.; Sat 9 a.m. to 5 p.m.; Sun 12 p.m. to 5 p.m.","id":"library:WY","name":"Wychwood library","partialService":false,"reachAvailable":true,"schemaVersion":1,"source":"library","sourceUrl":"https://www.tpl.ca/wychwood","stateByTime":{"0030":{"observed":"scheduled_closed","scheduled":"closed"},"1200":{"observed":"open","scheduled":"open"},"2030":{"observed":"scheduled_closed","scheduled":"closed"},"2200":{"observed":"scheduled_closed","scheduled":"closed"}}},"type":"Feature"},{"geometry":{"coordinates":[-79.38864,43.67192],"type":"Point"},"id":"library:YO","properties":{"accessCondition":"unrestricted","accessibility":"unknown","address":"22 Yorkville Avenue, Toronto, ON, M4W 1L4","closureCategory":"none","hours":"Mon 9 a.m. to 8:30 p.m.; Tue 9 a.m. to 8:30 p.m.; Wed 9 a.m. to 8:30 p.m.; Thu 9 a.m. to 8:30 p.m.; Fri 9 a.m. to 5 p.m.; Sat 9 a.m. to 5 p.m.; Sun 12 p.m. to 5 p.m.","id":"library:YO","name":"Yorkville library","partialService":false,"reachAvailable":true,"schemaVersion":1,"source":"library","sourceUrl":"https://www.tpl.ca/yorkville","stateByTime":{"0030":{"observed":"scheduled_closed","scheduled":"closed"},"1200":{"observed":"open","scheduled":"open"},"2030":{"observed":"scheduled_closed","scheduled":"closed"},"2200":{"observed":"scheduled_closed","scheduled":"closed"}}},"type":"Feature"},{"geometry":{"coordinates":[-79.50731,43.75892],"type":"Point"},"id":"library:YW","properties":{"accessCondition":"unrestricted","accessibility":"unknown","address":"1785 Finch Avenue West, Toronto, ON, M3N 1M6","closureCategory":"none","hours":"Mon 9 a.m. to 8:30 p.m.; Tue 9 a.m. to 8:30 p.m.; Wed 9 a.m. to 8:30 p.m.; Thu 9 a.m. to 8:30 p.m.; Fri 9 a.m. to 8:30 p.m.; Sat 9 a.m. to 5 p.m.; Sun 12 p.m. to 5 p.m.","id":"library:YW","name":"York Woods library","partialService":false,"reachAvailable":true,"schemaVersion":1,"source":"library","sourceUrl":"https://www.tpl.ca/yorkwoods","stateByTime":{"0030":{"observed":"scheduled_closed","scheduled":"closed"},"1200":{"observed":"open","scheduled":"open"},"2030":{"observed":"scheduled_closed","scheduled":"closed"},"2200":{"observed":"scheduled_closed","scheduled":"closed"}}},"type":"Feature"},{"geometry":{"coordinates":[-79.4599634886492,43.640347956788],"type":"Point"},"id":"museum:1","properties":{"accessCondition":"unrestricted","accessibility":"accessible","address":"11 Colborne Lodge Dr.","closureCategory":"none","hours":"Mon Closed; Tue Closed; Wed 11 a.m. to 5 p.m.; Thu 11 a.m. to 5 p.m.; Fri 11 a.m. to 5 p.m.; Sat 11 a.m. to 5 p.m.; Sun 11 a.m. to 5 p.m.","id":"museum:1","name":"Colborne Lodge","partialService":false,"reachAvailable":true,"schemaVersion":1,"source":"museum","sourceUrl":"https://open.toronto.ca/dataset/museums-and-cultural-centres/","stateByTime":{"0030":{"observed":"scheduled_closed","scheduled":"closed"},"1200":{"observed":"scheduled_closed","scheduled":"closed"},"2030":{"observed":"scheduled_closed","scheduled":"closed"},"2200":{"observed":"scheduled_closed","scheduled":"closed"}}},"type":"Feature"},{"geometry":{"coordinates":[-79.1936888045812,43.7468931293635],"type":"Point"},"id":"museum:10","properties":{"accessCondition":"unrestricted","accessibility":"accessible","address":"191 Guildwood Pkwy","closureCategory":"none","hours":"Mon 9 a.m. to 4 p.m.; Tue 9 a.m. to 4 p.m.; Wed 9 a.m. to 8 p.m.; Thu 9 a.m. to 4 p.m.; Fri 9 a.m. to 4 p.m.; Sat 9 a.m. to 4 p.m.; Sun 9 a.m. to 4 p.m.","id":"museum:10","name":"Clark Centre for the Arts","partialService":false,"reachAvailable":true,"schemaVersion":1,"source":"museum","sourceUrl":"https://open.toronto.ca/dataset/museums-and-cultural-centres/","stateByTime":{"0030":{"observed":"scheduled_closed","scheduled":"closed"},"1200":{"observed":"open","scheduled":"open"},"2030":{"observed":"scheduled_closed","scheduled":"closed"},"2200":{"observed":"scheduled_closed","scheduled":"closed"}}},"type":"Feature"},{"geometry":{"coordinates":[-79.4063148868448,43.6378640996751],"type":"Point"},"id":"museum:2","properties":{"accessCondition":"unrestricted","accessibility":"accessible","address":"250 Fort York Blvd.","closureCategory":"none","hours":"Mon Closed; Tue Closed; Wed 11 a.m. to 5 p.m.; Thu 11 a.m. to 5 p.m.; Fri 11 a.m. to 5 p.m.; Sat 11 a.m. to 5 p.m.; Sun 11 a.m. to 5 p.m.","id":"museum:2","name":"Fort York National Historic Site","partialService":false,"reachAvailable":true,"schemaVersion":1,"source":"museum","sourceUrl":"https://open.toronto.ca/dataset/museums-and-cultural-centres/","stateByTime":{"0030":{"observed":"scheduled_closed","scheduled":"closed"},"1200":{"observed":"scheduled_closed","scheduled":"closed"},"2030":{"observed":"scheduled_closed","scheduled":"closed"},"2200":{"observed":"scheduled_closed","scheduled":"closed"}}},"type":"Feature"},{"geometry":{"coordinates":[-79.4146669394562,43.7696861502825],"type":"Point"},"id":"museum:3","properties":{"accessCondition":"unrestricted","accessibility":"accessible","address":"5172 Yonge St.","closureCategory":"none","hours":"Mon Closed; Tue Closed; Wed 11 a.m. to 5 p.m.; Thu 11 a.m. to 5 p.m.; Fri 11 a.m. to 5 p.m.; Sat 11 a.m. to 5 p.m.; Sun 11 a.m. to 5 p.m.","id":"museum:3","name":"Gibson House","partialService":false,"reachAvailable":true,"schemaVersion":1,"source":"museum","sourceUrl":"https://open.toronto.ca/dataset/museums-and-cultural-centres/","stateByTime":{"0030":{"observed":"scheduled_closed","scheduled":"closed"},"1200":{"observed":"scheduled_closed","scheduled":"closed"},"2030":{"observed":"scheduled_closed","scheduled":"closed"},"2200":{"observed":"scheduled_closed","scheduled":"closed"}}},"type":"Feature"},{"geometry":{"coordinates":[-79.3783103810891,43.6556936391569],"type":"Point"},"id":"museum:4","properties":{"accessCondition":"unrestricted","accessibility":"unknown","address":"82 Bond St.","closureCategory":"none","hours":"Mon Closed; Tue Closed; Wed 11 a.m. to 5 p.m.; Thu 11 a.m. to 5 p.m.; Fri 11 a.m. to 5 p.m.; Sat 11 a.m. to 5 p.m.; Sun 11 a.m. to 5 p.m.","id":"museum:4","name":"Mackenzie House","partialService":false,"reachAvailable":true,"schemaVersion":1,"source":"museum","sourceUrl":"https://open.toronto.ca/dataset/museums-and-cultural-centres/","stateByTime":{"0030":{"observed":"scheduled_closed","scheduled":"closed"},"1200":{"observed":"scheduled_closed","scheduled":"closed"},"2030":{"observed":"scheduled_closed","scheduled":"closed"},"2200":{"observed":"scheduled_closed","scheduled":"closed"}}},"type":"Feature"},{"geometry":{"coordinates":[-79.5256587462331,43.651678914689],"type":"Point"},"id":"museum:5","properties":{"accessCondition":"unrestricted","accessibility":"accessible","address":"4709 Dundas St. W.","closureCategory":"none","hours":"Mon Closed; Tue Closed; Wed 11 a.m. to 5 p.m.; Thu 11 a.m. to 5 p.m.; Fri 11 a.m. to 5 p.m.; Sat 11 a.m. to 5 p.m.; Sun 11 a.m. to 5 p.m.","id":"museum:5","name":"Montgomery's Inn","partialService":false,"reachAvailable":true,"schemaVersion":1,"source":"museum","sourceUrl":"https://open.toronto.ca/dataset/museums-and-cultural-centres/","stateByTime":{"0030":{"observed":"scheduled_closed","scheduled":"closed"},"1200":{"observed":"scheduled_closed","scheduled":"closed"},"2030":{"observed":"scheduled_closed","scheduled":"closed"},"2200":{"observed":"scheduled_closed","scheduled":"closed"}}},"type":"Feature"},{"geometry":{"coordinates":[-79.4081814488355,43.6790469521689],"type":"Point"},"id":"museum:6","properties":{"accessCondition":"unrestricted","accessibility":"inaccessible","address":"285 Spadina Rd.","closureCategory":"none","hours":"Mon 11 a.m. to 5 p.m.; Tue 11 a.m. to 5 p.m.; Wed 11 a.m. to 5 p.m.; Thu 11 a.m. to 5 p.m.; Fri 11 a.m. to 5 p.m.; Sat 11 a.m. to 5 p.m.; Sun 11 a.m. to 5 p.m.","id":"museum:6","name":"Spadina Museum","partialService":false,"reachAvailable":true,"schemaVersion":1,"source":"museum","sourceUrl":"https://open.toronto.ca/dataset/museums-and-cultural-centres/","stateByTime":{"0030":{"observed":"scheduled_closed","scheduled":"closed"},"1200":{"observed":"open","scheduled":"open"},"2030":{"observed":"scheduled_closed","scheduled":"closed"},"2200":{"observed":"scheduled_closed","scheduled":"closed"}}},"type":"Feature"},{"geometry":{"coordinates":[-79.360334014503,43.6863612340699],"type":"Point"},"id":"museum:7","properties":{"accessCondition":"unrestricted","accessibility":"accessible","address":"67 Pottery Rd.","closureCategory":"none","hours":"Mon Closed; Tue Closed; Wed 11 a.m. to 5 p.m.; Thu 11 a.m. to 5 p.m.; Fri 11 a.m. to 5 p.m.; Sat 11 a.m. to 5 p.m.; Sun 11 a.m. to 5 p.m.","id":"museum:7","name":"Todmorden Mills","partialService":false,"reachAvailable":true,"schemaVersion":1,"source":"museum","sourceUrl":"https://open.toronto.ca/dataset/museums-and-cultural-centres/","stateByTime":{"0030":{"observed":"scheduled_closed","scheduled":"closed"},"1200":{"observed":"scheduled_closed","scheduled":"closed"},"2030":{"observed":"scheduled_closed","scheduled":"closed"},"2200":{"observed":"scheduled_closed","scheduled":"closed"}}},"type":"Feature"},{"geometry":{"coordinates":[-79.5158245553838,43.5976604415496],"type":"Point"},"id":"museum:8","properties":{"accessCondition":"unrestricted","accessibility":"accessible","address":"1 Colonel Samuel Smith Park Dr.","closureCategory":"none","hours":"Mon 9 a.m. to 5 p.m.; Tue 9 a.m. to 5 p.m.; Wed 9 a.m. to 5 p.m.; Thu 9 a.m. to 5 p.m.; Fri 9 a.m. to 5 p.m.; Sat 10 a.m. to 1 p.m.; Sun Closed","id":"museum:8","name":"Assembly Hall","partialService":false,"reachAvailable":true,"schemaVersion":1,"source":"museum","sourceUrl":"https://open.toronto.ca/dataset/museums-and-cultural-centres/","stateByTime":{"0030":{"observed":"scheduled_closed","scheduled":"closed"},"1200":{"observed":"open","scheduled":"open"},"2030":{"observed":"scheduled_closed","scheduled":"closed"},"2200":{"observed":"scheduled_closed","scheduled":"closed"}}},"type":"Feature"},{"geometry":{"coordinates":[-79.2071317636351,43.7574302122848],"type":"Point"},"id":"museum:9","properties":{"accessCondition":"unrestricted","accessibility":"accessible","address":"225 Confederation Dr.","closureCategory":"none","hours":"Mon 9 a.m. to 8 p.m.; Tue 9 a.m. to 8 p.m.; Wed 9 a.m. to 8 p.m.; Thu 9 a.m. to 4 p.m.; Fri 9 a.m. to 4 p.m.; Sat 9 a.m. to 4 p.m.; Sun 9 a.m. to 4 p.m.","id":"museum:9","name":"Cedar Ridge Creative Centre","partialService":false,"reachAvailable":true,"schemaVersion":1,"source":"museum","sourceUrl":"https://open.toronto.ca/dataset/museums-and-cultural-centres/","stateByTime":{"0030":{"observed":"scheduled_closed","scheduled":"closed"},"1200":{"observed":"open","scheduled":"open"},"2030":{"observed":"scheduled_closed","scheduled":"closed"},"2200":{"observed":"scheduled_closed","scheduled":"closed"}}},"type":"Feature"},{"geometry":{"coordinates":[-79.47710077999999,43.64397994],"type":"Point"},"id":"parks:1016","properties":{"accessCondition":"unrestricted","accessibility":"unknown","address":"15 Waller Ave","closureCategory":"none","hours":"Mon Closed; Tue 9 a.m. to 9:30 p.m.; Wed 9 a.m. to 9:30 p.m.; Thu 9 a.m. to 9:30 p.m.; Fri 9 a.m. to 9:30 p.m.; Sat Closed; Sun Closed","id":"parks:1016","name":"Swansea Community Recreation Centre Washroom","partialService":false,"reachAvailable":true,"schemaVersion":1,"source":"parks","sourceUrl":"https://www.toronto.ca/explore-enjoy/parks-recreation/places-spaces/parks-and-recreation-facilities/location/?id=282","stateByTime":{"0030":{"observed":"scheduled_closed","scheduled":"closed"},"1200":{"observed":"open","scheduled":"open"},"2030":{"observed":"open","scheduled":"open"},"2200":{"observed":"scheduled_closed","scheduled":"closed"}}},"type":"Feature"},{"geometry":{"coordinates":[-79.59015171,43.65204841],"type":"Point"},"id":"parks:101973","properties":{"accessCondition":"unrestricted","accessibility":"unknown","address":"256 Centennial Park Rd","closureCategory":"none","hours":"9 a.m. to 10 p.m.","id":"parks:101973","name":"Centennial Park Etobicoke Picnic Site 6 Washroom","partialService":false,"reachAvailable":true,"schemaVersion":1,"source":"parks","sourceUrl":"https://www.toronto.ca/explore-enjoy/parks-recreation/places-spaces/parks-and-recreation-facilities/location/?id=798","stateByTime":{"0030":{"observed":"scheduled_closed","scheduled":"closed"},"1200":{"observed":"open","scheduled":"open"},"2030":{"observed":"open","scheduled":"open"},"2200":{"observed":"scheduled_closed","scheduled":"closed"}}},"type":"Feature"},{"geometry":{"coordinates":[-79.58701686,43.648947369999995],"type":"Point"},"id":"parks:101974","properties":{"accessCondition":"unrestricted","accessibility":"unknown","address":"256 Centennial Park Rd","closureCategory":"construction","hours":"9 a.m. to 10 p.m.","id":"parks:101974","name":"Centennial Park Etobicoke Picnic Site 1 Washroom","partialService":false,"reachAvailable":true,"schemaVersion":1,"source":"parks","sourceUrl":"https://www.toronto.ca/explore-enjoy/parks-recreation/places-spaces/parks-and-recreation-facilities/location/?id=798","stateByTime":{"0030":{"observed":"construction_closed","scheduled":"closed"},"1200":{"observed":"construction_closed","scheduled":"open"},"2030":{"observed":"construction_closed","scheduled":"open"},"2200":{"observed":"construction_closed","scheduled":"closed"}}},"type":"Feature"},{"geometry":{"coordinates":[-79.59209294,43.64877852],"type":"Point"},"id":"parks:101975","properties":{"accessCondition":"unrestricted","accessibility":"unknown","address":"256 Centennial Park Rd","closureCategory":"temporary","hours":"9 a.m. to 10 p.m.","id":"parks:101975","name":"Centennial Park Etobicoke Picnic Site 8 Washroom","partialService":false,"reachAvailable":true,"schemaVersion":1,"source":"parks","sourceUrl":"https://www.toronto.ca/explore-enjoy/parks-recreation/places-spaces/parks-and-recreation-facilities/location/?id=798","stateByTime":{"0030":{"observed":"temporary_closed","scheduled":"closed"},"1200":{"observed":"temporary_closed","scheduled":"open"},"2030":{"observed":"temporary_closed","scheduled":"open"},"2200":{"observed":"temporary_closed","scheduled":"closed"}}},"type":"Feature"},{"geometry":{"coordinates":[-79.32248376,43.65169242],"type":"Point"},"id":"parks:101976","properties":{"accessCondition":"unrestricted","accessibility":"unknown","address":"1 Leslie St","closureCategory":"none","hours":"9 a.m. to 10 p.m.","id":"parks:101976","name":"Tommy Thompson Park Washroom","partialService":false,"reachAvailable":true,"schemaVersion":1,"source":"parks","sourceUrl":"https://www.toronto.ca/explore-enjoy/parks-recreation/places-spaces/parks-and-recreation-facilities/location/?id=2441","stateByTime":{"0030":{"observed":"scheduled_closed","scheduled":"closed"},"1200":{"observed":"open","scheduled":"open"},"2030":{"observed":"open","scheduled":"open"},"2200":{"observed":"scheduled_closed","scheduled":"closed"}}},"type":"Feature"},{"geometry":{"coordinates":[-79.37203598,43.76769409],"type":"Point"},"id":"parks:103143","properties":{"accessCondition":"unrestricted","accessibility":"unknown","address":"80 Mcmahon Dr  E","closureCategory":"none","hours":"9 a.m. to 10 p.m.","id":"parks:103143","name":"Ethennonnhawahstihnen Park Outdoor Rink Washroom","partialService":false,"reachAvailable":true,"schemaVersion":1,"source":"parks","sourceUrl":"https://www.toronto.ca/explore-enjoy/parks-recreation/places-spaces/parks-and-recreation-facilities/location/?id=2597","stateByTime":{"0030":{"observed":"scheduled_closed","scheduled":"closed"},"1200":{"observed":"open","scheduled":"open"},"2030":{"observed":"open","scheduled":"open"},"2200":{"observed":"scheduled_closed","scheduled":"closed"}}},"type":"Feature"},{"geometry":{"coordinates":[-79.26376105,43.76820609],"type":"Point"},"id":"parks:105","properties":{"accessCondition":"unrestricted","accessibility":"unknown","address":"1299 Ellesmere Rd","closureCategory":"none","hours":"Mon Closed; Tue 9 a.m. to 9 p.m.; Wed 9 a.m. to 9 p.m.; Thu 9 a.m. to 9 p.m.; Fri 9 a.m. to 9 p.m.; Sat 9 a.m. to 5 p.m.; Sun 9 a.m. to 3 p.m.","id":"parks:105","name":"Birkdale Community Centre Washroom","partialService":false,"reachAvailable":true,"schemaVersion":1,"source":"parks","sourceUrl":"https://www.toronto.ca/explore-enjoy/parks-recreation/places-spaces/parks-and-recreation-facilities/location/?id=289","stateByTime":{"0030":{"observed":"scheduled_closed","scheduled":"closed"},"1200":{"observed":"open","scheduled":"open"},"2030":{"observed":"open","scheduled":"open"},"2200":{"observed":"scheduled_closed","scheduled":"closed"}}},"type":"Feature"},{"geometry":{"coordinates":[-79.31555292,43.72329627],"type":"Point"},"id":"parks:1075","properties":{"accessCondition":"unrestricted","accessibility":"unknown","address":"190 Bermondsey Rd","closureCategory":"none","hours":"Mon Closed; Tue 9 a.m. to 9 p.m.; Wed 9 a.m. to 9 p.m.; Thu 9 a.m. to 9 p.m.; Fri 9 a.m. to 9 p.m.; Sat 9 a.m. to 9 p.m.; Sun 9 a.m. to 9 p.m.","id":"parks:1075","name":"Victoria Village Recreation Centre Washroom","partialService":false,"reachAvailable":true,"schemaVersion":1,"source":"parks","sourceUrl":"https://www.toronto.ca/explore-enjoy/parks-recreation/places-spaces/parks-and-recreation-facilities/location/?id=771","stateByTime":{"0030":{"observed":"scheduled_closed","scheduled":"closed"},"1200":{"observed":"open","scheduled":"open"},"2030":{"observed":"open","scheduled":"open"},"2200":{"observed":"scheduled_closed","scheduled":"closed"}}},"type":"Feature"},{"geometry":{"coordinates":[-79.37455603,43.667700860000004],"type":"Point"},"id":"parks:1095","properties":{"accessCondition":"unrestricted","accessibility":"unknown","address":"495 Sherbourne St","closureCategory":"none","hours":"Mon Closed; Tue 7 a.m. to 10 p.m.; Wed 7 a.m. to 10 p.m.; Thu 7 a.m. to 10 p.m.; Fri 7 a.m. to 10 p.m.; Sat 9 a.m. to 10 p.m.; Sun 9 a.m. to 8 p.m.","id":"parks:1095","name":"Wellesley Community Centre Washroom","partialService":false,"reachAvailable":true,"schemaVersion":1,"source":"parks","sourceUrl":"https://www.toronto.ca/explore-enjoy/parks-recreation/places-spaces/parks-and-recreation-facilities/location/?id=451","stateByTime":{"0030":{"observed":"scheduled_closed","scheduled":"closed"},"1200":{"observed":"open","scheduled":"open"},"2030":{"observed":"open","scheduled":"open"},"2200":{"observed":"scheduled_closed","scheduled":"closed"}}},"type":"Feature"},{"geometry":{"coordinates":[-79.25781595000001,43.77342197],"type":"Point"},"id":"parks:12","properties":{"accessCondition":"unrestricted","accessibility":"unknown","address":"150 Borough Dr","closureCategory":"none","hours":"View outdoor rink hours","id":"parks:12","name":"Albert Campbell Square Outdoor Rink Washroom","partialService":false,"reachAvailable":true,"schemaVersion":1,"source":"parks","sourceUrl":"https://www.toronto.ca/explore-enjoy/parks-recreation/places-spaces/parks-and-recreation-facilities/location/?id=2155","stateByTime":{"0030":{"observed":"unknown_hours","scheduled":"unknown"},"1200":{"observed":"unknown_hours","scheduled":"unknown"},"2030":{"observed":"unknown_hours","scheduled":"unknown"},"2200":{"observed":"unknown_hours","scheduled":"unknown"}}},"type":"Feature"},{"geometry":{"coordinates":[-79.58094897,43.7392878],"type":"Point"},"id":"parks:13006","properties":{"accessCondition":"unrestricted","accessibility":"unknown","address":"1485 Albion Rd","closureCategory":"none","hours":"Mon Closed; Tue 7 a.m. to 10 p.m.; Wed 7 a.m. to 10 p.m.; Thu 7 a.m. to 10 p.m.; Fri 7 a.m. to 8 p.m.; Sat 9 a.m. to 4 p.m.; Sun 9 a.m. to 4 p.m.","id":"parks:13006","name":"Albion Pool and Health Club Washroom","partialService":false,"reachAvailable":true,"schemaVersion":1,"source":"parks","sourceUrl":"https://www.toronto.ca/explore-enjoy/parks-recreation/places-spaces/parks-and-recreation-facilities/location/?id=893","stateByTime":{"0030":{"observed":"scheduled_closed","scheduled":"closed"},"1200":{"observed":"open","scheduled":"open"},"2030":{"observed":"open","scheduled":"open"},"2200":{"observed":"scheduled_closed","scheduled":"closed"}}},"type":"Feature"},{"geometry":{"coordinates":[-79.36951105,43.74283989],"type":"Point"},"id":"parks:13008","properties":{"accessCondition":"unrestricted","accessibility":"unknown","address":"120 Banbury Rd","closureCategory":"none","hours":"Mon Closed; Tue 9 a.m. to 9 p.m.; Wed 9 a.m. to 9 p.m.; Thu 9 a.m. to 9 p.m.; Fri 9 a.m. to 9 p.m.; Sat 9 a.m. to 5 p.m.; Sun 9 a.m. to 5 p.m.","id":"parks:13008","name":"Banbury Community Centre Washroom","partialService":false,"reachAvailable":true,"schemaVersion":1,"source":"parks","sourceUrl":"https://www.toronto.ca/explore-enjoy/parks-recreation/places-spaces/parks-and-recreation-facilities/location/?id=511","stateByTime":{"0030":{"observed":"scheduled_closed","scheduled":"closed"},"1200":{"observed":"open","scheduled":"open"},"2030":{"observed":"open","scheduled":"open"},"2200":{"observed":"scheduled_closed","scheduled":"closed"}}},"type":"Feature"},{"geometry":{"coordinates":[-79.58513567,43.65337048],"type":"Point"},"id":"parks:13016","properties":{"accessCondition":"unrestricted","accessibility":"accessible","address":"256 Centennial Park Rd","closureCategory":"temporary","hours":"9 a.m. to 10 p.m.","id":"parks:13016","name":"Centennial Park Rob Ford Stadium Accessible Washrooms","partialService":true,"reachAvailable":true,"schemaVersion":1,"source":"parks","sourceUrl":"https://www.toronto.ca/explore-enjoy/parks-recreation/places-spaces/parks-and-recreation-facilities/location/?id=798","stateByTime":{"0030":{"observed":"scheduled_closed","scheduled":"closed"},"1200":{"observed":"open","scheduled":"open"},"2030":{"observed":"open","scheduled":"open"},"2200":{"observed":"scheduled_closed","scheduled":"closed"}}},"type":"Feature"},{"geometry":{"coordinates":[-79.51582707,43.74243835],"type":"Point"},"id":"parks:13020","properties":{"accessCondition":"unrestricted","accessibility":"unknown","address":"25 Stanley Rd","closureCategory":"none","hours":"Mon Closed; Tue 9 a.m. to 8 p.m.; Wed 9 a.m. to 8 p.m.; Thu 9 a.m. to 8 p.m.; Fri 9 a.m. to 8 p.m.; Sat 8 a.m. to 8 p.m.; Sun 9 a.m. to 8 p.m.","id":"parks:13020","name":"Domenico Di Luca Community Recreation Centre Washroom","partialService":false,"reachAvailable":true,"schemaVersion":1,"source":"parks","sourceUrl":"https://www.toronto.ca/explore-enjoy/parks-recreation/places-spaces/parks-and-recreation-facilities/location/?id=760","stateByTime":{"0030":{"observed":"scheduled_closed","scheduled":"closed"},"1200":{"observed":"open","scheduled":"open"},"2030":{"observed":"scheduled_closed","scheduled":"closed"},"2200":{"observed":"scheduled_closed","scheduled":"closed"}}},"type":"Feature"},{"geometry":{"coordinates":[-79.43397883,43.75459522],"type":"Point"},"id":"parks:13023","properties":{"accessCondition":"unrestricted","accessibility":"unknown","address":"4169 Bathurst St","closureCategory":"none","hours":"Mon Closed; Tue 9 a.m. to 10 p.m.; Wed 9 a.m. to 10 p.m.; Thu 9 a.m. to 10 p.m.; Fri 9 a.m. to 10 p.m.; Sat 9 a.m. to 10 p.m.; Sun 9 a.m. to 10 p.m.","id":"parks:13023","name":"Earl Bales Community Centre Washroom","partialService":false,"reachAvailable":true,"schemaVersion":1,"source":"parks","sourceUrl":"https://www.toronto.ca/explore-enjoy/parks-recreation/places-spaces/parks-and-recreation-facilities/location/?id=171","stateByTime":{"0030":{"observed":"scheduled_closed","scheduled":"closed"},"1200":{"observed":"open","scheduled":"open"},"2030":{"observed":"open","scheduled":"open"},"2200":{"observed":"scheduled_closed","scheduled":"closed"}}},"type":"Feature"},{"geometry":{"coordinates":[-79.56645395,43.74738189],"type":"Point"},"id":"parks:13027","properties":{"accessCondition":"unrestricted","accessibility":"unknown","address":"2650 Finch Ave W","closureCategory":"none","hours":"Mon Closed; Tue 9 a.m. to 9 p.m.; Wed 9 a.m. to 9 p.m.; Thu 9 a.m. to 9 p.m.; Fri 9 a.m. to 9 p.m.; Sat 9 a.m. to 5 p.m.; Sun 9 a.m. to 5 p.m.","id":"parks:13027","name":"Gord and Irene Risk Community Centre Washroom","partialService":false,"reachAvailable":true,"schemaVersion":1,"source":"parks","sourceUrl":"https://www.toronto.ca/explore-enjoy/parks-recreation/places-spaces/parks-and-recreation-facilities/location/?id=642","stateByTime":{"0030":{"observed":"scheduled_closed","scheduled":"closed"},"1200":{"observed":"open","scheduled":"open"},"2030":{"observed":"open","scheduled":"open"},"2200":{"observed":"scheduled_closed","scheduled":"closed"}}},"type":"Feature"},{"geometry":{"coordinates":[-79.51653528,43.59509908],"type":"Point"},"id":"parks:13041","properties":{"accessCondition":"unrestricted","accessibility":"unknown","address":"28 Colonel Samuel Smith Park Dr","closureCategory":"none","hours":"Mon Closed; Tue 9 a.m. to 9 p.m.; Wed 9 a.m. to 9 p.m.; Thu 9 a.m. to 8:30 p.m.; Fri 9 a.m. to 5 p.m.; Sat Closed; Sun Closed","id":"parks:13041","name":"Ken Cox Community Centre Washroom","partialService":false,"reachAvailable":true,"schemaVersion":1,"source":"parks","sourceUrl":"https://www.toronto.ca/explore-enjoy/parks-recreation/places-spaces/parks-and-recreation-facilities/location/?id=1078","stateByTime":{"0030":{"observed":"scheduled_closed","scheduled":"closed"},"1200":{"observed":"open","scheduled":"open"},"2030":{"observed":"open","scheduled":"open"},"2200":{"observed":"scheduled_closed","scheduled":"closed"}}},"type":"Feature"},{"geometry":{"coordinates":[-79.30501100000001,43.80670329],"type":"Point"},"id":"parks:13045","properties":{"accessCondition":"unrestricted","accessibility":"unknown","address":"300 Silver Springs Blvd","closureCategory":"none","hours":"Mon Closed; Tue 8 a.m. to 10 p.m.; Wed 8 a.m. to 10 p.m.; Thu 8 a.m. to 10 p.m.; Fri 8 a.m. to 10 p.m.; Sat 8 a.m. to 7 p.m.; Sun 8 a.m. to 6 p.m.","id":"parks:13045","name":"L'Amoreaux Tennis Centre Washroom","partialService":false,"reachAvailable":true,"schemaVersion":1,"source":"parks","sourceUrl":"https://www.toronto.ca/explore-enjoy/parks-recreation/places-spaces/parks-and-recreation-facilities/location/?id=699","stateByTime":{"0030":{"observed":"scheduled_closed","scheduled":"closed"},"1200":{"observed":"open","scheduled":"open"},"2030":{"observed":"open","scheduled":"open"},"2200":{"observed":"scheduled_closed","scheduled":"closed"}}},"type":"Feature"},{"geometry":{"coordinates":[-79.2163846,43.808566750000004],"type":"Point"},"id":"parks:13047","properties":{"accessCondition":"unrestricted","accessibility":"unknown","address":"30 Sewells Rd","closureCategory":"none","hours":"Mon Closed; Tue 7:30 a.m. to 10 p.m.; Wed 7 a.m. to 10 p.m.; Thu 7:30 a.m. to 10 p.m.; Fri 7:30 a.m. to 10 p.m.; Sat 7:30 a.m. to 10 p.m.; Sun 7:30 a.m. to 9 p.m.","id":"parks:13047","name":"Malvern Recreation Centre Washroom","partialService":false,"reachAvailable":true,"schemaVersion":1,"source":"parks","sourceUrl":"https://www.toronto.ca/explore-enjoy/parks-recreation/places-spaces/parks-and-recreation-facilities/location/?id=702","stateByTime":{"0030":{"observed":"scheduled_closed","scheduled":"closed"},"1200":{"observed":"open","scheduled":"open"},"2030":{"observed":"open","scheduled":"open"},"2200":{"observed":"scheduled_closed","scheduled":"closed"}}},"type":"Feature"},{"geometry":{"coordinates":[-79.43325752,43.640643589999996],"type":"Point"},"id":"parks:13049","properties":{"accessCondition":"unrestricted","accessibility":"unknown","address":"220 Cowan Ave","closureCategory":"none","hours":"Mon Closed; Tue 9 a.m. to 9 p.m.; Wed 9 a.m. to 9 p.m.; Thu 9 a.m. to 9 p.m.; Fri 9 a.m. to 9 p.m.; Sat 9 a.m. to 11 p.m.; Sun 9 a.m. to 6:30 p.m.","id":"parks:13049","name":"Masaryk-Cowan Community Recreation Centre Washroom","partialService":false,"reachAvailable":true,"schemaVersion":1,"source":"parks","sourceUrl":"https://www.toronto.ca/explore-enjoy/parks-recreation/places-spaces/parks-and-recreation-facilities/location/?id=89","stateByTime":{"0030":{"observed":"scheduled_closed","scheduled":"closed"},"1200":{"observed":"open","scheduled":"open"},"2030":{"observed":"open","scheduled":"open"},"2200":{"observed":"scheduled_closed","scheduled":"closed"}}},"type":"Feature"},{"geometry":{"coordinates":[-79.28032139,43.747639379999995],"type":"Point"},"id":"parks:13052","properties":{"accessCondition":"unrestricted","accessibility":"unknown","address":"2231 Lawrence Ave  E","closureCategory":"none","hours":"Mon Closed; Tue 8:30 a.m. to 9 p.m.; Wed 8:30 a.m. to 9 p.m.; Thu 8:30 a.m. to 9 p.m.; Fri 8:30 a.m. to 9 p.m.; Sat 8:30 a.m. to 9 p.m.; Sun 8:30 a.m. to 9 p.m.","id":"parks:13052","name":"McGregor Park Community Centre Washroom","partialService":false,"reachAvailable":true,"schemaVersion":1,"source":"parks","sourceUrl":"https://www.toronto.ca/explore-enjoy/parks-recreation/places-spaces/parks-and-recreation-facilities/location/?id=506","stateByTime":{"0030":{"observed":"scheduled_closed","scheduled":"closed"},"1200":{"observed":"open","scheduled":"open"},"2030":{"observed":"open","scheduled":"open"},"2200":{"observed":"scheduled_closed","scheduled":"closed"}}},"type":"Feature"},{"geometry":{"coordinates":[-79.58449924,43.752197779999996],"type":"Point"},"id":"parks:13055","properties":{"accessCondition":"unrestricted","accessibility":"unknown","address":"2 Rowntree Rd","closureCategory":"none","hours":"Mon Closed; Tue 9 a.m. to 9 p.m.; Wed 9 a.m. to 9 p.m.; Thu 9 a.m. to 9 p.m.; Fri 9 a.m. to 9 p.m.; Sat 9 a.m. to 6:30 p.m.; Sun 9 a.m. to 9:30 p.m.","id":"parks:13055","name":"North Kipling Community Centre Washroom","partialService":false,"reachAvailable":true,"schemaVersion":1,"source":"parks","sourceUrl":"https://www.toronto.ca/explore-enjoy/parks-recreation/places-spaces/parks-and-recreation-facilities/location/?id=749","stateByTime":{"0030":{"observed":"scheduled_closed","scheduled":"closed"},"1200":{"observed":"open","scheduled":"open"},"2030":{"observed":"open","scheduled":"open"},"2200":{"observed":"scheduled_closed","scheduled":"closed"}}},"type":"Feature"},{"geometry":{"coordinates":[-79.50835158000001,43.61508563],"type":"Point"},"id":"parks:13058","properties":{"accessCondition":"unrestricted","accessibility":"unknown","address":"18 Ourland Ave","closureCategory":"none","hours":"Mon Closed; Tue 9 a.m. to 5 p.m.; Wed 9 a.m. to 5 p.m.; Thu 9 a.m. to 5 p.m.; Fri 9 a.m. to 5 p.m.; Sat Closed; Sun 9 a.m. to 5 p.m.","id":"parks:13058","name":"Ourland Community Centre Washroom","partialService":false,"reachAvailable":true,"schemaVersion":1,"source":"parks","sourceUrl":"https://www.toronto.ca/explore-enjoy/parks-recreation/places-spaces/parks-and-recreation-facilities/location/?id=793","stateByTime":{"0030":{"observed":"scheduled_closed","scheduled":"closed"},"1200":{"observed":"open","scheduled":"open"},"2030":{"observed":"scheduled_closed","scheduled":"closed"},"2200":{"observed":"scheduled_closed","scheduled":"closed"}}},"type":"Feature"},{"geometry":{"coordinates":[-79.51534371999999,43.59352445],"type":"Point"},"id":"parks:13061","properties":{"accessCondition":"unrestricted","accessibility":"unknown","address":"65 Colonel Samuel Smith Park Dr","closureCategory":"none","hours":"View outdoor rink hours","id":"parks:13061","name":"Power House Recreation Centre Washroom","partialService":false,"reachAvailable":true,"schemaVersion":1,"source":"parks","sourceUrl":"https://www.toronto.ca/explore-enjoy/parks-recreation/places-spaces/parks-and-recreation-facilities/location/?id=1429","stateByTime":{"0030":{"observed":"unknown_hours","scheduled":"unknown"},"1200":{"observed":"unknown_hours","scheduled":"unknown"},"2030":{"observed":"unknown_hours","scheduled":"unknown"},"2200":{"observed":"unknown_hours","scheduled":"unknown"}}},"type":"Feature"},{"geometry":{"coordinates":[-79.30169190999999,43.69207331],"type":"Point"},"id":"parks:13063","properties":{"accessCondition":"unrestricted","accessibility":"unknown","address":"91 Barrington Ave","closureCategory":"none","hours":"Mon Closed; Tue 8 a.m. to 9:30 p.m.; Wed 8 a.m. to 5 p.m.; Thu 8 a.m. to 9:30 p.m.; Fri 8 a.m. to 9:30 p.m.; Sat Closed; Sun Closed","id":"parks:13063","name":"Secord Community Centre Washroom","partialService":false,"reachAvailable":true,"schemaVersion":1,"source":"parks","sourceUrl":"https://www.toronto.ca/explore-enjoy/parks-recreation/places-spaces/parks-and-recreation-facilities/location/?id=325","stateByTime":{"0030":{"observed":"scheduled_closed","scheduled":"closed"},"1200":{"observed":"open","scheduled":"open"},"2030":{"observed":"open","scheduled":"open"},"2200":{"observed":"scheduled_closed","scheduled":"closed"}}},"type":"Feature"},{"geometry":{"coordinates":[-79.35131781,43.794024279999995],"type":"Point"},"id":"parks:13064","properties":{"accessCondition":"unrestricted","accessibility":"unknown","address":"1700 Finch Ave E.","closureCategory":"none","hours":"Mon Closed; Tue 9 a.m. to 9 p.m.; Wed 9 a.m. to 9 p.m.; Thu 9 a.m. to 9 p.m.; Fri 9 a.m. to 9 p.m.; Sat 8 a.m. to 5 p.m.; Sun 8 a.m. to 5 p.m.","id":"parks:13064","name":"Seneca Village Community Centre Washroom","partialService":false,"reachAvailable":true,"schemaVersion":1,"source":"parks","sourceUrl":"https://www.toronto.ca/explore-enjoy/parks-recreation/places-spaces/parks-and-recreation-facilities/location/?id=751","stateByTime":{"0030":{"observed":"scheduled_closed","scheduled":"closed"},"1200":{"observed":"open","scheduled":"open"},"2030":{"observed":"open","scheduled":"open"},"2200":{"observed":"scheduled_closed","scheduled":"closed"}}},"type":"Feature"},{"geometry":{"coordinates":[-79.36729826999999,43.70558055],"type":"Point"},"id":"parks:13073","properties":{"accessCondition":"unrestricted","accessibility":"unknown","address":"110 Rumsey Rd","closureCategory":"none","hours":"Mon Closed; Tue 9 a.m. to 9 p.m.; Wed 9 a.m. to 9 p.m.; Thu 9 a.m. to 9 p.m.; Fri 9 a.m. to 9 p.m.; Sat 9 a.m. to 4 p.m.; Sun 9 a.m. to 4 p.m.","id":"parks:13073","name":"Trace Manes Park Community Centre Washroom ","partialService":false,"reachAvailable":true,"schemaVersion":1,"source":"parks","sourceUrl":"https://www.toronto.ca/explore-enjoy/parks-recreation/places-spaces/parks-and-recreation-facilities/location/?id=705","stateByTime":{"0030":{"observed":"scheduled_closed","scheduled":"closed"},"1200":{"observed":"open","scheduled":"open"},"2030":{"observed":"open","scheduled":"open"},"2200":{"observed":"scheduled_closed","scheduled":"closed"}}},"type":"Feature"},{"geometry":{"coordinates":[-79.42196319,43.664918400000005],"type":"Point"},"id":"parks:13388","properties":{"accessCondition":"unrestricted","accessibility":"unknown","address":"779 Crawford St","closureCategory":"none","hours":"View outdoor pool hours","id":"parks:13388","name":"Alex Duff Memorial Outdoor Pool Washroom","partialService":false,"reachAvailable":true,"schemaVersion":1,"source":"parks","sourceUrl":"https://www.toronto.ca/explore-enjoy/parks-recreation/places-spaces/parks-and-recreation-facilities/location/?id=414","stateByTime":{"0030":{"observed":"unknown_hours","scheduled":"unknown"},"1200":{"observed":"unknown_hours","scheduled":"unknown"},"2030":{"observed":"unknown_hours","scheduled":"unknown"},"2200":{"observed":"unknown_hours","scheduled":"unknown"}}},"type":"Feature"},{"geometry":{"coordinates":[-79.35936175,43.734106489999995],"type":"Point"},"id":"parks:13476","properties":{"accessCondition":"unrestricted","accessibility":"unknown","address":"755 Lawrence Ave  E","closureCategory":"none","hours":"9 a.m. to 10 p.m.","id":"parks:13476","name":"Edwards Gardens Washroom","partialService":false,"reachAvailable":true,"schemaVersion":1,"source":"parks","sourceUrl":"https://www.toronto.ca/explore-enjoy/parks-recreation/places-spaces/parks-and-recreation-facilities/location/?id=473","stateByTime":{"0030":{"observed":"scheduled_closed","scheduled":"closed"},"1200":{"observed":"open","scheduled":"open"},"2030":{"observed":"open","scheduled":"open"},"2200":{"observed":"scheduled_closed","scheduled":"closed"}}},"type":"Feature"},{"geometry":{"coordinates":[-79.50571924,43.685953979999994],"type":"Point"},"id":"parks:13481","properties":{"accessCondition":"unrestricted","accessibility":"accessible","address":"101 Emmett Ave","closureCategory":"none","hours":"9 a.m. to 10 p.m.","id":"parks:13481","name":"Eglinton Flats Northwest Service Building Washroom","partialService":false,"reachAvailable":true,"schemaVersion":1,"source":"parks","sourceUrl":"https://www.toronto.ca/explore-enjoy/parks-recreation/places-spaces/parks-and-recreation-facilities/location/?id=9","stateByTime":{"0030":{"observed":"scheduled_closed","scheduled":"closed"},"1200":{"observed":"open","scheduled":"open"},"2030":{"observed":"open","scheduled":"open"},"2200":{"observed":"scheduled_closed","scheduled":"closed"}}},"type":"Feature"},{"geometry":{"coordinates":[-79.49478825,43.684207719999996],"type":"Point"},"id":"parks:13482","properties":{"accessCondition":"unrestricted","accessibility":"accessible","address":"101 Emmett Ave","closureCategory":"none","hours":"9 a.m. to 10 p.m.","id":"parks:13482","name":"Eglinton Flats Southeast Sports Pavilion Washroom","partialService":false,"reachAvailable":true,"schemaVersion":1,"source":"parks","sourceUrl":"https://www.toronto.ca/explore-enjoy/parks-recreation/places-spaces/parks-and-recreation-facilities/location/?id=9","stateByTime":{"0030":{"observed":"scheduled_closed","scheduled":"closed"},"1200":{"observed":"open","scheduled":"open"},"2030":{"observed":"open","scheduled":"open"},"2200":{"observed":"scheduled_closed","scheduled":"closed"}}},"type":"Feature"},{"geometry":{"coordinates":[-79.44798688,43.69129945],"type":"Point"},"id":"parks:13487","properties":{"accessCondition":"unrestricted","accessibility":"unknown","address":"2213 Dufferin St","closureCategory":"none","hours":"Mon Closed; Tue 8 a.m. to 9 p.m.; Wed 8 a.m. to 9 p.m.; Thu 8 a.m. to 9 p.m.; Fri 8 a.m. to 9 p.m.; Sat 9 a.m. to 4 p.m.; Sun 9 a.m. to 4 p.m.","id":"parks:13487","name":"Fairbank Memorial Community Centre Washroom","partialService":false,"reachAvailable":true,"schemaVersion":1,"source":"parks","sourceUrl":"https://www.toronto.ca/explore-enjoy/parks-recreation/places-spaces/parks-and-recreation-facilities/location/?id=482","stateByTime":{"0030":{"observed":"scheduled_closed","scheduled":"closed"},"1200":{"observed":"open","scheduled":"open"},"2030":{"observed":"open","scheduled":"open"},"2200":{"observed":"scheduled_closed","scheduled":"closed"}}},"type":"Feature"},{"geometry":{"coordinates":[-79.46222308,43.779238510000006],"type":"Point"},"id":"parks:13493","properties":{"accessCondition":"unrestricted","accessibility":"unknown","address":"4801 Dufferin St","closureCategory":"none","hours":"9 a.m. to 10 p.m.","id":"parks:13493","name":"G. Ross Lord Park Sport Pavillion Washroom","partialService":false,"reachAvailable":true,"schemaVersion":1,"source":"parks","sourceUrl":"https://www.toronto.ca/explore-enjoy/parks-recreation/places-spaces/parks-and-recreation-facilities/location/?id=11","stateByTime":{"0030":{"observed":"scheduled_closed","scheduled":"closed"},"1200":{"observed":"open","scheduled":"open"},"2030":{"observed":"open","scheduled":"open"},"2200":{"observed":"scheduled_closed","scheduled":"closed"}}},"type":"Feature"},{"geometry":{"coordinates":[-79.45218224,43.67556711],"type":"Point"},"id":"parks:13499","properties":{"accessCondition":"unrestricted","accessibility":"unknown","address":"1367 St. Clair Ave  W","closureCategory":"none","hours":"View the facility hours","id":"parks:13499","name":"Giovanni Caboto Outdoor Pool / Rink Washroom","partialService":false,"reachAvailable":true,"schemaVersion":1,"source":"parks","sourceUrl":"https://www.toronto.ca/explore-enjoy/parks-recreation/places-spaces/parks-and-recreation-facilities/location/?id=1068","stateByTime":{"0030":{"observed":"unknown_hours","scheduled":"unknown"},"1200":{"observed":"unknown_hours","scheduled":"unknown"},"2030":{"observed":"unknown_hours","scheduled":"unknown"},"2200":{"observed":"unknown_hours","scheduled":"unknown"}}},"type":"Feature"},{"geometry":{"coordinates":[-79.54142374,43.58573804],"type":"Point"},"id":"parks:13591","properties":{"accessCondition":"unrestricted","accessibility":"accessible","address":"2 Forty Second St","closureCategory":"none","hours":"9 a.m. to 10 p.m.","id":"parks:13591","name":"Marie Curtis Park Beach Washroom","partialService":false,"reachAvailable":true,"schemaVersion":1,"source":"parks","sourceUrl":"https://www.toronto.ca/explore-enjoy/parks-recreation/places-spaces/parks-and-recreation-facilities/location/?id=6","stateByTime":{"0030":{"observed":"scheduled_closed","scheduled":"closed"},"1200":{"observed":"open","scheduled":"open"},"2030":{"observed":"open","scheduled":"open"},"2200":{"observed":"scheduled_closed","scheduled":"closed"}}},"type":"Feature"},{"geometry":{"coordinates":[-79.23084525,43.80375024],"type":"Point"},"id":"parks:13599","properties":{"accessCondition":"unrestricted","accessibility":"accessible","address":"180 Mclevin Ave","closureCategory":"none","hours":"9 a.m. to 10 p.m.","id":"parks:13599","name":"Major Abbas Ali Park Washroom","partialService":false,"reachAvailable":true,"schemaVersion":1,"source":"parks","sourceUrl":"https://www.toronto.ca/explore-enjoy/parks-recreation/places-spaces/parks-and-recreation-facilities/location/?id=708","stateByTime":{"0030":{"observed":"scheduled_closed","scheduled":"closed"},"1200":{"observed":"open","scheduled":"open"},"2030":{"observed":"open","scheduled":"open"},"2200":{"observed":"scheduled_closed","scheduled":"closed"}}},"type":"Feature"},{"geometry":{"coordinates":[-79.27186228,43.83006636],"type":"Point"},"id":"parks:13602","properties":{"accessCondition":"unrestricted","accessibility":"accessible","address":"5555 Steeles Ave  E","closureCategory":"none","hours":"9 a.m. to 10 p.m.","id":"parks:13602","name":"Milliken Park Washroom Building","partialService":false,"reachAvailable":true,"schemaVersion":1,"source":"parks","sourceUrl":"https://www.toronto.ca/explore-enjoy/parks-recreation/places-spaces/parks-and-recreation-facilities/location/?id=1088","stateByTime":{"0030":{"observed":"scheduled_closed","scheduled":"closed"},"1200":{"observed":"open","scheduled":"open"},"2030":{"observed":"open","scheduled":"open"},"2200":{"observed":"scheduled_closed","scheduled":"closed"}}},"type":"Feature"},{"geometry":{"coordinates":[-79.36005484,43.667351149999995],"type":"Point"},"id":"parks:13637","properties":{"accessCondition":"unrestricted","accessibility":"unknown","address":"201 Winchester St","closureCategory":"none","hours":"9 a.m. to 5 p.m.","id":"parks:13637","name":"Riverdale Farm Meeting House Washroom","partialService":false,"reachAvailable":true,"schemaVersion":1,"source":"parks","sourceUrl":"https://www.toronto.ca/explore-enjoy/parks-recreation/places-spaces/parks-and-recreation-facilities/location/?id=345","stateByTime":{"0030":{"observed":"scheduled_closed","scheduled":"closed"},"1200":{"observed":"open","scheduled":"open"},"2030":{"observed":"scheduled_closed","scheduled":"closed"},"2200":{"observed":"scheduled_closed","scheduled":"closed"}}},"type":"Feature"},{"geometry":{"coordinates":[-79.36162569,43.66715773],"type":"Point"},"id":"parks:13639","properties":{"accessCondition":"unrestricted","accessibility":"unknown","address":"201 Winchester St","closureCategory":"none","hours":"9 a.m. to 5 p.m.","id":"parks:13639","name":"Riverdale Farm Simpson House Washroom","partialService":false,"reachAvailable":true,"schemaVersion":1,"source":"parks","sourceUrl":"https://www.toronto.ca/explore-enjoy/parks-recreation/places-spaces/parks-and-recreation-facilities/location/?id=345","stateByTime":{"0030":{"observed":"scheduled_closed","scheduled":"closed"},"1200":{"observed":"open","scheduled":"open"},"2030":{"observed":"scheduled_closed","scheduled":"closed"},"2200":{"observed":"scheduled_closed","scheduled":"closed"}}},"type":"Feature"},{"geometry":{"coordinates":[-79.30690823,43.71078337],"type":"Point"},"id":"parks:13677","properties":{"accessCondition":"unrestricted","accessibility":"unknown","address":"181 Westview Blvd","closureCategory":"temporary","hours":"9 a.m. to 10 p.m.","id":"parks:13677","name":"Topham Park Community Centre and Clubhouse Washroom ","partialService":false,"reachAvailable":true,"schemaVersion":1,"source":"parks","sourceUrl":"https://www.toronto.ca/explore-enjoy/parks-recreation/places-spaces/parks-and-recreation-facilities/location/?id=276","stateByTime":{"0030":{"observed":"temporary_closed","scheduled":"closed"},"1200":{"observed":"temporary_closed","scheduled":"open"},"2030":{"observed":"temporary_closed","scheduled":"open"},"2200":{"observed":"temporary_closed","scheduled":"closed"}}},"type":"Feature"},{"geometry":{"coordinates":[-79.43721163000001,43.70748851],"type":"Point"},"id":"parks:13688","properties":{"accessCondition":"unrestricted","accessibility":"unknown","address":"169 Viewmount Ave","closureCategory":"none","hours":"Mon Closed; Tue Closed; Wed Closed; Thu Closed; Fri Closed; Sat Closed; Sun Closed","id":"parks:13688","name":"Viewmount Community Centre Washroom","partialService":false,"reachAvailable":true,"schemaVersion":1,"source":"parks","sourceUrl":"https://www.toronto.ca/explore-enjoy/parks-recreation/places-spaces/parks-and-recreation-facilities/location/?id=772","stateByTime":{"0030":{"observed":"scheduled_closed","scheduled":"closed"},"1200":{"observed":"scheduled_closed","scheduled":"closed"},"2030":{"observed":"scheduled_closed","scheduled":"closed"},"2200":{"observed":"scheduled_closed","scheduled":"closed"}}},"type":"Feature"},{"geometry":{"coordinates":[-79.30434051,43.80330693],"type":"Point"},"id":"parks:13850","properties":{"accessCondition":"unrestricted","accessibility":"unknown","address":"100 Silver Springs Blvd","closureCategory":"none","hours":"9 a.m. to 10 p.m.","id":"parks:13850","name":"L'Amoreaux Sports Centre Washroom","partialService":false,"reachAvailable":true,"schemaVersion":1,"source":"parks","sourceUrl":"https://www.toronto.ca/explore-enjoy/parks-recreation/places-spaces/parks-and-recreation-facilities/location/?id=698","stateByTime":{"0030":{"observed":"scheduled_closed","scheduled":"closed"},"1200":{"observed":"open","scheduled":"open"},"2030":{"observed":"open","scheduled":"open"},"2200":{"observed":"scheduled_closed","scheduled":"closed"}}},"type":"Feature"},{"geometry":{"coordinates":[-79.30505635,43.81261148],"type":"Point"},"id":"parks:13866","properties":{"accessCondition":"unrestricted","accessibility":"unknown","address":"2000 Mcnicoll Ave","closureCategory":"none","hours":"Mon Closed; Tue 6:30 a.m. to 11 p.m.; Wed 6:30 a.m. to 11 p.m.; Thu 6:30 a.m. to 11 p.m.; Fri 6:30 a.m. to 9:30 p.m.; Sat 9 a.m. to 11 p.m.; Sun 9 a.m. to 9:30 p.m.","id":"parks:13866","name":"L'Amoreaux Community Recreation Centre Washroom","partialService":false,"reachAvailable":true,"schemaVersion":1,"source":"parks","sourceUrl":"https://www.toronto.ca/explore-enjoy/parks-recreation/places-spaces/parks-and-recreation-facilities/location/?id=788","stateByTime":{"0030":{"observed":"scheduled_closed","scheduled":"closed"},"1200":{"observed":"open","scheduled":"open"},"2030":{"observed":"open","scheduled":"open"},"2200":{"observed":"open","scheduled":"open"}}},"type":"Feature"},{"geometry":{"coordinates":[-79.40950824,43.721287370000006],"type":"Point"},"id":"parks:14068","properties":{"accessCondition":"unrestricted","accessibility":"unknown","address":"140 Cheritan Ave","closureCategory":"seasonal","hours":"View outdoor rink hours","id":"parks:14068","name":"Otter Creek Centre Outdoor Rink Washroom","partialService":false,"reachAvailable":true,"schemaVersion":1,"source":"parks","sourceUrl":"https://www.toronto.ca/explore-enjoy/parks-recreation/places-spaces/parks-and-recreation-facilities/location/?id=251","stateByTime":{"0030":{"observed":"seasonal_closed","scheduled":"unknown"},"1200":{"observed":"seasonal_closed","scheduled":"unknown"},"2030":{"observed":"seasonal_closed","scheduled":"unknown"},"2200":{"observed":"seasonal_closed","scheduled":"unknown"}}},"type":"Feature"},{"geometry":{"coordinates":[-79.3892846,43.62743736],"type":"Point"},"id":"parks:14102","properties":{"accessCondition":"unrestricted","accessibility":"accessible","address":"9 Queens Quay  W","closureCategory":"none","hours":"None","id":"parks:14102","name":"Toronto Islands - Hanlan's Point Ferry Dock Washroom","partialService":false,"reachAvailable":true,"schemaVersion":1,"source":"parks","sourceUrl":"https://www.toronto.ca/explore-enjoy/parks-recreation/places-spaces/parks-and-recreation-facilities/location/?id=2541","stateByTime":{"0030":{"observed":"unknown_hours","scheduled":"unknown"},"1200":{"observed":"unknown_hours","scheduled":"unknown"},"2030":{"observed":"unknown_hours","scheduled":"unknown"},"2200":{"observed":"unknown_hours","scheduled":"unknown"}}},"type":"Feature"},{"geometry":{"coordinates":[-79.36110183,43.66122887],"type":"Point"},"id":"parks:14322","properties":{"accessCondition":"unrestricted","accessibility":"unknown","address":"640 Dundas St  E","closureCategory":"none","hours":"Mon Closed; Tue 6:30 a.m. to 9 p.m.; Wed 6 a.m. to 9 p.m.; Thu 6:30 a.m. to 9 p.m.; Fri 6 a.m. to 9 p.m.; Sat 6:45 a.m. to 5:45 p.m.; Sun 8:30 a.m. to 5 p.m.","id":"parks:14322","name":"Pam McConnell Aquatic Centre Washroom","partialService":false,"reachAvailable":true,"schemaVersion":1,"source":"parks","sourceUrl":"https://www.toronto.ca/explore-enjoy/parks-recreation/places-spaces/parks-and-recreation-facilities/location/?id=2012","stateByTime":{"0030":{"observed":"scheduled_closed","scheduled":"closed"},"1200":{"observed":"open","scheduled":"open"},"2030":{"observed":"open","scheduled":"open"},"2200":{"observed":"scheduled_closed","scheduled":"closed"}}},"type":"Feature"},{"geometry":{"coordinates":[-79.49023791,43.751903],"type":"Point"},"id":"parks:14342","properties":{"accessCondition":"unrestricted","accessibility":"unknown","address":"23 Grandravine Dr","closureCategory":"none","hours":"Mon Closed; Tue 9 a.m. to 9 p.m.; Wed 9 a.m. to 9 p.m.; Thu 9 a.m. to 9 p.m.; Fri 9 a.m. to 9 p.m.; Sat 9 a.m. to 9 p.m.; Sun 9 a.m. to 9 p.m.","id":"parks:14342","name":"Grandravine Community Recreation Centre Washroom","partialService":false,"reachAvailable":true,"schemaVersion":1,"source":"parks","sourceUrl":"https://www.toronto.ca/explore-enjoy/parks-recreation/places-spaces/parks-and-recreation-facilities/location/?id=647","stateByTime":{"0030":{"observed":"scheduled_closed","scheduled":"closed"},"1200":{"observed":"open","scheduled":"open"},"2030":{"observed":"open","scheduled":"open"},"2200":{"observed":"scheduled_closed","scheduled":"closed"}}},"type":"Feature"},{"geometry":{"coordinates":[-79.40866347000001,43.774508940000004],"type":"Point"},"id":"parks:14343","properties":{"accessCondition":"unrestricted","accessibility":"unknown","address":"89 Church Ave","closureCategory":"none","hours":"Mon Closed; Tue 8 a.m. to 10 p.m.; Wed 8 a.m. to 10 p.m.; Thu 8 a.m. to 10 p.m.; Fri 8 a.m. to 10 p.m.; Sat 8 a.m. to 10 p.m.; Sun 8 a.m. to 10 p.m.","id":"parks:14343","name":"Mitchell Field Community Centre Washroom","partialService":false,"reachAvailable":true,"schemaVersion":1,"source":"parks","sourceUrl":"https://www.toronto.ca/explore-enjoy/parks-recreation/places-spaces/parks-and-recreation-facilities/location/?id=693","stateByTime":{"0030":{"observed":"scheduled_closed","scheduled":"closed"},"1200":{"observed":"open","scheduled":"open"},"2030":{"observed":"open","scheduled":"open"},"2200":{"observed":"scheduled_closed","scheduled":"closed"}}},"type":"Feature"},{"geometry":{"coordinates":[-79.30147883000001,43.787460499999995],"type":"Point"},"id":"parks:14344","properties":{"accessCondition":"unrestricted","accessibility":"unknown","address":"2520 Birchmount Rd","closureCategory":"none","hours":"Mon Closed; Tue 8:30 a.m. to 4:30 p.m.; Wed 8:30 a.m. to 4:30 p.m.; Thu 8:30 a.m. to 4:30 p.m.; Fri 8:30 a.m. to 4:30 p.m.; Sat Closed; Sun Closed","id":"parks:14344","name":"Stephen Leacock Seniors Community Centre Washroom","partialService":false,"reachAvailable":true,"schemaVersion":1,"source":"parks","sourceUrl":"https://www.toronto.ca/explore-enjoy/parks-recreation/places-spaces/parks-and-recreation-facilities/location/?id=1873","stateByTime":{"0030":{"observed":"scheduled_closed","scheduled":"closed"},"1200":{"observed":"open","scheduled":"open"},"2030":{"observed":"scheduled_closed","scheduled":"closed"},"2200":{"observed":"scheduled_closed","scheduled":"closed"}}},"type":"Feature"},{"geometry":{"coordinates":[-79.2835342,43.694994179999995],"type":"Point"},"id":"parks:1439","properties":{"accessCondition":"unrestricted","accessibility":"unknown","address":"63 Pharmacy Ave","closureCategory":"none","hours":"Mon Closed; Tue 7 a.m. to 9 p.m.; Wed 7 a.m. to 9 p.m.; Thu 7 a.m. to 9 p.m.; Fri 7 a.m. to 9 p.m.; Sat 8 a.m. to 5 p.m.; Sun 8 a.m. to 5 p.m.","id":"parks:1439","name":"Oakridge Community Recreation Centre Washroom","partialService":false,"reachAvailable":true,"schemaVersion":1,"source":"parks","sourceUrl":"https://www.toronto.ca/explore-enjoy/parks-recreation/places-spaces/parks-and-recreation-facilities/location/?id=731","stateByTime":{"0030":{"observed":"scheduled_closed","scheduled":"closed"},"1200":{"observed":"open","scheduled":"open"},"2030":{"observed":"open","scheduled":"open"},"2200":{"observed":"scheduled_closed","scheduled":"closed"}}},"type":"Feature"},{"geometry":{"coordinates":[-79.28036179,43.71474757],"type":"Point"},"id":"parks:1569","properties":{"accessCondition":"unrestricted","accessibility":"unknown","address":"25 Mendelssohn St","closureCategory":"none","hours":"Mon Closed; Tue 8 a.m. to 9 p.m.; Wed 8 a.m. to 9 p.m.; Thu 8 a.m. to 9 p.m.; Fri 8 a.m. to 9 p.m.; Sat 9 a.m. to 5 p.m.; Sun 9 a.m. to 5 p.m.","id":"parks:1569","name":"Warden Hilltop Community Centre Washroom","partialService":false,"reachAvailable":true,"schemaVersion":1,"source":"parks","sourceUrl":"https://www.toronto.ca/explore-enjoy/parks-recreation/places-spaces/parks-and-recreation-facilities/location/?id=1865","stateByTime":{"0030":{"observed":"scheduled_closed","scheduled":"closed"},"1200":{"observed":"open","scheduled":"open"},"2030":{"observed":"open","scheduled":"open"},"2200":{"observed":"scheduled_closed","scheduled":"closed"}}},"type":"Feature"},{"geometry":{"coordinates":[-79.27597812,43.78816029],"type":"Point"},"id":"parks:1608","properties":{"accessCondition":"unrestricted","accessibility":"unknown","address":"31 Glen Watford Dr","closureCategory":"none","hours":"Mon Closed; Tue 7 a.m. to 10 p.m.; Wed 7 a.m. to 10 p.m.; Thu 7 a.m. to 10 p.m.; Fri 7 a.m. to 10 p.m.; Sat 8 a.m. to 9 p.m.; Sun 8 a.m. to 9 p.m.","id":"parks:1608","name":"Agincourt Recreation Centre Washroom","partialService":false,"reachAvailable":true,"schemaVersion":1,"source":"parks","sourceUrl":"https://www.toronto.ca/explore-enjoy/parks-recreation/places-spaces/parks-and-recreation-facilities/location/?id=523","stateByTime":{"0030":{"observed":"scheduled_closed","scheduled":"closed"},"1200":{"observed":"open","scheduled":"open"},"2030":{"observed":"open","scheduled":"open"},"2200":{"observed":"scheduled_closed","scheduled":"closed"}}},"type":"Feature"},{"geometry":{"coordinates":[-79.54712907,43.60169472],"type":"Point"},"id":"parks:1610","properties":{"accessCondition":"unrestricted","accessibility":"unknown","address":"2 Orianna Dr","closureCategory":"none","hours":"Mon Closed; Tue 7 a.m. to 9:30 p.m.; Wed 6:30 a.m. to 9 p.m.; Thu 7 a.m. to 9:30 p.m.; Fri 9:30 a.m. to 7 p.m.; Sat 11:30 a.m. to 4 p.m.; Sun 11:30 a.m. to 4 p.m.","id":"parks:1610","name":"Alderwood Centre Washroom","partialService":false,"reachAvailable":true,"schemaVersion":1,"source":"parks","sourceUrl":"https://www.toronto.ca/explore-enjoy/parks-recreation/places-spaces/parks-and-recreation-facilities/location/?id=897","stateByTime":{"0030":{"observed":"scheduled_closed","scheduled":"closed"},"1200":{"observed":"open","scheduled":"open"},"2030":{"observed":"open","scheduled":"open"},"2200":{"observed":"scheduled_closed","scheduled":"closed"}}},"type":"Feature"},{"geometry":{"coordinates":[-79.44699591,43.78113838],"type":"Point"},"id":"parks:1621","properties":{"accessCondition":"unrestricted","accessibility":"unknown","address":"140 Antibes Dr","closureCategory":"none","hours":"Mon Closed; Tue 7 a.m. to 10 p.m.; Wed 7 a.m. to 10 p.m.; Thu 7 a.m. to 10 p.m.; Fri 7 a.m. to 10 p.m.; Sat 7 a.m. to 10 p.m.; Sun 7 a.m. to 10 p.m.","id":"parks:1621","name":"Antibes Community Centre Washroom","partialService":false,"reachAvailable":true,"schemaVersion":1,"source":"parks","sourceUrl":"https://www.toronto.ca/explore-enjoy/parks-recreation/places-spaces/parks-and-recreation-facilities/location/?id=42","stateByTime":{"0030":{"observed":"scheduled_closed","scheduled":"closed"},"1200":{"observed":"open","scheduled":"open"},"2030":{"observed":"open","scheduled":"open"},"2200":{"observed":"scheduled_closed","scheduled":"closed"}}},"type":"Feature"},{"geometry":{"coordinates":[-79.23430212000001,43.794098229999996],"type":"Point"},"id":"parks:1662","properties":{"accessCondition":"unrestricted","accessibility":"unknown","address":"1081 Progress Ave","closureCategory":"none","hours":"Mon Closed; Tue 9 a.m. to 9 p.m.; Wed 9 a.m. to 9 p.m.; Thu 9 a.m. to 9 p.m.; Fri 9 a.m. to 9 p.m.; Sat 9 a.m. to 5 p.m.; Sun 9 a.m. to 5 p.m.","id":"parks:1662","name":"Burrows Hall Community Centre Washroom","partialService":false,"reachAvailable":true,"schemaVersion":1,"source":"parks","sourceUrl":"https://www.toronto.ca/explore-enjoy/parks-recreation/places-spaces/parks-and-recreation-facilities/location/?id=591","stateByTime":{"0030":{"observed":"scheduled_closed","scheduled":"closed"},"1200":{"observed":"open","scheduled":"open"},"2030":{"observed":"open","scheduled":"open"},"2200":{"observed":"scheduled_closed","scheduled":"closed"}}},"type":"Feature"},{"geometry":{"coordinates":[-79.58819416,43.64946299],"type":"Point"},"id":"parks:1674","properties":{"accessCondition":"unrestricted","accessibility":"unknown","address":"256 Centennial Park Rd","closureCategory":"none","hours":"Mon Closed; Tue Closed; Wed Closed; Thu Closed; Fri Closed; Sat Closed; Sun Closed","id":"parks:1674","name":"Centennial Park Conservatory Washroom","partialService":false,"reachAvailable":true,"schemaVersion":1,"source":"parks","sourceUrl":"https://www.toronto.ca/explore-enjoy/parks-recreation/places-spaces/parks-and-recreation-facilities/location/?id=798","stateByTime":{"0030":{"observed":"scheduled_closed","scheduled":"closed"},"1200":{"observed":"scheduled_closed","scheduled":"closed"},"2030":{"observed":"scheduled_closed","scheduled":"closed"},"2200":{"observed":"scheduled_closed","scheduled":"closed"}}},"type":"Feature"},{"geometry":{"coordinates":[-79.23702885,43.774533770000005],"type":"Point"},"id":"parks:1675","properties":{"accessCondition":"unrestricted","accessibility":"unknown","address":"1967 Ellesmere Rd","closureCategory":"none","hours":"Mon Closed; Tue 7 a.m. to 10 p.m.; Wed 7 a.m. to 10 p.m.; Thu 7 a.m. to 10 p.m.; Fri 7 a.m. to 10 p.m.; Sat 7 a.m. to 8 p.m.; Sun 7 a.m. to 8 p.m.","id":"parks:1675","name":"Centennial Recreation Centre Scarborough Washroom","partialService":false,"reachAvailable":true,"schemaVersion":1,"source":"parks","sourceUrl":"https://www.toronto.ca/explore-enjoy/parks-recreation/places-spaces/parks-and-recreation-facilities/location/?id=537","stateByTime":{"0030":{"observed":"scheduled_closed","scheduled":"closed"},"1200":{"observed":"open","scheduled":"open"},"2030":{"observed":"open","scheduled":"open"},"2200":{"observed":"scheduled_closed","scheduled":"closed"}}},"type":"Feature"},{"geometry":{"coordinates":[-79.40490539,43.634382820000006],"type":"Point"},"id":"parks:1701","properties":{"accessCondition":"unrestricted","accessibility":"unknown","address":"711 Lake Shore Blvd  W","closureCategory":"none","hours":"9 a.m. to 7:30 p.m.","id":"parks:1701","name":"Coronation Park Toronto Washroom","partialService":false,"reachAvailable":true,"schemaVersion":1,"source":"parks","sourceUrl":"https://www.toronto.ca/explore-enjoy/parks-recreation/places-spaces/parks-and-recreation-facilities/location/?id=467","stateByTime":{"0030":{"observed":"scheduled_closed","scheduled":"closed"},"1200":{"observed":"open","scheduled":"open"},"2030":{"observed":"scheduled_closed","scheduled":"closed"},"2200":{"observed":"scheduled_closed","scheduled":"closed"}}},"type":"Feature"},{"geometry":{"coordinates":[-79.41466797,43.76718869],"type":"Point"},"id":"parks:1715","properties":{"accessCondition":"unrestricted","accessibility":"unknown","address":"5100 Yonge St","closureCategory":"none","hours":"Mon Closed; Tue 7:15 a.m. to 10 p.m.; Wed 7:15 a.m. to 10 p.m.; Thu 7:15 a.m. to 10 p.m.; Fri 7:15 a.m. to 10 p.m.; Sat 8:30 a.m. to 8:15 p.m.; Sun 7 a.m. to 8 p.m.","id":"parks:1715","name":"Douglas Snow Aquatic Centre Washroom","partialService":false,"reachAvailable":true,"schemaVersion":1,"source":"parks","sourceUrl":"https://www.toronto.ca/explore-enjoy/parks-recreation/places-spaces/parks-and-recreation-facilities/location/?id=567","stateByTime":{"0030":{"observed":"scheduled_closed","scheduled":"closed"},"1200":{"observed":"open","scheduled":"open"},"2030":{"observed":"open","scheduled":"open"},"2200":{"observed":"scheduled_closed","scheduled":"closed"}}},"type":"Feature"},{"geometry":{"coordinates":[-79.46158262,43.657673360000004],"type":"Point"},"id":"parks:17168","properties":{"accessCondition":"unrestricted","accessibility":"unknown","address":"181 Glenlake Ave","closureCategory":"none","hours":"Mon Closed; Tue 10 a.m. to 6 p.m.; Wed 10 a.m. to 6 p.m.; Thu 10 a.m. to 6 p.m.; Fri 10 a.m. to 6 p.m.; Sat Closed; Sun Closed","id":"parks:17168","name":"Keele Community Centre Washroom","partialService":false,"reachAvailable":true,"schemaVersion":1,"source":"parks","sourceUrl":"https://www.toronto.ca/explore-enjoy/parks-recreation/places-spaces/parks-and-recreation-facilities/location/?id=84","stateByTime":{"0030":{"observed":"scheduled_closed","scheduled":"closed"},"1200":{"observed":"open","scheduled":"open"},"2030":{"observed":"scheduled_closed","scheduled":"closed"},"2200":{"observed":"scheduled_closed","scheduled":"closed"}}},"type":"Feature"},{"geometry":{"coordinates":[-79.321287,43.6862871],"type":"Point"},"id":"parks:1720","properties":{"accessCondition":"unrestricted","accessibility":"unknown","address":"455 Glebeholme Blvd","closureCategory":"none","hours":"Mon Closed; Tue 8:30 a.m. to 4:30 p.m.; Wed 8:30 a.m. to 8 p.m.; Thu 8:30 a.m. to 8 p.m.; Fri 8:30 a.m. to 4:30 p.m.; Sat Closed; Sun 8:30 a.m. to 5 p.m.","id":"parks:1720","name":"Earl Beatty Community Centre Washroom","partialService":false,"reachAvailable":true,"schemaVersion":1,"source":"parks","sourceUrl":"https://www.toronto.ca/explore-enjoy/parks-recreation/places-spaces/parks-and-recreation-facilities/location/?id=36","stateByTime":{"0030":{"observed":"scheduled_closed","scheduled":"closed"},"1200":{"observed":"open","scheduled":"open"},"2030":{"observed":"scheduled_closed","scheduled":"closed"},"2200":{"observed":"scheduled_closed","scheduled":"closed"}}},"type":"Feature"},{"geometry":{"coordinates":[-79.5107944,43.67751487],"type":"Point"},"id":"parks:1723","properties":{"accessCondition":"unrestricted","accessibility":"unknown","address":"235 Edenbridge Dr","closureCategory":"none","hours":"Mon Closed; Tue 8:30 a.m. to 8 p.m.; Wed 8:30 a.m. to 4:30 p.m.; Thu 8:30 a.m. to 4:30 p.m.; Fri 8:30 a.m. to 4:30 p.m.; Sat Closed; Sun Closed","id":"parks:1723","name":"Edenbridge Centre Washroom","partialService":false,"reachAvailable":true,"schemaVersion":1,"source":"parks","sourceUrl":"https://www.toronto.ca/explore-enjoy/parks-recreation/places-spaces/parks-and-recreation-facilities/location/?id=436","stateByTime":{"0030":{"observed":"scheduled_closed","scheduled":"closed"},"1200":{"observed":"open","scheduled":"open"},"2030":{"observed":"scheduled_closed","scheduled":"closed"},"2200":{"observed":"scheduled_closed","scheduled":"closed"}}},"type":"Feature"},{"geometry":{"coordinates":[-79.51666843,43.6706706],"type":"Point"},"id":"parks:1725","properties":{"accessCondition":"unrestricted","accessibility":"unknown","address":"61 Edgehill Rd","closureCategory":"none","hours":"Mon Closed; Tue 8:30 a.m. to 8:30 p.m.; Wed 8:30 a.m. to 4:30 p.m.; Thu 8:30 a.m. to 4:30 p.m.; Fri 8:30 a.m. to 4:30 p.m.; Sat Closed; Sun Closed","id":"parks:1725","name":"Edgehill House Washroom","partialService":false,"reachAvailable":true,"schemaVersion":1,"source":"parks","sourceUrl":"https://www.toronto.ca/explore-enjoy/parks-recreation/places-spaces/parks-and-recreation-facilities/location/?id=428","stateByTime":{"0030":{"observed":"scheduled_closed","scheduled":"closed"},"1200":{"observed":"open","scheduled":"open"},"2030":{"observed":"scheduled_closed","scheduled":"closed"},"2200":{"observed":"scheduled_closed","scheduled":"closed"}}},"type":"Feature"},{"geometry":{"coordinates":[-79.29934845,43.76069713],"type":"Point"},"id":"parks:1729","properties":{"accessCondition":"unrestricted","accessibility":"unknown","address":"20 Canadian Rd","closureCategory":"none","hours":"Mon Closed; Tue 8 a.m. to 11 p.m.; Wed 8 a.m. to 11 p.m.; Thu 8 a.m. to 11 p.m.; Fri 8 a.m. to 11 p.m.; Sat 8 a.m. to 11:30 a.m.; Sun 8 a.m. to 11 p.m.","id":"parks:1729","name":"Ellesmere Community Centre Washroom","partialService":false,"reachAvailable":true,"schemaVersion":1,"source":"parks","sourceUrl":"https://www.toronto.ca/explore-enjoy/parks-recreation/places-spaces/parks-and-recreation-facilities/location/?id=617","stateByTime":{"0030":{"observed":"scheduled_closed","scheduled":"closed"},"1200":{"observed":"open","scheduled":"open"},"2030":{"observed":"open","scheduled":"open"},"2200":{"observed":"open","scheduled":"open"}}},"type":"Feature"},{"geometry":{"coordinates":[-79.58866901,43.73475482],"type":"Point"},"id":"parks:1732","properties":{"accessCondition":"unrestricted","accessibility":"unknown","address":"10 Rampart Rd","closureCategory":"none","hours":"Mon Closed; Tue 9 a.m. to 9 p.m.; Wed 9 a.m. to 9 p.m.; Thu 9 a.m. to 9 p.m.; Fri 9 a.m. to 9 p.m.; Sat 9 a.m. to 5 p.m.; Sun Closed","id":"parks:1732","name":"Elmbank Community Centre Washroom","partialService":false,"reachAvailable":true,"schemaVersion":1,"source":"parks","sourceUrl":"https://www.toronto.ca/explore-enjoy/parks-recreation/places-spaces/parks-and-recreation-facilities/location/?id=750","stateByTime":{"0030":{"observed":"scheduled_closed","scheduled":"closed"},"1200":{"observed":"open","scheduled":"open"},"2030":{"observed":"open","scheduled":"open"},"2200":{"observed":"scheduled_closed","scheduled":"closed"}}},"type":"Feature"},{"geometry":{"coordinates":[-79.5844329,43.65023006],"type":"Point"},"id":"parks:1737","properties":{"accessCondition":"unrestricted","accessibility":"unknown","address":"590 Rathburn Rd","closureCategory":"none","hours":"Mon Closed; Tue 6 a.m. to 10 p.m.; Wed 6 a.m. to 10 p.m.; Thu 6 a.m. to 10 p.m.; Fri 6 a.m. to 10 p.m.; Sat 9 a.m. to 5 p.m.; Sun 9 a.m. to 5 p.m.","id":"parks:1737","name":"Etobicoke Olympium Washroom","partialService":false,"reachAvailable":true,"schemaVersion":1,"source":"parks","sourceUrl":"https://www.toronto.ca/explore-enjoy/parks-recreation/places-spaces/parks-and-recreation-facilities/location/?id=892","stateByTime":{"0030":{"observed":"scheduled_closed","scheduled":"closed"},"1200":{"observed":"open","scheduled":"open"},"2030":{"observed":"open","scheduled":"open"},"2200":{"observed":"scheduled_closed","scheduled":"closed"}}},"type":"Feature"},{"geometry":{"coordinates":[-79.31492361,43.67670825],"type":"Point"},"id":"parks:1740","properties":{"accessCondition":"unrestricted","accessibility":"unknown","address":"1725 Gerrard St E","closureCategory":"none","hours":"Mon Closed; Tue 8 a.m. to 9 p.m.; Wed 8 a.m. to 9 p.m.; Thu 8 a.m. to 9 p.m.; Fri 8 a.m. to 9 p.m.; Sat 9 a.m. to 5 p.m.; Sun Closed","id":"parks:1740","name":"Fairmount Park Community Centre Washroom","partialService":false,"reachAvailable":true,"schemaVersion":1,"source":"parks","sourceUrl":"https://www.toronto.ca/explore-enjoy/parks-recreation/places-spaces/parks-and-recreation-facilities/location/?id=308","stateByTime":{"0030":{"observed":"scheduled_closed","scheduled":"closed"},"1200":{"observed":"open","scheduled":"open"},"2030":{"observed":"open","scheduled":"open"},"2200":{"observed":"scheduled_closed","scheduled":"closed"}}},"type":"Feature"},{"geometry":{"coordinates":[-79.32638151,43.713567330000004],"type":"Point"},"id":"parks:1745","properties":{"accessCondition":"unrestricted","accessibility":"unknown","address":"150 Grenoble Dr","closureCategory":"none","hours":"Mon Closed; Tue 10 a.m. to 6 p.m.; Wed 10 a.m. to 6 p.m.; Thu 10 a.m. to 8:30 p.m.; Fri 10 a.m. to 8:30 p.m.; Sat 10 a.m. to 3:30 p.m.; Sun 10 a.m. to 3:30 p.m.","id":"parks:1745","name":"Flemingdon Community Centre Washroom","partialService":false,"reachAvailable":true,"schemaVersion":1,"source":"parks","sourceUrl":"https://www.toronto.ca/explore-enjoy/parks-recreation/places-spaces/parks-and-recreation-facilities/location/?id=583","stateByTime":{"0030":{"observed":"scheduled_closed","scheduled":"closed"},"1200":{"observed":"open","scheduled":"open"},"2030":{"observed":"scheduled_closed","scheduled":"closed"},"2200":{"observed":"scheduled_closed","scheduled":"closed"}}},"type":"Feature"},{"geometry":{"coordinates":[-79.52194716,43.60121549],"type":"Point"},"id":"parks:1764","properties":{"accessCondition":"unrestricted","accessibility":"unknown","address":"1 Faustina Dr","closureCategory":"none","hours":"Mon Closed; Tue 6 a.m. to 9 p.m.; Wed 6 a.m. to 9 p.m.; Thu 6 a.m. to 9 p.m.; Fri 6 a.m. to 9 p.m.; Sat 9 a.m. to 4 p.m.; Sun 9 a.m. to 4 p.m.","id":"parks:1764","name":"Gus Ryder Pool and Health Club Washroom","partialService":false,"reachAvailable":true,"schemaVersion":1,"source":"parks","sourceUrl":"https://www.toronto.ca/explore-enjoy/parks-recreation/places-spaces/parks-and-recreation-facilities/location/?id=896","stateByTime":{"0030":{"observed":"scheduled_closed","scheduled":"closed"},"1200":{"observed":"open","scheduled":"open"},"2030":{"observed":"open","scheduled":"open"},"2200":{"observed":"scheduled_closed","scheduled":"closed"}}},"type":"Feature"},{"geometry":{"coordinates":[-79.39083667,43.65108826],"type":"Point"},"id":"parks:1768","properties":{"accessCondition":"unrestricted","accessibility":"unknown","address":"15 Stephanie St","closureCategory":"none","hours":"Mon Closed; Tue 10 a.m. to 6 p.m.; Wed 10 a.m. to 6 p.m.; Thu 10 a.m. to 6 p.m.; Fri 10 a.m. to 6 p.m.; Sat 9 a.m. to 4 p.m.; Sun 9 a.m. to 4 p.m.","id":"parks:1768","name":"Harrison Pool Washroom","partialService":false,"reachAvailable":true,"schemaVersion":1,"source":"parks","sourceUrl":"https://www.toronto.ca/explore-enjoy/parks-recreation/places-spaces/parks-and-recreation-facilities/location/?id=45","stateByTime":{"0030":{"observed":"scheduled_closed","scheduled":"closed"},"1200":{"observed":"open","scheduled":"open"},"2030":{"observed":"scheduled_closed","scheduled":"closed"},"2200":{"observed":"scheduled_closed","scheduled":"closed"}}},"type":"Feature"},{"geometry":{"coordinates":[-79.34531349999999,43.66044758],"type":"Point"},"id":"parks:1817","properties":{"accessCondition":"unrestricted","accessibility":"unknown","address":"870 Queen St  E","closureCategory":"none","hours":"Mon Closed; Tue 9 a.m. to 10 p.m.; Wed 7 a.m. to 10 p.m.; Thu 9 a.m. to 10 p.m.; Fri 7 a.m. to 10 p.m.; Sat 9 a.m. to 5 p.m.; Sun 9 a.m. to 5 p.m.","id":"parks:1817","name":"Jimmie Simpson Recreation Centre Washroom","partialService":false,"reachAvailable":true,"schemaVersion":1,"source":"parks","sourceUrl":"https://www.toronto.ca/explore-enjoy/parks-recreation/places-spaces/parks-and-recreation-facilities/location/?id=58","stateByTime":{"0030":{"observed":"scheduled_closed","scheduled":"closed"},"1200":{"observed":"open","scheduled":"open"},"2030":{"observed":"open","scheduled":"open"},"2200":{"observed":"scheduled_closed","scheduled":"closed"}}},"type":"Feature"},{"geometry":{"coordinates":[-79.37034393,43.65542313],"type":"Point"},"id":"parks:1818","properties":{"accessCondition":"unrestricted","accessibility":"unknown","address":"150 Sherbourne St","closureCategory":"none","hours":"Mon Closed; Tue 9 a.m. to 9:30 p.m.; Wed 9 a.m. to 9:30 p.m.; Thu 9 a.m. to 9:30 p.m.; Fri 9 a.m. to 9:30 p.m.; Sat 9 a.m. to 5 p.m.; Sun 9 a.m. to 5 p.m.","id":"parks:1818","name":"John Innes Community Recreation Centre Washroom","partialService":false,"reachAvailable":true,"schemaVersion":1,"source":"parks","sourceUrl":"https://www.toronto.ca/explore-enjoy/parks-recreation/places-spaces/parks-and-recreation-facilities/location/?id=63","stateByTime":{"0030":{"observed":"scheduled_closed","scheduled":"closed"},"1200":{"observed":"open","scheduled":"open"},"2030":{"observed":"open","scheduled":"open"},"2200":{"observed":"scheduled_closed","scheduled":"closed"}}},"type":"Feature"},{"geometry":{"coordinates":[-79.45145008,43.67532073],"type":"Point"},"id":"parks:1820","properties":{"accessCondition":"unrestricted","accessibility":"unknown","address":"1369 St. Clair Ave  W","closureCategory":"none","hours":"Mon Closed; Tue 7 a.m. to 9:30 p.m.; Wed 7 a.m. to 9:30 p.m.; Thu 7 a.m. to 9:30 p.m.; Fri 7 a.m. to 9:30 p.m.; Sat 9 a.m. to 5 p.m.; Sun 9 a.m. to 5 p.m.","id":"parks:1820","name":"Joseph J. Piccininni Community Centre Washroom","partialService":false,"reachAvailable":true,"schemaVersion":1,"source":"parks","sourceUrl":"https://www.toronto.ca/explore-enjoy/parks-recreation/places-spaces/parks-and-recreation-facilities/location/?id=509","stateByTime":{"0030":{"observed":"scheduled_closed","scheduled":"closed"},"1200":{"observed":"open","scheduled":"open"},"2030":{"observed":"open","scheduled":"open"},"2200":{"observed":"scheduled_closed","scheduled":"closed"}}},"type":"Feature"},{"geometry":{"coordinates":[-79.42066596,43.704549820000004],"type":"Point"},"id":"parks:1840","properties":{"accessCondition":"unrestricted","accessibility":"accessible","address":"340 Chaplin Cres","closureCategory":"none","hours":"9 a.m. to 10 p.m.","id":"parks:1840","name":"Memorial Park Washroom","partialService":false,"reachAvailable":true,"schemaVersion":1,"source":"parks","sourceUrl":"https://www.toronto.ca/explore-enjoy/parks-recreation/places-spaces/parks-and-recreation-facilities/location/?id=131","stateByTime":{"0030":{"observed":"scheduled_closed","scheduled":"closed"},"1200":{"observed":"open","scheduled":"open"},"2030":{"observed":"open","scheduled":"open"},"2200":{"observed":"scheduled_closed","scheduled":"closed"}}},"type":"Feature"},{"geometry":{"coordinates":[-79.34983026,43.702452619999995],"type":"Point"},"id":"parks:1846","properties":{"accessCondition":"unrestricted","accessibility":"unknown","address":"5 Leaside Park Dr","closureCategory":"none","hours":"9 a.m. to 10 p.m.","id":"parks:1846","name":"Leaside Park Washroom","partialService":false,"reachAvailable":true,"schemaVersion":1,"source":"parks","sourceUrl":"https://www.toronto.ca/explore-enjoy/parks-recreation/places-spaces/parks-and-recreation-facilities/location/?id=321","stateByTime":{"0030":{"observed":"scheduled_closed","scheduled":"closed"},"1200":{"observed":"open","scheduled":"open"},"2030":{"observed":"open","scheduled":"open"},"2200":{"observed":"scheduled_closed","scheduled":"closed"}}},"type":"Feature"},{"geometry":{"coordinates":[-79.42510701,43.727085169999995],"type":"Point"},"id":"parks:1847","properties":{"accessCondition":"unrestricted","accessibility":"unknown","address":"160 Ledbury St","closureCategory":"none","hours":"View facility hours","id":"parks:1847","name":"Ledbury Park Outdoor Pool / Rink Washroom","partialService":false,"reachAvailable":true,"schemaVersion":1,"source":"parks","sourceUrl":"https://www.toronto.ca/explore-enjoy/parks-recreation/places-spaces/parks-and-recreation-facilities/location/?id=678","stateByTime":{"0030":{"observed":"unknown_hours","scheduled":"unknown"},"1200":{"observed":"unknown_hours","scheduled":"unknown"},"2030":{"observed":"unknown_hours","scheduled":"unknown"},"2200":{"observed":"unknown_hours","scheduled":"unknown"}}},"type":"Feature"},{"geometry":{"coordinates":[-79.33958367,43.66790402],"type":"Point"},"id":"parks:1866","properties":{"accessCondition":"unrestricted","accessibility":"unknown","address":"953 Gerrard St  E","closureCategory":"none","hours":"Mon Closed; Tue 9 a.m. to 10 p.m.; Wed 9 a.m. to 10 p.m.; Thu 9 a.m. to 10 p.m.; Fri 9 a.m. to 10 p.m.; Sat 9 a.m. to 5 p.m.; Sun Closed","id":"parks:1866","name":"Matty Eckler Recreation Centre Washroom","partialService":false,"reachAvailable":true,"schemaVersion":1,"source":"parks","sourceUrl":"https://www.toronto.ca/explore-enjoy/parks-recreation/places-spaces/parks-and-recreation-facilities/location/?id=234","stateByTime":{"0030":{"observed":"scheduled_closed","scheduled":"closed"},"1200":{"observed":"open","scheduled":"open"},"2030":{"observed":"open","scheduled":"open"},"2200":{"observed":"scheduled_closed","scheduled":"closed"}}},"type":"Feature"},{"geometry":{"coordinates":[-79.43307824,43.6474097],"type":"Point"},"id":"parks:1867","properties":{"accessCondition":"unrestricted","accessibility":"unknown","address":"66 Sheridan Ave","closureCategory":"none","hours":"Mon Closed; Tue 7 a.m. to 9 p.m.; Wed 7 a.m. to 9 p.m.; Thu 7 a.m. to 9 p.m.; Fri 7 a.m. to 9 p.m.; Sat 8 a.m. to 8 p.m.; Sun 9 a.m. to 8 p.m.","id":"parks:1867","name":"Mary McCormick Recreation Centre Washroom","partialService":false,"reachAvailable":true,"schemaVersion":1,"source":"parks","sourceUrl":"https://www.toronto.ca/explore-enjoy/parks-recreation/places-spaces/parks-and-recreation-facilities/location/?id=100","stateByTime":{"0030":{"observed":"scheduled_closed","scheduled":"closed"},"1200":{"observed":"open","scheduled":"open"},"2030":{"observed":"open","scheduled":"open"},"2200":{"observed":"scheduled_closed","scheduled":"closed"}}},"type":"Feature"},{"geometry":{"coordinates":[-79.51961765,43.64837909],"type":"Point"},"id":"parks:1873","properties":{"accessCondition":"unrestricted","accessibility":"unknown","address":"44 Montgomery Rd","closureCategory":"none","hours":"Mon Closed; Tue 7 a.m. to 9:30 p.m.; Wed 7 a.m. to 10 p.m.; Thu 7 a.m. to 9 p.m.; Fri 7 a.m. to 9:30 p.m.; Sat 7:30 a.m. to 4 p.m.; Sun 8 a.m. to 9 p.m.","id":"parks:1873","name":"Memorial Pool and Health Club Washroom","partialService":false,"reachAvailable":true,"schemaVersion":1,"source":"parks","sourceUrl":"https://www.toronto.ca/explore-enjoy/parks-recreation/places-spaces/parks-and-recreation-facilities/location/?id=891","stateByTime":{"0030":{"observed":"scheduled_closed","scheduled":"closed"},"1200":{"observed":"open","scheduled":"open"},"2030":{"observed":"open","scheduled":"open"},"2200":{"observed":"scheduled_closed","scheduled":"closed"}}},"type":"Feature"},{"geometry":{"coordinates":[-79.2741555,43.82975101],"type":"Point"},"id":"parks:1874","properties":{"accessCondition":"unrestricted","accessibility":"unknown","address":"4325 Mccowan Rd","closureCategory":"none","hours":"Mon Closed; Tue 7 a.m. to 10 p.m.; Wed 7 a.m. to 10 p.m.; Thu 7 a.m. to 10 p.m.; Fri 7 a.m. to 10 p.m.; Sat 7 a.m. to 10 p.m.; Sun 7 a.m. to 9 p.m.","id":"parks:1874","name":"Milliken Park Community Recreation Centre Washroom","partialService":false,"reachAvailable":true,"schemaVersion":1,"source":"parks","sourceUrl":"https://www.toronto.ca/explore-enjoy/parks-recreation/places-spaces/parks-and-recreation-facilities/location/?id=405","stateByTime":{"0030":{"observed":"scheduled_closed","scheduled":"closed"},"1200":{"observed":"open","scheduled":"open"},"2030":{"observed":"open","scheduled":"open"},"2200":{"observed":"scheduled_closed","scheduled":"closed"}}},"type":"Feature"},{"geometry":{"coordinates":[-79.40459453,43.706060300000004],"type":"Point"},"id":"parks:1886","properties":{"accessCondition":"unrestricted","accessibility":"unknown","address":"200 Eglinton Ave  W","closureCategory":"none","hours":"Mon Closed; Tue 6:45 a.m. to 9:45 p.m.; Wed 6:45 a.m. to 9:45 p.m.; Thu 6:45 a.m. to 9:45 p.m.; Fri 6:45 a.m. to 9:45 p.m.; Sat 8:30 a.m. to 9 p.m.; Sun 8:30 a.m. to 9 p.m.","id":"parks:1886","name":"North Toronto Memorial Community Centre Washroom","partialService":false,"reachAvailable":true,"schemaVersion":1,"source":"parks","sourceUrl":"https://www.toronto.ca/explore-enjoy/parks-recreation/places-spaces/parks-and-recreation-facilities/location/?id=189","stateByTime":{"0030":{"observed":"scheduled_closed","scheduled":"closed"},"1200":{"observed":"open","scheduled":"open"},"2030":{"observed":"open","scheduled":"open"},"2200":{"observed":"scheduled_closed","scheduled":"closed"}}},"type":"Feature"},{"geometry":{"coordinates":[-79.51333552,43.747779030000004],"type":"Point"},"id":"parks:1892","properties":{"accessCondition":"unrestricted","accessibility":"unknown","address":"350 Grandravine Dr","closureCategory":"none","hours":"Mon Closed; Tue 8 a.m. to 10 p.m.; Wed 8 a.m. to 10 p.m.; Thu 8 a.m. to 10 p.m.; Fri 8 a.m. to 10 p.m.; Sat 8 a.m. to 8 p.m.; Sun 8 a.m. to 8 p.m.","id":"parks:1892","name":"Oakdale Community Centre Washroom","partialService":false,"reachAvailable":true,"schemaVersion":1,"source":"parks","sourceUrl":"https://www.toronto.ca/explore-enjoy/parks-recreation/places-spaces/parks-and-recreation-facilities/location/?id=780","stateByTime":{"0030":{"observed":"scheduled_closed","scheduled":"closed"},"1200":{"observed":"open","scheduled":"open"},"2030":{"observed":"open","scheduled":"open"},"2200":{"observed":"scheduled_closed","scheduled":"closed"}}},"type":"Feature"},{"geometry":{"coordinates":[-79.43144289,43.69127915],"type":"Point"},"id":"parks:1908","properties":{"accessCondition":"unrestricted","accessibility":"unknown","address":"443 Arlington Ave","closureCategory":"temporary","hours":"9 a.m. to 10 p.m.","id":"parks:1908","name":"Phil White Arena Washroom","partialService":false,"reachAvailable":true,"schemaVersion":1,"source":"parks","sourceUrl":"https://www.toronto.ca/explore-enjoy/parks-recreation/places-spaces/parks-and-recreation-facilities/location/?id=629","stateByTime":{"0030":{"observed":"temporary_closed","scheduled":"closed"},"1200":{"observed":"temporary_closed","scheduled":"open"},"2030":{"observed":"temporary_closed","scheduled":"open"},"2200":{"observed":"temporary_closed","scheduled":"closed"}}},"type":"Feature"},{"geometry":{"coordinates":[-79.32263008,43.665887909999995],"type":"Point"},"id":"parks:1943","properties":{"accessCondition":"unrestricted","accessibility":"unknown","address":"56 Woodfield Rd","closureCategory":"none","hours":"Mon Closed; Tue 8 a.m. to 5 p.m.; Wed 8 a.m. to 5 p.m.; Thu 8 a.m. to 5 p.m.; Fri 8 a.m. to 5 p.m.; Sat Closed; Sun Closed","id":"parks:1943","name":"S.H. Armstrong Community Centre Washroom","partialService":false,"reachAvailable":true,"schemaVersion":1,"source":"parks","sourceUrl":"https://www.toronto.ca/explore-enjoy/parks-recreation/places-spaces/parks-and-recreation-facilities/location/?id=267","stateByTime":{"0030":{"observed":"scheduled_closed","scheduled":"closed"},"1200":{"observed":"open","scheduled":"open"},"2030":{"observed":"scheduled_closed","scheduled":"closed"},"2200":{"observed":"scheduled_closed","scheduled":"closed"}}},"type":"Feature"},{"geometry":{"coordinates":[-79.36275387,43.72292259],"type":"Point"},"id":"parks:1981","properties":{"accessCondition":"unrestricted","accessibility":"unknown","address":"1132 Leslie St","closureCategory":"none","hours":"9 a.m. to 10 p.m.","id":"parks:1981","name":"Sunnybrook Park Washroom","partialService":false,"reachAvailable":true,"schemaVersion":1,"source":"parks","sourceUrl":"https://www.toronto.ca/explore-enjoy/parks-recreation/places-spaces/parks-and-recreation-facilities/location/?id=28","stateByTime":{"0030":{"observed":"scheduled_closed","scheduled":"closed"},"1200":{"observed":"open","scheduled":"open"},"2030":{"observed":"open","scheduled":"open"},"2200":{"observed":"scheduled_closed","scheduled":"closed"}}},"type":"Feature"},{"geometry":{"coordinates":[-79.41487796,43.64625046],"type":"Point"},"id":"parks:2006","properties":{"accessCondition":"unrestricted","accessibility":"unknown","address":"155 Crawford St","closureCategory":"none","hours":"Mon Closed; Tue 8 a.m. to 9 p.m.; Wed 8 a.m. to 9 p.m.; Thu 8 a.m. to 9 p.m.; Fri 8 a.m. to 9 p.m.; Sat 9 a.m. to 8 p.m.; Sun 9 a.m. to 8 p.m.","id":"parks:2006","name":"Trinity Community Recreation Centre Washroom","partialService":false,"reachAvailable":true,"schemaVersion":1,"source":"parks","sourceUrl":"https://www.toronto.ca/explore-enjoy/parks-recreation/places-spaces/parks-and-recreation-facilities/location/?id=287","stateByTime":{"0030":{"observed":"scheduled_closed","scheduled":"closed"},"1200":{"observed":"open","scheduled":"open"},"2030":{"observed":"open","scheduled":"open"},"2200":{"observed":"scheduled_closed","scheduled":"closed"}}},"type":"Feature"},{"geometry":{"coordinates":[-79.43931464,43.667336889999994],"type":"Point"},"id":"parks:2013","properties":{"accessCondition":"unrestricted","accessibility":"unknown","address":"1260 Dufferin St","closureCategory":"none","hours":"Mon Closed; Tue 7 a.m. to 9 p.m.; Wed 7 a.m. to 9 p.m.; Thu 7 a.m. to 9 p.m.; Fri 7 a.m. to 9 p.m.; Sat 9 a.m. to 5 p.m.; Sun 9 a.m. to 5 p.m.","id":"parks:2013","name":"Wallace Emerson Community Recreation Centre Washroom","partialService":false,"reachAvailable":true,"schemaVersion":1,"source":"parks","sourceUrl":"https://www.toronto.ca/explore-enjoy/parks-recreation/places-spaces/parks-and-recreation-facilities/location/?id=294","stateByTime":{"0030":{"observed":"scheduled_closed","scheduled":"closed"},"1200":{"observed":"open","scheduled":"open"},"2030":{"observed":"open","scheduled":"open"},"2200":{"observed":"scheduled_closed","scheduled":"closed"}}},"type":"Feature"},{"geometry":{"coordinates":[-79.46564176,43.73254064],"type":"Point"},"id":"parks:2045","properties":{"accessCondition":"unrestricted","accessibility":"unknown","address":"41 Ancaster Rd","closureCategory":"none","hours":"Mon Closed; Tue 9 a.m. to 9 p.m.; Wed 9 a.m. to 9 p.m.; Thu 9 a.m. to 9 p.m.; Fri 9 a.m. to 9 p.m.; Sat 9 a.m. to 5 p.m.; Sun Closed","id":"parks:2045","name":"Ancaster Community Centre Washroom","partialService":false,"reachAvailable":true,"schemaVersion":1,"source":"parks","sourceUrl":"https://www.toronto.ca/explore-enjoy/parks-recreation/places-spaces/parks-and-recreation-facilities/location/?id=487","stateByTime":{"0030":{"observed":"scheduled_closed","scheduled":"closed"},"1200":{"observed":"open","scheduled":"open"},"2030":{"observed":"open","scheduled":"open"},"2200":{"observed":"scheduled_closed","scheduled":"closed"}}},"type":"Feature"},{"geometry":{"coordinates":[-79.26218068,43.69548544],"type":"Point"},"id":"parks:2051","properties":{"accessCondition":"unrestricted","accessibility":"unknown","address":"93 Birchmount Rd","closureCategory":"none","hours":"Mon Closed; Tue 7 a.m. to 9:45 p.m.; Wed 7 a.m. to 9:45 p.m.; Thu 7 a.m. to 9:45 p.m.; Fri 7 a.m. to 9:45 p.m.; Sat 8 a.m. to 8 p.m.; Sun 8 a.m. to 8 p.m.","id":"parks:2051","name":"Birchmount Community Centre Washroom","partialService":false,"reachAvailable":true,"schemaVersion":1,"source":"parks","sourceUrl":"https://www.toronto.ca/explore-enjoy/parks-recreation/places-spaces/parks-and-recreation-facilities/location/?id=507","stateByTime":{"0030":{"observed":"scheduled_closed","scheduled":"closed"},"1200":{"observed":"open","scheduled":"open"},"2030":{"observed":"open","scheduled":"open"},"2200":{"observed":"scheduled_closed","scheduled":"closed"}}},"type":"Feature"},{"geometry":{"coordinates":[-79.42031023999999,43.662390460000005],"type":"Point"},"id":"parks:2052","properties":{"accessCondition":"unrestricted","accessibility":"unknown","address":"485 Montrose Ave","closureCategory":"none","hours":"Mon Closed; Tue 9 a.m. to 4 p.m.; Wed 9 a.m. to 4 p.m.; Thu 9 a.m. to 4 p.m.; Fri 9 a.m. to 4 p.m.; Sat Closed; Sun Closed","id":"parks:2052","name":"Bob Abate Community Recreation Centre Washroom","partialService":false,"reachAvailable":true,"schemaVersion":1,"source":"parks","sourceUrl":"https://www.toronto.ca/explore-enjoy/parks-recreation/places-spaces/parks-and-recreation-facilities/location/?id=30","stateByTime":{"0030":{"observed":"scheduled_closed","scheduled":"closed"},"1200":{"observed":"open","scheduled":"open"},"2030":{"observed":"scheduled_closed","scheduled":"closed"},"2200":{"observed":"scheduled_closed","scheduled":"closed"}}},"type":"Feature"},{"geometry":{"coordinates":[-79.32276037999999,43.74591832],"type":"Point"},"id":"parks:2053","properties":{"accessCondition":"unrestricted","accessibility":"unknown","address":"19 Castlegrove Blvd","closureCategory":"none","hours":"Mon Closed; Tue 8:45 a.m. to 10 p.m.; Wed 8:45 a.m. to 10 p.m.; Thu 8:45 a.m. to 10 p.m.; Fri 8:45 a.m. to 10 p.m.; Sat 9 a.m. to 10 p.m.; Sun 8:45 a.m. to 10 p.m.","id":"parks:2053","name":"Broadlands Community Centre Washroom","partialService":false,"reachAvailable":true,"schemaVersion":1,"source":"parks","sourceUrl":"https://www.toronto.ca/explore-enjoy/parks-recreation/places-spaces/parks-and-recreation-facilities/location/?id=7","stateByTime":{"0030":{"observed":"scheduled_closed","scheduled":"closed"},"1200":{"observed":"open","scheduled":"open"},"2030":{"observed":"open","scheduled":"open"},"2200":{"observed":"scheduled_closed","scheduled":"closed"}}},"type":"Feature"},{"geometry":{"coordinates":[-79.53896172,43.73383934],"type":"Point"},"id":"parks:2054","properties":{"accessCondition":"unrestricted","accessibility":"unknown","address":"3100 Weston Rd","closureCategory":"none","hours":"Mon Closed; Tue 9 a.m. to 9 p.m.; Wed 9 a.m. to 9 p.m.; Thu 9 a.m. to 9 p.m.; Fri 9 a.m. to 9 p.m.; Sat 9 a.m. to 6 p.m.; Sun 9 a.m. to 6 p.m.","id":"parks:2054","name":"Carmine Stefano Community Centre Washroom","partialService":false,"reachAvailable":true,"schemaVersion":1,"source":"parks","sourceUrl":"https://www.toronto.ca/explore-enjoy/parks-recreation/places-spaces/parks-and-recreation-facilities/location/?id=350","stateByTime":{"0030":{"observed":"scheduled_closed","scheduled":"closed"},"1200":{"observed":"open","scheduled":"open"},"2030":{"observed":"open","scheduled":"open"},"2200":{"observed":"scheduled_closed","scheduled":"closed"}}},"type":"Feature"},{"geometry":{"coordinates":[-79.22739548,43.755623910000004],"type":"Point"},"id":"parks:2055","properties":{"accessCondition":"unrestricted","accessibility":"unknown","address":"91 Eastpark Blvd","closureCategory":"none","hours":"Mon Closed; Tue 9 a.m. to 9 p.m.; Wed 9 a.m. to 9 p.m.; Thu 9 a.m. to 9 p.m.; Fri 9 a.m. to 9 p.m.; Sat Closed; Sun Closed","id":"parks:2055","name":"Cedarbrook Community Centre Washroom ","partialService":false,"reachAvailable":true,"schemaVersion":1,"source":"parks","sourceUrl":"https://www.toronto.ca/explore-enjoy/parks-recreation/places-spaces/parks-and-recreation-facilities/location/?id=600","stateByTime":{"0030":{"observed":"scheduled_closed","scheduled":"closed"},"1200":{"observed":"open","scheduled":"open"},"2030":{"observed":"open","scheduled":"open"},"2200":{"observed":"scheduled_closed","scheduled":"closed"}}},"type":"Feature"},{"geometry":{"coordinates":[-79.51988153,43.64861641],"type":"Point"},"id":"parks:2056","properties":{"accessCondition":"unrestricted","accessibility":"unknown","address":"50 Montgomery Rd","closureCategory":"none","hours":"View arena hours","id":"parks:2056","name":"Central Arena Washroom","partialService":false,"reachAvailable":true,"schemaVersion":1,"source":"parks","sourceUrl":"https://www.toronto.ca/explore-enjoy/parks-recreation/places-spaces/parks-and-recreation-facilities/location/?id=824","stateByTime":{"0030":{"observed":"unknown_hours","scheduled":"unknown"},"1200":{"observed":"unknown_hours","scheduled":"unknown"},"2030":{"observed":"unknown_hours","scheduled":"unknown"},"2200":{"observed":"unknown_hours","scheduled":"unknown"}}},"type":"Feature"},{"geometry":{"coordinates":[-79.5115751,43.72396232],"type":"Point"},"id":"parks:2057","properties":{"accessCondition":"unrestricted","accessibility":"unknown","address":"180 Chalkfarm Dr","closureCategory":"none","hours":"Mon Closed; Tue 9 a.m. to 9 p.m.; Wed 9 a.m. to 9 p.m.; Thu 9 a.m. to 9 p.m.; Fri 9 a.m. to 9 p.m.; Sat 9 a.m. to 5 p.m.; Sun Closed","id":"parks:2057","name":"Chalkfarm Community Centre Washroom","partialService":false,"reachAvailable":true,"schemaVersion":1,"source":"parks","sourceUrl":"https://www.toronto.ca/explore-enjoy/parks-recreation/places-spaces/parks-and-recreation-facilities/location/?id=486","stateByTime":{"0030":{"observed":"scheduled_closed","scheduled":"closed"},"1200":{"observed":"open","scheduled":"open"},"2030":{"observed":"open","scheduled":"open"},"2200":{"observed":"scheduled_closed","scheduled":"closed"}}},"type":"Feature"},{"geometry":{"coordinates":[-79.37127356,43.80010145],"type":"Point"},"id":"parks:2060","properties":{"accessCondition":"unrestricted","accessibility":"unknown","address":"6000 Leslie St","closureCategory":"none","hours":"Mon Closed; Tue 7 a.m. to 10 p.m.; Wed 7 a.m. to 10 p.m.; Thu 7 a.m. to 10 p.m.; Fri 7 a.m. to 10 p.m.; Sat 7 a.m. to 8 p.m.; Sun 7 a.m. to 8 p.m.","id":"parks:2060","name":"Cummer Park Community Centre Washroom","partialService":false,"reachAvailable":true,"schemaVersion":1,"source":"parks","sourceUrl":"https://www.toronto.ca/explore-enjoy/parks-recreation/places-spaces/parks-and-recreation-facilities/location/?id=499","stateByTime":{"0030":{"observed":"scheduled_closed","scheduled":"closed"},"1200":{"observed":"open","scheduled":"open"},"2030":{"observed":"open","scheduled":"open"},"2200":{"observed":"scheduled_closed","scheduled":"closed"}}},"type":"Feature"},{"geometry":{"coordinates":[-79.21081046,43.77742831],"type":"Point"},"id":"parks:2061","properties":{"accessCondition":"unrestricted","accessibility":"unknown","address":"277 Orton Park Rd","closureCategory":"none","hours":"Mon Closed; Tue 9 a.m. to 5 p.m.; Wed 9 a.m. to 5 p.m.; Thu 9 a.m. to 5 p.m.; Fri 9 a.m. to 5 p.m.; Sat Closed; Sun Closed","id":"parks:2061","name":"Curran Hall Community Centre Washroom","partialService":false,"reachAvailable":true,"schemaVersion":1,"source":"parks","sourceUrl":"https://www.toronto.ca/explore-enjoy/parks-recreation/places-spaces/parks-and-recreation-facilities/location/?id=782","stateByTime":{"0030":{"observed":"scheduled_closed","scheduled":"closed"},"1200":{"observed":"open","scheduled":"open"},"2030":{"observed":"scheduled_closed","scheduled":"closed"},"2200":{"observed":"scheduled_closed","scheduled":"closed"}}},"type":"Feature"},{"geometry":{"coordinates":[-79.51874362,43.76541995],"type":"Point"},"id":"parks:2064","properties":{"accessCondition":"unrestricted","accessibility":"unknown","address":"4401 Jane St","closureCategory":"none","hours":"Mon Closed; Tue 8 a.m. to 10 p.m.; Wed 8 a.m. to 10 p.m.; Thu 8 a.m. to 10 p.m.; Fri 8 a.m. to 10 p.m.; Sat 8 a.m. to 8 p.m.; Sun 8 a.m. to 8 p.m.","id":"parks:2064","name":"Driftwood Community Recreation Centre Washroom","partialService":false,"reachAvailable":true,"schemaVersion":1,"source":"parks","sourceUrl":"https://www.toronto.ca/explore-enjoy/parks-recreation/places-spaces/parks-and-recreation-facilities/location/?id=575","stateByTime":{"0030":{"observed":"scheduled_closed","scheduled":"closed"},"1200":{"observed":"open","scheduled":"open"},"2030":{"observed":"open","scheduled":"open"},"2200":{"observed":"scheduled_closed","scheduled":"closed"}}},"type":"Feature"},{"geometry":{"coordinates":[-79.42641853,43.77692593],"type":"Point"},"id":"parks:2065","properties":{"accessCondition":"unrestricted","accessibility":"unknown","address":"131 Finch Ave W","closureCategory":"none","hours":"Mon Closed; Tue 7:15 a.m. to 10 p.m.; Wed 7:15 a.m. to 10 p.m.; Thu 7:15 a.m. to 10 p.m.; Fri 7:15 a.m. to 10 p.m.; Sat 8 a.m. to 9 p.m.; Sun 8 a.m. to 9 p.m.","id":"parks:2065","name":"Edithvale Community Centre Washroom","partialService":false,"reachAvailable":true,"schemaVersion":1,"source":"parks","sourceUrl":"https://www.toronto.ca/explore-enjoy/parks-recreation/places-spaces/parks-and-recreation-facilities/location/?id=1463","stateByTime":{"0030":{"observed":"scheduled_closed","scheduled":"closed"},"1200":{"observed":"open","scheduled":"open"},"2030":{"observed":"open","scheduled":"open"},"2200":{"observed":"scheduled_closed","scheduled":"closed"}}},"type":"Feature"},{"geometry":{"coordinates":[-79.51924362,43.639531999999996],"type":"Point"},"id":"parks:2068","properties":{"accessCondition":"unrestricted","accessibility":"unknown","address":"80 Lothian Ave","closureCategory":"none","hours":"Mon Closed; Tue 8 a.m. to 5 p.m.; Wed 8 a.m. to 5 p.m.; Thu 8 a.m. to 5 p.m.; Fri 8 a.m. to 5 p.m.; Sat 9 a.m. to 4 p.m.; Sun Closed","id":"parks:2068","name":"Fairfield Seniors' Centre Washroom","partialService":false,"reachAvailable":true,"schemaVersion":1,"source":"parks","sourceUrl":"https://www.toronto.ca/explore-enjoy/parks-recreation/places-spaces/parks-and-recreation-facilities/location/?id=822","stateByTime":{"0030":{"observed":"scheduled_closed","scheduled":"closed"},"1200":{"observed":"open","scheduled":"open"},"2030":{"observed":"scheduled_closed","scheduled":"closed"},"2200":{"observed":"scheduled_closed","scheduled":"closed"}}},"type":"Feature"},{"geometry":{"coordinates":[-79.50379685,43.71661991],"type":"Point"},"id":"parks:2070","properties":{"accessCondition":"unrestricted","accessibility":"unknown","address":"50 Falstaff Ave","closureCategory":"none","hours":"Mon Closed; Tue 9 a.m. to 9 p.m.; Wed 9 a.m. to 9 p.m.; Thu 9 a.m. to 9 p.m.; Fri 9 a.m. to 9 p.m.; Sat 9 a.m. to 5 p.m.; Sun 9 a.m. to 5 p.m.","id":"parks:2070","name":"Falstaff Community Centre Washroom","partialService":false,"reachAvailable":true,"schemaVersion":1,"source":"parks","sourceUrl":"https://www.toronto.ca/explore-enjoy/parks-recreation/places-spaces/parks-and-recreation-facilities/location/?id=1063","stateByTime":{"0030":{"observed":"scheduled_closed","scheduled":"closed"},"1200":{"observed":"open","scheduled":"open"},"2030":{"observed":"open","scheduled":"open"},"2200":{"observed":"scheduled_closed","scheduled":"closed"}}},"type":"Feature"},{"geometry":{"coordinates":[-79.45586765,43.70877837],"type":"Point"},"id":"parks:2074","properties":{"accessCondition":"unrestricted","accessibility":"unknown","address":"35 Glen Long Ave","closureCategory":"none","hours":"Mon Closed; Tue 8 a.m. to 9 p.m.; Wed 8 a.m. to 9 p.m.; Thu 8 a.m. to 9 p.m.; Fri 8 a.m. to 9 p.m.; Sat 9 a.m. to 9 p.m.; Sun 9 a.m. to 9 p.m.","id":"parks:2074","name":"Glen Long Community Centre Washroom","partialService":false,"reachAvailable":true,"schemaVersion":1,"source":"parks","sourceUrl":"https://www.toronto.ca/explore-enjoy/parks-recreation/places-spaces/parks-and-recreation-facilities/location/?id=638","stateByTime":{"0030":{"observed":"scheduled_closed","scheduled":"closed"},"1200":{"observed":"open","scheduled":"open"},"2030":{"observed":"open","scheduled":"open"},"2200":{"observed":"scheduled_closed","scheduled":"closed"}}},"type":"Feature"},{"geometry":{"coordinates":[-79.42218742,43.79093143],"type":"Point"},"id":"parks:2076","properties":{"accessCondition":"unrestricted","accessibility":"unknown","address":"45 Goulding Ave","closureCategory":"none","hours":"Mon Closed; Tue 8 a.m. to 9 p.m.; Wed 8 a.m. to 9 p.m.; Thu 8 a.m. to 9 p.m.; Fri 8 a.m. to 9 p.m.; Sat 9 a.m. to 8 p.m.; Sun 9 a.m. to 8 p.m.","id":"parks:2076","name":"Goulding Community Centre Washroom","partialService":false,"reachAvailable":true,"schemaVersion":1,"source":"parks","sourceUrl":"https://www.toronto.ca/explore-enjoy/parks-recreation/places-spaces/parks-and-recreation-facilities/location/?id=643","stateByTime":{"0030":{"observed":"scheduled_closed","scheduled":"closed"},"1200":{"observed":"open","scheduled":"open"},"2030":{"observed":"open","scheduled":"open"},"2200":{"observed":"scheduled_closed","scheduled":"closed"}}},"type":"Feature"},{"geometry":{"coordinates":[-79.17725498,43.7688364],"type":"Point"},"id":"parks:2079","properties":{"accessCondition":"unrestricted","accessibility":"unknown","address":"292 Manse Rd","closureCategory":"none","hours":"Mon Closed; Tue 9 a.m. to 10 p.m.; Wed 9 a.m. to 10 p.m.; Thu 9 a.m. to 10 p.m.; Fri 9 a.m. to 10 p.m.; Sat 8 a.m. to 11 p.m.; Sun 8 a.m. to 11 p.m.","id":"parks:2079","name":"Heron Park Community Centre Washroom","partialService":false,"reachAvailable":true,"schemaVersion":1,"source":"parks","sourceUrl":"https://www.toronto.ca/explore-enjoy/parks-recreation/places-spaces/parks-and-recreation-facilities/location/?id=633","stateByTime":{"0030":{"observed":"scheduled_closed","scheduled":"closed"},"1200":{"observed":"open","scheduled":"open"},"2030":{"observed":"open","scheduled":"open"},"2200":{"observed":"scheduled_closed","scheduled":"closed"}}},"type":"Feature"},{"geometry":{"coordinates":[-79.27101245,43.74229861],"type":"Point"},"id":"parks:2081","properties":{"accessCondition":"unrestricted","accessibility":"unknown","address":"929 Kennedy Rd","closureCategory":"none","hours":"9 a.m. to 10 p.m.","id":"parks:2081","name":"Jack Goodlad Community Centre Washroom","partialService":false,"reachAvailable":true,"schemaVersion":1,"source":"parks","sourceUrl":"https://www.toronto.ca/explore-enjoy/parks-recreation/places-spaces/parks-and-recreation-facilities/location/?id=630","stateByTime":{"0030":{"observed":"scheduled_closed","scheduled":"closed"},"1200":{"observed":"open","scheduled":"open"},"2030":{"observed":"open","scheduled":"open"},"2200":{"observed":"scheduled_closed","scheduled":"closed"}}},"type":"Feature"},{"geometry":{"coordinates":[-79.34279749999999,43.703072250000005],"type":"Point"},"id":"parks:2082","properties":{"accessCondition":"unrestricted","accessibility":"unknown","address":"48 Thorncliffe Park Dr","closureCategory":"none","hours":"Mon Closed; Tue 9 a.m. to 9 p.m.; Wed 9 a.m. to 9 p.m.; Thu 9 a.m. to 9 p.m.; Fri 9 a.m. to 9 p.m.; Sat 9 a.m. to 10:30 p.m.; Sun 9 a.m. to 5 p.m.","id":"parks:2082","name":"Jenner Jean-Marie Community Recreation Centre Washroom","partialService":false,"reachAvailable":true,"schemaVersion":1,"source":"parks","sourceUrl":"https://www.toronto.ca/explore-enjoy/parks-recreation/places-spaces/parks-and-recreation-facilities/location/?id=1076","stateByTime":{"0030":{"observed":"scheduled_closed","scheduled":"closed"},"1200":{"observed":"open","scheduled":"open"},"2030":{"observed":"open","scheduled":"open"},"2200":{"observed":"scheduled_closed","scheduled":"closed"}}},"type":"Feature"},{"geometry":{"coordinates":[-79.29978864,43.68717237],"type":"Point"},"id":"parks:2085","properties":{"accessCondition":"unrestricted","accessibility":"unknown","address":"245 Main St","closureCategory":"none","hours":"Mon Closed; Tue 6:30 a.m. to 9:30 p.m.; Wed 6:30 a.m. to 9:30 p.m.; Thu 6:30 a.m. to 9:30 p.m.; Fri 6:30 a.m. to 9:30 p.m.; Sat 6:30 a.m. to 5 p.m.; Sun 8:30 a.m. to 5 p.m.","id":"parks:2085","name":"Main Square Community Centre Washroom","partialService":false,"reachAvailable":true,"schemaVersion":1,"source":"parks","sourceUrl":"https://www.toronto.ca/explore-enjoy/parks-recreation/places-spaces/parks-and-recreation-facilities/location/?id=85","stateByTime":{"0030":{"observed":"scheduled_closed","scheduled":"closed"},"1200":{"observed":"open","scheduled":"open"},"2030":{"observed":"open","scheduled":"open"},"2200":{"observed":"scheduled_closed","scheduled":"closed"}}},"type":"Feature"},{"geometry":{"coordinates":[-79.43186017,43.75256345],"type":"Point"},"id":"parks:2091","properties":{"accessCondition":"unrestricted","accessibility":"accessible","address":"4169 Bathurst St","closureCategory":"none","hours":"9 a.m. to 10 p.m.","id":"parks:2091","name":"Earl Bales Ski and Snowboard Centre Washroom","partialService":false,"reachAvailable":true,"schemaVersion":1,"source":"parks","sourceUrl":"https://www.toronto.ca/explore-enjoy/parks-recreation/places-spaces/parks-and-recreation-facilities/location/?id=2766","stateByTime":{"0030":{"observed":"scheduled_closed","scheduled":"closed"},"1200":{"observed":"open","scheduled":"open"},"2030":{"observed":"open","scheduled":"open"},"2200":{"observed":"scheduled_closed","scheduled":"closed"}}},"type":"Feature"},{"geometry":{"coordinates":[-79.30180005,43.71765951],"type":"Point"},"id":"parks:2092","properties":{"accessCondition":"unrestricted","accessibility":"unknown","address":"1386 Victoria Park Ave","closureCategory":"none","hours":"Mon Closed; Tue 9 a.m. to 9 p.m.; Wed 9 a.m. to 9 p.m.; Thu 9 a.m. to 9 p.m.; Fri 9 a.m. to 9 p.m.; Sat 9 a.m. to 8 p.m.; Sun 9 a.m. to 5 p.m.","id":"parks:2092","name":"O'Connor Community Centre Washroom","partialService":false,"reachAvailable":true,"schemaVersion":1,"source":"parks","sourceUrl":"https://www.toronto.ca/explore-enjoy/parks-recreation/places-spaces/parks-and-recreation-facilities/location/?id=1093","stateByTime":{"0030":{"observed":"scheduled_closed","scheduled":"closed"},"1200":{"observed":"open","scheduled":"open"},"2030":{"observed":"open","scheduled":"open"},"2200":{"observed":"scheduled_closed","scheduled":"closed"}}},"type":"Feature"},{"geometry":{"coordinates":[-79.35140957,43.78176087],"type":"Point"},"id":"parks:2095","properties":{"accessCondition":"unrestricted","accessibility":"unknown","address":"2975 Don Mills Rd  W","closureCategory":"none","hours":"Mon Closed; Tue 9 a.m. to 9 p.m.; Wed 9 a.m. to 9 p.m.; Thu 9 a.m. to 9 p.m.; Fri 9 a.m. to 9 p.m.; Sat 9 a.m. to 9 p.m.; Sun 9 a.m. to 9 p.m.","id":"parks:2095","name":"Oriole Community Centre Washroom","partialService":false,"reachAvailable":true,"schemaVersion":1,"source":"parks","sourceUrl":"https://www.toronto.ca/explore-enjoy/parks-recreation/places-spaces/parks-and-recreation-facilities/location/?id=714","stateByTime":{"0030":{"observed":"scheduled_closed","scheduled":"closed"},"1200":{"observed":"open","scheduled":"open"},"2030":{"observed":"open","scheduled":"open"},"2200":{"observed":"scheduled_closed","scheduled":"closed"}}},"type":"Feature"},{"geometry":{"coordinates":[-79.33683115,43.78699369],"type":"Point"},"id":"parks:2097","properties":{"accessCondition":"unrestricted","accessibility":"unknown","address":"545 Van Horne Ave","closureCategory":"none","hours":"Mon Closed; Tue 7:30 a.m. to 9 p.m.; Wed 7:30 a.m. to 9 p.m.; Thu 7:30 a.m. to 9 p.m.; Fri 7:30 a.m. to 9 p.m.; Sat 7:30 a.m. to 9 p.m.; Sun 7:30 a.m. to 9 p.m.","id":"parks:2097","name":"Pleasantview Community Centre Washroom","partialService":false,"reachAvailable":true,"schemaVersion":1,"source":"parks","sourceUrl":"https://www.toronto.ca/explore-enjoy/parks-recreation/places-spaces/parks-and-recreation-facilities/location/?id=732","stateByTime":{"0030":{"observed":"scheduled_closed","scheduled":"closed"},"1200":{"observed":"open","scheduled":"open"},"2030":{"observed":"open","scheduled":"open"},"2200":{"observed":"scheduled_closed","scheduled":"closed"}}},"type":"Feature"},{"geometry":{"coordinates":[-79.49256274000001,43.729188660000005],"type":"Point"},"id":"parks:2099","properties":{"accessCondition":"unrestricted","accessibility":"unknown","address":"600 Roding St.","closureCategory":"none","hours":"Mon Closed; Tue 8 a.m. to 9 p.m.; Wed 8 a.m. to 9 p.m.; Thu 8 a.m. to 9 p.m.; Fri 8 a.m. to 9 p.m.; Sat 9 a.m. to 9 p.m.; Sun 9 a.m. to 9 p.m.","id":"parks:2099","name":"Roding Community Centre Washroom","partialService":false,"reachAvailable":true,"schemaVersion":1,"source":"parks","sourceUrl":"https://www.toronto.ca/explore-enjoy/parks-recreation/places-spaces/parks-and-recreation-facilities/location/?id=744","stateByTime":{"0030":{"observed":"scheduled_closed","scheduled":"closed"},"1200":{"observed":"open","scheduled":"open"},"2030":{"observed":"open","scheduled":"open"},"2200":{"observed":"scheduled_closed","scheduled":"closed"}}},"type":"Feature"},{"geometry":{"coordinates":[-79.36494802,43.649759120000006],"type":"Point"},"id":"parks:2103","properties":{"accessCondition":"unrestricted","accessibility":"unknown","address":"230 The Esplanade","closureCategory":"none","hours":"Mon Closed; Tue 6:15 a.m. to 9 p.m.; Wed 6:15 a.m. to 9 p.m.; Thu 6:15 a.m. to 9 p.m.; Fri 6:15 a.m. to 9 p.m.; Sat 8:30 a.m. to 8 p.m.; Sun 8:30 a.m. to 8 p.m.","id":"parks:2103","name":"St. Lawrence Community Recreation Centre Washroom","partialService":false,"reachAvailable":true,"schemaVersion":1,"source":"parks","sourceUrl":"https://www.toronto.ca/explore-enjoy/parks-recreation/places-spaces/parks-and-recreation-facilities/location/?id=272","stateByTime":{"0030":{"observed":"scheduled_closed","scheduled":"closed"},"1200":{"observed":"open","scheduled":"open"},"2030":{"observed":"open","scheduled":"open"},"2200":{"observed":"scheduled_closed","scheduled":"closed"}}},"type":"Feature"},{"geometry":{"coordinates":[-79.31504027,43.698363390000004],"type":"Point"},"id":"parks:2104","properties":{"accessCondition":"unrestricted","accessibility":"unknown","address":"888 Cosburn Ave","closureCategory":"none","hours":"9 a.m. to 10 p.m.","id":"parks:2104","name":"Stan Wadlow Park Washroom","partialService":false,"reachAvailable":true,"schemaVersion":1,"source":"parks","sourceUrl":"https://www.toronto.ca/explore-enjoy/parks-recreation/places-spaces/parks-and-recreation-facilities/location/?id=421","stateByTime":{"0030":{"observed":"scheduled_closed","scheduled":"closed"},"1200":{"observed":"open","scheduled":"open"},"2030":{"observed":"open","scheduled":"open"},"2200":{"observed":"scheduled_closed","scheduled":"closed"}}},"type":"Feature"},{"geometry":{"coordinates":[-79.30261087,43.786597799999996],"type":"Point"},"id":"parks:2105","properties":{"accessCondition":"unrestricted","accessibility":"unknown","address":"2500 Birchmount Rd","closureCategory":"none","hours":"Mon Closed; Tue 8 a.m. to 10:30 p.m.; Wed 8 a.m. to 10:30 p.m.; Thu 8 a.m. to 10:30 p.m.; Fri 8 a.m. to 10:30 p.m.; Sat 8 a.m. to 10:30 p.m.; Sun 8 a.m. to 10:30 p.m.","id":"parks:2105","name":"Stephen Leacock Community Recreation Centre Washroom","partialService":false,"reachAvailable":true,"schemaVersion":1,"source":"parks","sourceUrl":"https://www.toronto.ca/explore-enjoy/parks-recreation/places-spaces/parks-and-recreation-facilities/location/?id=1105","stateByTime":{"0030":{"observed":"scheduled_closed","scheduled":"closed"},"1200":{"observed":"open","scheduled":"open"},"2030":{"observed":"open","scheduled":"open"},"2200":{"observed":"open","scheduled":"open"}}},"type":"Feature"},{"geometry":{"coordinates":[-79.5624017,43.735389930000004],"type":"Point"},"id":"parks:2106","properties":{"accessCondition":"unrestricted","accessibility":"unknown","address":"925 Albion Rd","closureCategory":"none","hours":"Mon Closed; Tue 9 a.m. to 9 p.m.; Wed 9 a.m. to 9 p.m.; Thu 9 a.m. to 9 p.m.; Fri 9 a.m. to 9 p.m.; Sat 9 a.m. to 9 p.m.; Sun 9 a.m. to 9 p.m.","id":"parks:2106","name":"Thistledown Communty Centre Washroom","partialService":false,"reachAvailable":true,"schemaVersion":1,"source":"parks","sourceUrl":"https://www.toronto.ca/explore-enjoy/parks-recreation/places-spaces/parks-and-recreation-facilities/location/?id=354","stateByTime":{"0030":{"observed":"scheduled_closed","scheduled":"closed"},"1200":{"observed":"open","scheduled":"open"},"2030":{"observed":"open","scheduled":"open"},"2200":{"observed":"scheduled_closed","scheduled":"closed"}}},"type":"Feature"},{"geometry":{"coordinates":[-79.57192209,43.725714780000004],"type":"Point"},"id":"parks:2108","properties":{"accessCondition":"unrestricted","accessibility":"unknown","address":"65 Hinton Rd","closureCategory":"none","hours":"Mon Closed; Tue 8:30 a.m. - 4 p.m. & 6:30 p.m. - 9 p.m.; Wed 8:30 a.m. to 4 p.m.; Thu 8:30 a.m. to 4 p.m.; Fri 8:30 a.m. to 4 p.m.; Sat Closed; Sun Closed","id":"parks:2108","name":"West Acres Seniors Centre Washroom","partialService":false,"reachAvailable":true,"schemaVersion":1,"source":"parks","sourceUrl":"https://www.toronto.ca/explore-enjoy/parks-recreation/places-spaces/parks-and-recreation-facilities/location/?id=396","stateByTime":{"0030":{"observed":"scheduled_closed","scheduled":"closed"},"1200":{"observed":"open","scheduled":"open"},"2030":{"observed":"open","scheduled":"open"},"2200":{"observed":"scheduled_closed","scheduled":"closed"}}},"type":"Feature"},{"geometry":{"coordinates":[-79.12515474,43.79211318],"type":"Point"},"id":"parks:2109","properties":{"accessCondition":"unrestricted","accessibility":"unknown","address":"270 Rouge Hills Dr","closureCategory":"none","hours":"Mon Closed; Tue 9 a.m. to 9 p.m.; Wed 9 a.m. to 9 p.m.; Thu 9 a.m. to 9 p.m.; Fri 9 a.m. to 9 p.m.; Sat 9 a.m. to 5 p.m.; Sun Closed","id":"parks:2109","name":"West Rouge Community Centre Washroom","partialService":false,"reachAvailable":true,"schemaVersion":1,"source":"parks","sourceUrl":"https://www.toronto.ca/explore-enjoy/parks-recreation/places-spaces/parks-and-recreation-facilities/location/?id=584","stateByTime":{"0030":{"observed":"scheduled_closed","scheduled":"closed"},"1200":{"observed":"open","scheduled":"open"},"2030":{"observed":"open","scheduled":"open"},"2200":{"observed":"scheduled_closed","scheduled":"closed"}}},"type":"Feature"},{"geometry":{"coordinates":[-79.3838047,43.65965058],"type":"Point"},"id":"parks:215","properties":{"accessCondition":"unrestricted","accessibility":"unknown","address":"420 Yonge St","closureCategory":"temporary","hours":"View outdoor rink hours","id":"parks:215","name":"Barbara Ann Scott Outdoor Rink Washroom","partialService":false,"reachAvailable":true,"schemaVersion":1,"source":"parks","sourceUrl":"https://www.toronto.ca/explore-enjoy/parks-recreation/places-spaces/parks-and-recreation-facilities/location/?id=223","stateByTime":{"0030":{"observed":"temporary_closed","scheduled":"unknown"},"1200":{"observed":"temporary_closed","scheduled":"unknown"},"2030":{"observed":"temporary_closed","scheduled":"unknown"},"2200":{"observed":"temporary_closed","scheduled":"unknown"}}},"type":"Feature"},{"geometry":{"coordinates":[-79.33179472,43.71787577],"type":"Point"},"id":"parks:273","properties":{"accessCondition":"unrestricted","accessibility":"unknown","address":"29 St Dennis Dr","closureCategory":"none","hours":"Mon Closed; Tue 7:15 a.m. to 10 p.m.; Wed 7:15 a.m. to 10 p.m.; Thu 7:15 a.m. to 10 p.m.; Fri 7:15 a.m. to 10 p.m.; Sat 8 a.m. to 10 p.m.; Sun 8 a.m. to 10 p.m.","id":"parks:273","name":"Dennis R. Timbrell Resource Centre Washroom","partialService":false,"reachAvailable":true,"schemaVersion":1,"source":"parks","sourceUrl":"https://www.toronto.ca/explore-enjoy/parks-recreation/places-spaces/parks-and-recreation-facilities/location/?id=1056","stateByTime":{"0030":{"observed":"scheduled_closed","scheduled":"closed"},"1200":{"observed":"open","scheduled":"open"},"2030":{"observed":"open","scheduled":"open"},"2200":{"observed":"scheduled_closed","scheduled":"closed"}}},"type":"Feature"},{"geometry":{"coordinates":[-79.26169957,43.73262903],"type":"Point"},"id":"parks:281","properties":{"accessCondition":"unrestricted","accessibility":"unknown","address":"2467 Eglinton Ave  E","closureCategory":"none","hours":"Mon Closed; Tue 8 a.m. to 11 p.m.; Wed 8 a.m. to 11 p.m.; Thu 8 a.m. to 11 p.m.; Fri 8 a.m. to 11 p.m.; Sat 7 a.m. to 11 p.m.; Sun 7 a.m. to 11 p.m.","id":"parks:281","name":"Don Montgomery Community Centre Washroom","partialService":false,"reachAvailable":true,"schemaVersion":1,"source":"parks","sourceUrl":"https://www.toronto.ca/explore-enjoy/parks-recreation/places-spaces/parks-and-recreation-facilities/location/?id=712","stateByTime":{"0030":{"observed":"scheduled_closed","scheduled":"closed"},"1200":{"observed":"open","scheduled":"open"},"2030":{"observed":"open","scheduled":"open"},"2200":{"observed":"open","scheduled":"open"}}},"type":"Feature"},{"geometry":{"coordinates":[-79.40455591999999,43.6513412],"type":"Point"},"id":"parks:28882","properties":{"accessCondition":"unrestricted","accessibility":"accessible","address":"275 Bathurst St","closureCategory":"temporary","hours":"View outdoor rink hours","id":"parks:28882","name":"Harry R. Gairey Outdoor Rink Washroom","partialService":false,"reachAvailable":true,"schemaVersion":1,"source":"parks","sourceUrl":"https://www.toronto.ca/explore-enjoy/parks-recreation/places-spaces/parks-and-recreation-facilities/location/?id=31","stateByTime":{"0030":{"observed":"temporary_closed","scheduled":"unknown"},"1200":{"observed":"temporary_closed","scheduled":"unknown"},"2030":{"observed":"temporary_closed","scheduled":"unknown"},"2200":{"observed":"temporary_closed","scheduled":"unknown"}}},"type":"Feature"},{"geometry":{"coordinates":[-79.44851598999999,43.66293404],"type":"Point"},"id":"parks:28885","properties":{"accessCondition":"unrestricted","accessibility":"unknown","address":"225 Campbell Ave","closureCategory":"none","hours":"9 a.m. to 10 p.m.","id":"parks:28885","name":"Campbell Avenue Park Outdoor Rink Washroom","partialService":false,"reachAvailable":true,"schemaVersion":1,"source":"parks","sourceUrl":"https://www.toronto.ca/explore-enjoy/parks-recreation/places-spaces/parks-and-recreation-facilities/location/?id=1053","stateByTime":{"0030":{"observed":"scheduled_closed","scheduled":"closed"},"1200":{"observed":"open","scheduled":"open"},"2030":{"observed":"open","scheduled":"open"},"2200":{"observed":"scheduled_closed","scheduled":"closed"}}},"type":"Feature"},{"geometry":{"coordinates":[-79.42236977,43.66514161],"type":"Point"},"id":"parks:28886","properties":{"accessCondition":"unrestricted","accessibility":"unknown","address":"750 Bloor St  W","closureCategory":"seasonal","hours":"View outdoor rink hours","id":"parks:28886","name":"Christie Pits Park Sid Smith Outdoor Rink Washroom","partialService":false,"reachAvailable":true,"schemaVersion":1,"source":"parks","sourceUrl":"https://www.toronto.ca/explore-enjoy/parks-recreation/places-spaces/parks-and-recreation-facilities/location/?id=196","stateByTime":{"0030":{"observed":"seasonal_closed","scheduled":"unknown"},"1200":{"observed":"seasonal_closed","scheduled":"unknown"},"2030":{"observed":"seasonal_closed","scheduled":"unknown"},"2200":{"observed":"seasonal_closed","scheduled":"unknown"}}},"type":"Feature"},{"geometry":{"coordinates":[-79.33606541,43.69209505],"type":"Point"},"id":"parks:28887","properties":{"accessCondition":"unrestricted","accessibility":"unknown","address":"455 Cosburn Ave","closureCategory":"seasonal","hours":"View outdoor rink hours","id":"parks:28887","name":"Dieppe Park Outdoor Rink Washroom","partialService":false,"reachAvailable":true,"schemaVersion":1,"source":"parks","sourceUrl":"https://www.toronto.ca/explore-enjoy/parks-recreation/places-spaces/parks-and-recreation-facilities/location/?id=327","stateByTime":{"0030":{"observed":"seasonal_closed","scheduled":"unknown"},"1200":{"observed":"seasonal_closed","scheduled":"unknown"},"2030":{"observed":"seasonal_closed","scheduled":"unknown"},"2200":{"observed":"seasonal_closed","scheduled":"unknown"}}},"type":"Feature"},{"geometry":{"coordinates":[-79.43358384999999,43.657023259999995],"type":"Point"},"id":"parks:28888","properties":{"accessCondition":"unrestricted","accessibility":"unknown","address":"875 Dufferin St","closureCategory":"none","hours":"View outdoor rink hours","id":"parks:28888","name":"Dufferin Grove Park Outdoor Rink Washroom","partialService":false,"reachAvailable":true,"schemaVersion":1,"source":"parks","sourceUrl":"https://www.toronto.ca/explore-enjoy/parks-recreation/places-spaces/parks-and-recreation-facilities/location/?id=87","stateByTime":{"0030":{"observed":"unknown_hours","scheduled":"unknown"},"1200":{"observed":"unknown_hours","scheduled":"unknown"},"2030":{"observed":"unknown_hours","scheduled":"unknown"},"2200":{"observed":"unknown_hours","scheduled":"unknown"}}},"type":"Feature"},{"geometry":{"coordinates":[-79.38600396,43.7014217],"type":"Point"},"id":"parks:28890","properties":{"accessCondition":"unrestricted","accessibility":"unknown","address":"276 Davisville Ave","closureCategory":"seasonal","hours":"View outdoor rink hours","id":"parks:28890","name":"Hodgson Public School Grounds Outdoor Rink Washroom","partialService":false,"reachAvailable":true,"schemaVersion":1,"source":"parks","sourceUrl":"https://www.toronto.ca/explore-enjoy/parks-recreation/places-spaces/parks-and-recreation-facilities/location/?id=1220","stateByTime":{"0030":{"observed":"seasonal_closed","scheduled":"unknown"},"1200":{"observed":"seasonal_closed","scheduled":"unknown"},"2030":{"observed":"seasonal_closed","scheduled":"unknown"},"2200":{"observed":"seasonal_closed","scheduled":"unknown"}}},"type":"Feature"},{"geometry":{"coordinates":[-79.52491635,43.66419045],"type":"Point"},"id":"parks:28891","properties":{"accessCondition":"unrestricted","accessibility":"unknown","address":"50 Anglesey Blvd","closureCategory":"seasonal","hours":"View outdoor rink hours","id":"parks:28891","name":"Humber Valley Outdoor Rink Washroom","partialService":false,"reachAvailable":true,"schemaVersion":1,"source":"parks","sourceUrl":"https://www.toronto.ca/explore-enjoy/parks-recreation/places-spaces/parks-and-recreation-facilities/location/?id=816","stateByTime":{"0030":{"observed":"seasonal_closed","scheduled":"unknown"},"1200":{"observed":"seasonal_closed","scheduled":"unknown"},"2030":{"observed":"seasonal_closed","scheduled":"unknown"},"2200":{"observed":"seasonal_closed","scheduled":"unknown"}}},"type":"Feature"},{"geometry":{"coordinates":[-79.55902437,43.66358211],"type":"Point"},"id":"parks:28893","properties":{"accessCondition":"unrestricted","accessibility":"unknown","address":"19 Sedgebrook Cres","closureCategory":"seasonal","hours":"View outdoor rink hours","id":"parks:28893","name":"West Deane Park Outdoor Rink Washroom","partialService":false,"reachAvailable":true,"schemaVersion":1,"source":"parks","sourceUrl":"https://www.toronto.ca/explore-enjoy/parks-recreation/places-spaces/parks-and-recreation-facilities/location/?id=873","stateByTime":{"0030":{"observed":"seasonal_closed","scheduled":"unknown"},"1200":{"observed":"seasonal_closed","scheduled":"unknown"},"2030":{"observed":"seasonal_closed","scheduled":"unknown"},"2200":{"observed":"seasonal_closed","scheduled":"unknown"}}},"type":"Feature"},{"geometry":{"coordinates":[-79.49926631,43.59878863],"type":"Point"},"id":"parks:28894","properties":{"accessCondition":"unrestricted","accessibility":"unknown","address":"1 Third St","closureCategory":"seasonal","hours":"View outdoor rink hours","id":"parks:28894","name":"Prince of Wales Outdoor Rink Washroom","partialService":false,"reachAvailable":true,"schemaVersion":1,"source":"parks","sourceUrl":"https://www.toronto.ca/explore-enjoy/parks-recreation/places-spaces/parks-and-recreation-facilities/location/?id=819","stateByTime":{"0030":{"observed":"seasonal_closed","scheduled":"unknown"},"1200":{"observed":"seasonal_closed","scheduled":"unknown"},"2030":{"observed":"seasonal_closed","scheduled":"unknown"},"2200":{"observed":"seasonal_closed","scheduled":"unknown"}}},"type":"Feature"},{"geometry":{"coordinates":[-79.39223623000001,43.67618904],"type":"Point"},"id":"parks:28895","properties":{"accessCondition":"unrestricted","accessibility":"unknown","address":"1020 Yonge St","closureCategory":"none","hours":"9 a.m. to 10 p.m.","id":"parks:28895","name":"Ramsden Park Outdoor Rink Washroom","partialService":false,"reachAvailable":true,"schemaVersion":1,"source":"parks","sourceUrl":"https://www.toronto.ca/explore-enjoy/parks-recreation/places-spaces/parks-and-recreation-facilities/location/?id=167","stateByTime":{"0030":{"observed":"scheduled_closed","scheduled":"closed"},"1200":{"observed":"open","scheduled":"open"},"2030":{"observed":"open","scheduled":"open"},"2200":{"observed":"scheduled_closed","scheduled":"closed"}}},"type":"Feature"},{"geometry":{"coordinates":[-79.35945084,43.65866908],"type":"Point"},"id":"parks:28897","properties":{"accessCondition":"unrestricted","accessibility":"unknown","address":"480 Shuter St","closureCategory":"none","hours":"View outdoor rink hours","id":"parks:28897","name":"Regent Park Athletic Grounds Outdoor Rink Washroom","partialService":false,"reachAvailable":true,"schemaVersion":1,"source":"parks","sourceUrl":"https://www.toronto.ca/explore-enjoy/parks-recreation/places-spaces/parks-and-recreation-facilities/location/?id=419","stateByTime":{"0030":{"observed":"unknown_hours","scheduled":"unknown"},"1200":{"observed":"unknown_hours","scheduled":"unknown"},"2030":{"observed":"unknown_hours","scheduled":"unknown"},"2200":{"observed":"unknown_hours","scheduled":"unknown"}}},"type":"Feature"},{"geometry":{"coordinates":[-79.37921192,43.6832752],"type":"Point"},"id":"parks:28899","properties":{"accessCondition":"unrestricted","accessibility":"unknown","address":"20 Scholfield Ave","closureCategory":"none","hours":"View outdoor rink hours","id":"parks:28899","name":"Rosedale Park Washroom","partialService":false,"reachAvailable":true,"schemaVersion":1,"source":"parks","sourceUrl":"https://www.toronto.ca/explore-enjoy/parks-recreation/places-spaces/parks-and-recreation-facilities/location/?id=210","stateByTime":{"0030":{"observed":"unknown_hours","scheduled":"unknown"},"1200":{"observed":"unknown_hours","scheduled":"unknown"},"2030":{"observed":"unknown_hours","scheduled":"unknown"},"2200":{"observed":"unknown_hours","scheduled":"unknown"}}},"type":"Feature"},{"geometry":{"coordinates":[-79.60473601999999,43.75271214],"type":"Point"},"id":"parks:28900","properties":{"accessCondition":"unrestricted","accessibility":"unknown","address":"50 Cabernet Cir","closureCategory":"temporary","hours":"View outdoor rink hours","id":"parks:28900","name":"Royal Crest Park Outdoor Rink Washroom","partialService":false,"reachAvailable":true,"schemaVersion":1,"source":"parks","sourceUrl":"https://www.toronto.ca/explore-enjoy/parks-recreation/places-spaces/parks-and-recreation-facilities/location/?id=805","stateByTime":{"0030":{"observed":"temporary_closed","scheduled":"unknown"},"1200":{"observed":"temporary_closed","scheduled":"unknown"},"2030":{"observed":"temporary_closed","scheduled":"unknown"},"2200":{"observed":"temporary_closed","scheduled":"unknown"}}},"type":"Feature"},{"geometry":{"coordinates":[-79.36452571000001,43.64455126],"type":"Point"},"id":"parks:28901","properties":{"accessCondition":"unrestricted","accessibility":"unknown","address":"5 Lower Sherbourne St","closureCategory":"none","hours":"9 a.m. to 10 p.m.","id":"parks:28901","name":"Sherbourne Common Outdoor Rink Washroom","partialService":false,"reachAvailable":true,"schemaVersion":1,"source":"parks","sourceUrl":"https://www.toronto.ca/explore-enjoy/parks-recreation/places-spaces/parks-and-recreation-facilities/location/?id=1860","stateByTime":{"0030":{"observed":"scheduled_closed","scheduled":"closed"},"1200":{"observed":"open","scheduled":"open"},"2030":{"observed":"open","scheduled":"open"},"2200":{"observed":"scheduled_closed","scheduled":"closed"}}},"type":"Feature"},{"geometry":{"coordinates":[-79.54745953,43.6024034],"type":"Point"},"id":"parks:28902","properties":{"accessCondition":"unrestricted","accessibility":"unknown","address":"55 Eltham Dr","closureCategory":"seasonal","hours":"View outdoor rink hours","id":"parks:28902","name":"Sir Adam Beck Park Outdoor Rink Washroom","partialService":false,"reachAvailable":true,"schemaVersion":1,"source":"parks","sourceUrl":"https://www.toronto.ca/explore-enjoy/parks-recreation/places-spaces/parks-and-recreation-facilities/location/?id=814","stateByTime":{"0030":{"observed":"seasonal_closed","scheduled":"unknown"},"1200":{"observed":"seasonal_closed","scheduled":"unknown"},"2030":{"observed":"seasonal_closed","scheduled":"unknown"},"2200":{"observed":"seasonal_closed","scheduled":"unknown"}}},"type":"Feature"},{"geometry":{"coordinates":[-79.57792068,43.724459350000004],"type":"Point"},"id":"parks:28904","properties":{"accessCondition":"unrestricted","accessibility":"unknown","address":"50 Amoro Dr","closureCategory":"seasonal","hours":"View outdoor rink hours","id":"parks:28904","name":"Sunnydale Acres Park Outdoor Rink Washroom","partialService":false,"reachAvailable":true,"schemaVersion":1,"source":"parks","sourceUrl":"https://www.toronto.ca/explore-enjoy/parks-recreation/places-spaces/parks-and-recreation-facilities/location/?id=809","stateByTime":{"0030":{"observed":"seasonal_closed","scheduled":"unknown"},"1200":{"observed":"seasonal_closed","scheduled":"unknown"},"2030":{"observed":"seasonal_closed","scheduled":"unknown"},"2200":{"observed":"seasonal_closed","scheduled":"unknown"}}},"type":"Feature"},{"geometry":{"coordinates":[-79.5475486,43.64453464],"type":"Point"},"id":"parks:28907","properties":{"accessCondition":"unrestricted","accessibility":"unknown","address":"15 Swan Ave","closureCategory":"seasonal","hours":"View outdoor rink hours","id":"parks:28907","name":"Wedgewood Park Outdoor Rink Washroom","partialService":false,"reachAvailable":true,"schemaVersion":1,"source":"parks","sourceUrl":"https://www.toronto.ca/explore-enjoy/parks-recreation/places-spaces/parks-and-recreation-facilities/location/?id=773","stateByTime":{"0030":{"observed":"seasonal_closed","scheduled":"unknown"},"1200":{"observed":"seasonal_closed","scheduled":"unknown"},"2030":{"observed":"seasonal_closed","scheduled":"unknown"},"2200":{"observed":"seasonal_closed","scheduled":"unknown"}}},"type":"Feature"},{"geometry":{"coordinates":[-79.56626931,43.64152999],"type":"Point"},"id":"parks:28908","properties":{"accessCondition":"unrestricted","accessibility":"unknown","address":"370 The West Mall","closureCategory":"none","hours":"View outdoor rink hours","id":"parks:28908","name":"West Mall Outdoor Rink Washroom","partialService":false,"reachAvailable":true,"schemaVersion":1,"source":"parks","sourceUrl":"https://www.toronto.ca/explore-enjoy/parks-recreation/places-spaces/parks-and-recreation-facilities/location/?id=808","stateByTime":{"0030":{"observed":"unknown_hours","scheduled":"unknown"},"1200":{"observed":"unknown_hours","scheduled":"unknown"},"2030":{"observed":"unknown_hours","scheduled":"unknown"},"2200":{"observed":"unknown_hours","scheduled":"unknown"}}},"type":"Feature"},{"geometry":{"coordinates":[-79.54213303,43.688453200000005],"type":"Point"},"id":"parks:28910","properties":{"accessCondition":"unrestricted","accessibility":"unknown","address":"175 The Westway","closureCategory":"none","hours":"View outdoor rink hours","id":"parks:28910","name":"Westway Outdoor Rink Washroom","partialService":false,"reachAvailable":true,"schemaVersion":1,"source":"parks","sourceUrl":"https://www.toronto.ca/explore-enjoy/parks-recreation/places-spaces/parks-and-recreation-facilities/location/?id=804","stateByTime":{"0030":{"observed":"unknown_hours","scheduled":"unknown"},"1200":{"observed":"unknown_hours","scheduled":"unknown"},"2030":{"observed":"unknown_hours","scheduled":"unknown"},"2200":{"observed":"unknown_hours","scheduled":"unknown"}}},"type":"Feature"},{"geometry":{"coordinates":[-79.1468689,43.792179319999995],"type":"Point"},"id":"parks:29265","properties":{"accessCondition":"unrestricted","accessibility":"unknown","address":"2 Rozell Rd","closureCategory":"none","hours":"9 a.m. to 10 p.m.","id":"parks:29265","name":"Adams Park West Fieldhouse Washroom","partialService":false,"reachAvailable":true,"schemaVersion":1,"source":"parks","sourceUrl":"https://www.toronto.ca/explore-enjoy/parks-recreation/places-spaces/parks-and-recreation-facilities/location/?id=522","stateByTime":{"0030":{"observed":"scheduled_closed","scheduled":"closed"},"1200":{"observed":"open","scheduled":"open"},"2030":{"observed":"open","scheduled":"open"},"2200":{"observed":"scheduled_closed","scheduled":"closed"}}},"type":"Feature"},{"geometry":{"coordinates":[-79.29453191,43.729640759999995],"type":"Point"},"id":"parks:29276","properties":{"accessCondition":"unrestricted","accessibility":"accessible","address":"21 Ashtonbee Rd","closureCategory":"temporary","hours":"9 a.m. to 10 p.m.","id":"parks:29276","name":"Ashtonbee Reservoir Park Washroom","partialService":true,"reachAvailable":true,"schemaVersion":1,"source":"parks","sourceUrl":"https://www.toronto.ca/explore-enjoy/parks-recreation/places-spaces/parks-and-recreation-facilities/location/?id=202","stateByTime":{"0030":{"observed":"scheduled_closed","scheduled":"closed"},"1200":{"observed":"open","scheduled":"open"},"2030":{"observed":"open","scheduled":"open"},"2200":{"observed":"scheduled_closed","scheduled":"closed"}}},"type":"Feature"},{"geometry":{"coordinates":[-79.46254137000001,43.66223126],"type":"Point"},"id":"parks:29277","properties":{"accessCondition":"unrestricted","accessibility":"accessible","address":"275 Keele St","closureCategory":"none","hours":"9 a.m. to 10 p.m.","id":"parks:29277","name":"Baird Park Washroom","partialService":false,"reachAvailable":true,"schemaVersion":1,"source":"parks","sourceUrl":"https://www.toronto.ca/explore-enjoy/parks-recreation/places-spaces/parks-and-recreation-facilities/location/?id=137","stateByTime":{"0030":{"observed":"scheduled_closed","scheduled":"closed"},"1200":{"observed":"open","scheduled":"open"},"2030":{"observed":"open","scheduled":"open"},"2200":{"observed":"scheduled_closed","scheduled":"closed"}}},"type":"Feature"},{"geometry":{"coordinates":[-79.36093863,43.78447053],"type":"Point"},"id":"parks:29280","properties":{"accessCondition":"unrestricted","accessibility":"accessible","address":"55 Van Horne Ave","closureCategory":"none","hours":"9 a.m. to 10 p.m.","id":"parks:29280","name":"Bellbury Park Tennis Club Washroom","partialService":false,"reachAvailable":true,"schemaVersion":1,"source":"parks","sourceUrl":"https://www.toronto.ca/explore-enjoy/parks-recreation/places-spaces/parks-and-recreation-facilities/location/?id=519","stateByTime":{"0030":{"observed":"scheduled_closed","scheduled":"closed"},"1200":{"observed":"open","scheduled":"open"},"2030":{"observed":"open","scheduled":"open"},"2200":{"observed":"scheduled_closed","scheduled":"closed"}}},"type":"Feature"},{"geometry":{"coordinates":[-79.41804098,43.66036425],"type":"Point"},"id":"parks:29286","properties":{"accessCondition":"unrestricted","accessibility":"accessible","address":"400 Grace St","closureCategory":"none","hours":"9 a.m. to 10 p.m.","id":"parks:29286","name":"Bickford Park Washroom","partialService":false,"reachAvailable":true,"schemaVersion":1,"source":"parks","sourceUrl":"https://www.toronto.ca/explore-enjoy/parks-recreation/places-spaces/parks-and-recreation-facilities/location/?id=295","stateByTime":{"0030":{"observed":"scheduled_closed","scheduled":"closed"},"1200":{"observed":"open","scheduled":"open"},"2030":{"observed":"open","scheduled":"open"},"2200":{"observed":"scheduled_closed","scheduled":"closed"}}},"type":"Feature"},{"geometry":{"coordinates":[-79.2811334,43.682279040000004],"type":"Point"},"id":"parks:29298","properties":{"accessCondition":"unrestricted","accessibility":"accessible","address":"180 Fallingbrook Rd","closureCategory":"construction","hours":"9 a.m. to 10 p.m.","id":"parks:29298","name":"Blantyre Park Fieldhouse Washroom","partialService":false,"reachAvailable":true,"schemaVersion":1,"source":"parks","sourceUrl":"https://www.toronto.ca/explore-enjoy/parks-recreation/places-spaces/parks-and-recreation-facilities/location/?id=557","stateByTime":{"0030":{"observed":"construction_closed","scheduled":"closed"},"1200":{"observed":"construction_closed","scheduled":"open"},"2030":{"observed":"construction_closed","scheduled":"open"},"2200":{"observed":"construction_closed","scheduled":"closed"}}},"type":"Feature"},{"geometry":{"coordinates":[-79.22743337,43.71303079],"type":"Point"},"id":"parks:29300","properties":{"accessCondition":"unrestricted","accessibility":"accessible","address":"1 Brimley Rd  S","closureCategory":"none","hours":"9 a.m. to 10 p.m.","id":"parks:29300","name":"Bluffer's Park East Washroom","partialService":false,"reachAvailable":true,"schemaVersion":1,"source":"parks","sourceUrl":"https://www.toronto.ca/explore-enjoy/parks-recreation/places-spaces/parks-and-recreation-facilities/location/?id=2","stateByTime":{"0030":{"observed":"scheduled_closed","scheduled":"closed"},"1200":{"observed":"open","scheduled":"open"},"2030":{"observed":"open","scheduled":"open"},"2200":{"observed":"scheduled_closed","scheduled":"closed"}}},"type":"Feature"},{"geometry":{"coordinates":[-79.23490536999999,43.70614828],"type":"Point"},"id":"parks:29307","properties":{"accessCondition":"unrestricted","accessibility":"unknown","address":"1 Brimley Rd  S","closureCategory":"none","hours":"9 a.m. to 10 p.m.","id":"parks:29307","name":"Bluffer's Park Washroom","partialService":false,"reachAvailable":true,"schemaVersion":1,"source":"parks","sourceUrl":"https://www.toronto.ca/explore-enjoy/parks-recreation/places-spaces/parks-and-recreation-facilities/location/?id=2","stateByTime":{"0030":{"observed":"scheduled_closed","scheduled":"closed"},"1200":{"observed":"open","scheduled":"open"},"2030":{"observed":"open","scheduled":"open"},"2200":{"observed":"scheduled_closed","scheduled":"closed"}}},"type":"Feature"},{"geometry":{"coordinates":[-79.31571136000001,43.78329448],"type":"Point"},"id":"parks:29309","properties":{"accessCondition":"unrestricted","accessibility":"accessible","address":"445 Huntingwood Dr","closureCategory":"none","hours":"9 a.m. to 10 p.m.","id":"parks:29309","name":"Bridlewood Park Washroom","partialService":false,"reachAvailable":true,"schemaVersion":1,"source":"parks","sourceUrl":"https://www.toronto.ca/explore-enjoy/parks-recreation/places-spaces/parks-and-recreation-facilities/location/?id=578","stateByTime":{"0030":{"observed":"scheduled_closed","scheduled":"closed"},"1200":{"observed":"open","scheduled":"open"},"2030":{"observed":"open","scheduled":"open"},"2200":{"observed":"scheduled_closed","scheduled":"closed"}}},"type":"Feature"},{"geometry":{"coordinates":[-79.44929547000001,43.63702114],"type":"Point"},"id":"parks:29312","properties":{"accessCondition":"unrestricted","accessibility":"unknown","address":"1575 Lake Shore Blvd  W","closureCategory":"none","hours":"9 a.m. to 10 p.m.","id":"parks:29312","name":"Budapest Park Washroom","partialService":false,"reachAvailable":true,"schemaVersion":1,"source":"parks","sourceUrl":"https://www.toronto.ca/explore-enjoy/parks-recreation/places-spaces/parks-and-recreation-facilities/location/?id=335","stateByTime":{"0030":{"observed":"scheduled_closed","scheduled":"closed"},"1200":{"observed":"open","scheduled":"open"},"2030":{"observed":"open","scheduled":"open"},"2200":{"observed":"scheduled_closed","scheduled":"closed"}}},"type":"Feature"},{"geometry":{"coordinates":[-79.43774264000001,43.74605651],"type":"Point"},"id":"parks:29332","properties":{"accessCondition":"unrestricted","accessibility":"accessible","address":"30 Palm Dr","closureCategory":"construction","hours":"9 a.m. to 10 p.m.","id":"parks:29332","name":"Elie Wiesel Park Washroom ","partialService":false,"reachAvailable":true,"schemaVersion":1,"source":"parks","sourceUrl":"https://www.toronto.ca/explore-enjoy/parks-recreation/places-spaces/parks-and-recreation-facilities/location/?id=490","stateByTime":{"0030":{"observed":"construction_closed","scheduled":"closed"},"1200":{"observed":"construction_closed","scheduled":"open"},"2030":{"observed":"construction_closed","scheduled":"open"},"2200":{"observed":"construction_closed","scheduled":"closed"}}},"type":"Feature"},{"geometry":{"coordinates":[-79.5297144,43.609753989999994],"type":"Point"},"id":"parks:29343","properties":{"accessCondition":"unrestricted","accessibility":"accessible","address":"281 Rimilton Ave","closureCategory":"temporary","hours":"9 a.m. to 10 p.m.","id":"parks:29343","name":"Connorvale Park - Steve \"Whitey\" Breitner Clubhouse Washroom","partialService":true,"reachAvailable":true,"schemaVersion":1,"source":"parks","sourceUrl":"https://www.toronto.ca/explore-enjoy/parks-recreation/places-spaces/parks-and-recreation-facilities/location/?id=838","stateByTime":{"0030":{"observed":"scheduled_closed","scheduled":"closed"},"1200":{"observed":"open","scheduled":"open"},"2030":{"observed":"open","scheduled":"open"},"2200":{"observed":"scheduled_closed","scheduled":"closed"}}},"type":"Feature"},{"geometry":{"coordinates":[-79.26019878999999,43.72657291],"type":"Point"},"id":"parks:29347","properties":{"accessCondition":"unrestricted","accessibility":"accessible","address":"40 Corvette Ave","closureCategory":"none","hours":"9 a.m. to 10 p.m.","id":"parks:29347","name":"Corvette Park Washroom","partialService":false,"reachAvailable":true,"schemaVersion":1,"source":"parks","sourceUrl":"https://www.toronto.ca/explore-enjoy/parks-recreation/places-spaces/parks-and-recreation-facilities/location/?id=576","stateByTime":{"0030":{"observed":"scheduled_closed","scheduled":"closed"},"1200":{"observed":"open","scheduled":"open"},"2030":{"observed":"open","scheduled":"open"},"2200":{"observed":"scheduled_closed","scheduled":"closed"}}},"type":"Feature"},{"geometry":{"coordinates":[-79.54559982,43.72706999],"type":"Point"},"id":"parks:2935","properties":{"accessCondition":"unrestricted","accessibility":"unknown","address":"40 Beattie Ave","closureCategory":"none","hours":"View facility hours","id":"parks:2935","name":"Humber Valley Golf Course Washroom","partialService":false,"reachAvailable":true,"schemaVersion":1,"source":"parks","sourceUrl":"https://www.toronto.ca/explore-enjoy/parks-recreation/places-spaces/parks-and-recreation-facilities/location/?id=400","stateByTime":{"0030":{"observed":"unknown_hours","scheduled":"unknown"},"1200":{"observed":"unknown_hours","scheduled":"unknown"},"2030":{"observed":"unknown_hours","scheduled":"unknown"},"2200":{"observed":"unknown_hours","scheduled":"unknown"}}},"type":"Feature"},{"geometry":{"coordinates":[-79.47379389999999,43.64417038],"type":"Point"},"id":"parks:29351","properties":{"accessCondition":"unrestricted","accessibility":"unknown","address":"1 Rennie Terr","closureCategory":"none","hours":"9 a.m. to 10 p.m.","id":"parks:29351","name":"Rennie Park David H. Williams Washroom","partialService":false,"reachAvailable":true,"schemaVersion":1,"source":"parks","sourceUrl":"https://www.toronto.ca/explore-enjoy/parks-recreation/places-spaces/parks-and-recreation-facilities/location/?id=181","stateByTime":{"0030":{"observed":"scheduled_closed","scheduled":"closed"},"1200":{"observed":"open","scheduled":"open"},"2030":{"observed":"open","scheduled":"open"},"2200":{"observed":"scheduled_closed","scheduled":"closed"}}},"type":"Feature"},{"geometry":{"coordinates":[-79.38818857,43.700286670000004],"type":"Point"},"id":"parks:29354","properties":{"accessCondition":"unrestricted","accessibility":"accessible","address":"220 Davisville Ave","closureCategory":"none","hours":"9 a.m. to 10 p.m.","id":"parks:29354","name":"June Rowlands Park Washroom","partialService":false,"reachAvailable":true,"schemaVersion":1,"source":"parks","sourceUrl":"https://www.toronto.ca/explore-enjoy/parks-recreation/places-spaces/parks-and-recreation-facilities/location/?id=78","stateByTime":{"0030":{"observed":"scheduled_closed","scheduled":"closed"},"1200":{"observed":"open","scheduled":"open"},"2030":{"observed":"open","scheduled":"open"},"2200":{"observed":"scheduled_closed","scheduled":"closed"}}},"type":"Feature"},{"geometry":{"coordinates":[-79.29279086,43.69411639],"type":"Point"},"id":"parks:29356","properties":{"accessCondition":"unrestricted","accessibility":"unknown","address":"80 Thyra Ave","closureCategory":"none","hours":"9 a.m. to 10 p.m.","id":"parks:29356","name":"Dentonia Park Washroom","partialService":false,"reachAvailable":true,"schemaVersion":1,"source":"parks","sourceUrl":"https://www.toronto.ca/explore-enjoy/parks-recreation/places-spaces/parks-and-recreation-facilities/location/?id=1057","stateByTime":{"0030":{"observed":"scheduled_closed","scheduled":"closed"},"1200":{"observed":"open","scheduled":"open"},"2030":{"observed":"open","scheduled":"open"},"2200":{"observed":"scheduled_closed","scheduled":"closed"}}},"type":"Feature"},{"geometry":{"coordinates":[-79.28881695,43.69551105],"type":"Point"},"id":"parks:29358","properties":{"accessCondition":"unrestricted","accessibility":"unknown","address":"781 Victoria Park Ave","closureCategory":"none","hours":"9 a.m. to 10 p.m.","id":"parks:29358","name":"Dentonia Park Golf Course Washroom","partialService":false,"reachAvailable":true,"schemaVersion":1,"source":"parks","sourceUrl":"https://www.toronto.ca/explore-enjoy/parks-recreation/places-spaces/parks-and-recreation-facilities/location/?id=402","stateByTime":{"0030":{"observed":"scheduled_closed","scheduled":"closed"},"1200":{"observed":"open","scheduled":"open"},"2030":{"observed":"open","scheduled":"open"},"2200":{"observed":"scheduled_closed","scheduled":"closed"}}},"type":"Feature"},{"geometry":{"coordinates":[-79.50546279999999,43.75813643],"type":"Point"},"id":"parks:29359","properties":{"accessCondition":"unrestricted","accessibility":"accessible","address":"271 Derrydown Rd","closureCategory":"none","hours":"9 a.m. to 10 p.m.","id":"parks:29359","name":"Derrydowns Park Washroom","partialService":false,"reachAvailable":true,"schemaVersion":1,"source":"parks","sourceUrl":"https://www.toronto.ca/explore-enjoy/parks-recreation/places-spaces/parks-and-recreation-facilities/location/?id=5","stateByTime":{"0030":{"observed":"scheduled_closed","scheduled":"closed"},"1200":{"observed":"open","scheduled":"open"},"2030":{"observed":"open","scheduled":"open"},"2200":{"observed":"scheduled_closed","scheduled":"closed"}}},"type":"Feature"},{"geometry":{"coordinates":[-79.33471405,43.69189094],"type":"Point"},"id":"parks:29361","properties":{"accessCondition":"unrestricted","accessibility":"accessible","address":"455 Cosburn Ave","closureCategory":"none","hours":"9 a.m. to 10 p.m.","id":"parks:29361","name":"Dieppe Park Washroom","partialService":false,"reachAvailable":true,"schemaVersion":1,"source":"parks","sourceUrl":"https://www.toronto.ca/explore-enjoy/parks-recreation/places-spaces/parks-and-recreation-facilities/location/?id=327","stateByTime":{"0030":{"observed":"scheduled_closed","scheduled":"closed"},"1200":{"observed":"open","scheduled":"open"},"2030":{"observed":"open","scheduled":"open"},"2200":{"observed":"scheduled_closed","scheduled":"closed"}}},"type":"Feature"},{"geometry":{"coordinates":[-79.40839876,43.748852],"type":"Point"},"id":"parks:29365","properties":{"accessCondition":"unrestricted","accessibility":"unknown","address":"4200 Yonge St","closureCategory":"none","hours":"9 a.m. to 10 p.m.","id":"parks:29365","name":"Don Valley Golf Course Washroom","partialService":false,"reachAvailable":true,"schemaVersion":1,"source":"parks","sourceUrl":"https://www.toronto.ca/explore-enjoy/parks-recreation/places-spaces/parks-and-recreation-facilities/location/?id=918","stateByTime":{"0030":{"observed":"scheduled_closed","scheduled":"closed"},"1200":{"observed":"open","scheduled":"open"},"2030":{"observed":"open","scheduled":"open"},"2200":{"observed":"scheduled_closed","scheduled":"closed"}}},"type":"Feature"},{"geometry":{"coordinates":[-79.43257080000001,43.66558593],"type":"Point"},"id":"parks:29374","properties":{"accessCondition":"unrestricted","accessibility":"unknown","address":"155 Bartlett Ave","closureCategory":"none","hours":"9 a.m. to 10 p.m.","id":"parks:29374","name":"Dovercourt Park Washroom","partialService":true,"reachAvailable":true,"schemaVersion":1,"source":"parks","sourceUrl":"https://www.toronto.ca/explore-enjoy/parks-recreation/places-spaces/parks-and-recreation-facilities/location/?id=86","stateByTime":{"0030":{"observed":"scheduled_closed","scheduled":"closed"},"1200":{"observed":"open","scheduled":"open"},"2030":{"observed":"open","scheduled":"open"},"2200":{"observed":"scheduled_closed","scheduled":"closed"}}},"type":"Feature"},{"geometry":{"coordinates":[-79.50093668,43.73662343],"type":"Point"},"id":"parks:29375","properties":{"accessCondition":"unrestricted","accessibility":"unknown","address":"2515 Jane St","closureCategory":"none","hours":"9 a.m. to 10 p.m.","id":"parks:29375","name":"Downsview Dells Park North Washroom","partialService":false,"reachAvailable":true,"schemaVersion":1,"source":"parks","sourceUrl":"https://www.toronto.ca/explore-enjoy/parks-recreation/places-spaces/parks-and-recreation-facilities/location/?id=468","stateByTime":{"0030":{"observed":"scheduled_closed","scheduled":"closed"},"1200":{"observed":"open","scheduled":"open"},"2030":{"observed":"open","scheduled":"open"},"2200":{"observed":"scheduled_closed","scheduled":"closed"}}},"type":"Feature"},{"geometry":{"coordinates":[-79.49599924,43.73542591],"type":"Point"},"id":"parks:29376","properties":{"accessCondition":"unrestricted","accessibility":"accessible","address":"2515 Jane St","closureCategory":"none","hours":"9 a.m. to 10 p.m.","id":"parks:29376","name":"Downsview Dells Park South Washroom ","partialService":false,"reachAvailable":true,"schemaVersion":1,"source":"parks","sourceUrl":"https://www.toronto.ca/explore-enjoy/parks-recreation/places-spaces/parks-and-recreation-facilities/location/?id=468","stateByTime":{"0030":{"observed":"scheduled_closed","scheduled":"closed"},"1200":{"observed":"open","scheduled":"open"},"2030":{"observed":"open","scheduled":"open"},"2200":{"observed":"scheduled_closed","scheduled":"closed"}}},"type":"Feature"},{"geometry":{"coordinates":[-79.43219567,43.657052889999996],"type":"Point"},"id":"parks:29379","properties":{"accessCondition":"unrestricted","accessibility":"accessible","address":"875 Dufferin St","closureCategory":"none","hours":"9 a.m. to 10 p.m.","id":"parks:29379","name":"Dufferin Grove Sports Field Washroom","partialService":false,"reachAvailable":true,"schemaVersion":1,"source":"parks","sourceUrl":"https://www.toronto.ca/explore-enjoy/parks-recreation/places-spaces/parks-and-recreation-facilities/location/?id=87","stateByTime":{"0030":{"observed":"scheduled_closed","scheduled":"closed"},"1200":{"observed":"open","scheduled":"open"},"2030":{"observed":"open","scheduled":"open"},"2200":{"observed":"scheduled_closed","scheduled":"closed"}}},"type":"Feature"},{"geometry":{"coordinates":[-79.26689423,43.71281604],"type":"Point"},"id":"parks:29383","properties":{"accessCondition":"unrestricted","accessibility":"accessible","address":"19 Dunlop Ave","closureCategory":"none","hours":"9 a.m. to 10 p.m.","id":"parks:29383","name":"Dunlop Park Washroom","partialService":false,"reachAvailable":true,"schemaVersion":1,"source":"parks","sourceUrl":"https://www.toronto.ca/explore-enjoy/parks-recreation/places-spaces/parks-and-recreation-facilities/location/?id=605","stateByTime":{"0030":{"observed":"scheduled_closed","scheduled":"closed"},"1200":{"observed":"open","scheduled":"open"},"2030":{"observed":"open","scheduled":"open"},"2200":{"observed":"scheduled_closed","scheduled":"closed"}}},"type":"Feature"},{"geometry":{"coordinates":[-79.33740437,43.70942662],"type":"Point"},"id":"parks:29384","properties":{"accessCondition":"unrestricted","accessibility":"accessible","address":"73 Thorncliffe Park Dr","closureCategory":"none","hours":"9 a.m. to 10 p.m.","id":"parks:29384","name":"E.T. Seton Park Washroom","partialService":false,"reachAvailable":true,"schemaVersion":1,"source":"parks","sourceUrl":"https://www.toronto.ca/explore-enjoy/parks-recreation/places-spaces/parks-and-recreation-facilities/location/?id=1061","stateByTime":{"0030":{"observed":"scheduled_closed","scheduled":"closed"},"1200":{"observed":"open","scheduled":"open"},"2030":{"observed":"open","scheduled":"open"},"2200":{"observed":"scheduled_closed","scheduled":"closed"}}},"type":"Feature"},{"geometry":{"coordinates":[-79.42796994,43.75215251],"type":"Point"},"id":"parks:29385","properties":{"accessCondition":"unrestricted","accessibility":"accessible","address":"4169 Bathurst St","closureCategory":"none","hours":"9 a.m. to 10 p.m.","id":"parks:29385","name":"Earl Bales Park South Washroom","partialService":false,"reachAvailable":true,"schemaVersion":1,"source":"parks","sourceUrl":"https://www.toronto.ca/explore-enjoy/parks-recreation/places-spaces/parks-and-recreation-facilities/location/?id=337","stateByTime":{"0030":{"observed":"scheduled_closed","scheduled":"closed"},"1200":{"observed":"open","scheduled":"open"},"2030":{"observed":"open","scheduled":"open"},"2200":{"observed":"scheduled_closed","scheduled":"closed"}}},"type":"Feature"},{"geometry":{"coordinates":[-79.45156528,43.67414466],"type":"Point"},"id":"parks:29388","properties":{"accessCondition":"unrestricted","accessibility":"accessible","address":"1200 Lansdowne Ave","closureCategory":"none","hours":"9 a.m. to 10 p.m.","id":"parks:29388","name":"Earlscourt Park Washroom","partialService":false,"reachAvailable":true,"schemaVersion":1,"source":"parks","sourceUrl":"https://www.toronto.ca/explore-enjoy/parks-recreation/places-spaces/parks-and-recreation-facilities/location/?id=514","stateByTime":{"0030":{"observed":"scheduled_closed","scheduled":"closed"},"1200":{"observed":"open","scheduled":"open"},"2030":{"observed":"open","scheduled":"open"},"2200":{"observed":"scheduled_closed","scheduled":"closed"}}},"type":"Feature"},{"geometry":{"coordinates":[-79.16261168,43.76026536],"type":"Point"},"id":"parks:29392","properties":{"accessCondition":"unrestricted","accessibility":"accessible","address":"101 Copperfield Rd","closureCategory":"none","hours":"9 a.m. to 10 p.m.","id":"parks:29392","name":"East Point Park Ken Morrish Softball Complex Washroom","partialService":false,"reachAvailable":true,"schemaVersion":1,"source":"parks","sourceUrl":"https://www.toronto.ca/explore-enjoy/parks-recreation/places-spaces/parks-and-recreation-facilities/location/?id=1079","stateByTime":{"0030":{"observed":"scheduled_closed","scheduled":"closed"},"1200":{"observed":"open","scheduled":"open"},"2030":{"observed":"open","scheduled":"open"},"2200":{"observed":"scheduled_closed","scheduled":"closed"}}},"type":"Feature"},{"geometry":{"coordinates":[-79.50384395,43.68561877],"type":"Point"},"id":"parks:29401","properties":{"accessCondition":"unrestricted","accessibility":"accessible","address":"101 Emmett Ave","closureCategory":"none","hours":"9 a.m. to 10 p.m.","id":"parks:29401","name":"Eglinton Flats Northwest Sports Pavilion Washroom","partialService":false,"reachAvailable":true,"schemaVersion":1,"source":"parks","sourceUrl":"https://www.toronto.ca/explore-enjoy/parks-recreation/places-spaces/parks-and-recreation-facilities/location/?id=9","stateByTime":{"0030":{"observed":"scheduled_closed","scheduled":"closed"},"1200":{"observed":"open","scheduled":"open"},"2030":{"observed":"open","scheduled":"open"},"2200":{"observed":"scheduled_closed","scheduled":"closed"}}},"type":"Feature"},{"geometry":{"coordinates":[-79.58155570000001,43.662330950000005],"type":"Point"},"id":"parks:29404","properties":{"accessCondition":"unrestricted","accessibility":"accessible","address":"121 Wellesworth Dr","closureCategory":"none","hours":"9 a.m. to 10 p.m.","id":"parks:29404","name":"Eringate Park Washroom ","partialService":false,"reachAvailable":true,"schemaVersion":1,"source":"parks","sourceUrl":"https://www.toronto.ca/explore-enjoy/parks-recreation/places-spaces/parks-and-recreation-facilities/location/?id=840","stateByTime":{"0030":{"observed":"scheduled_closed","scheduled":"closed"},"1200":{"observed":"open","scheduled":"open"},"2030":{"observed":"open","scheduled":"open"},"2200":{"observed":"scheduled_closed","scheduled":"closed"}}},"type":"Feature"},{"geometry":{"coordinates":[-79.5814883,43.727964289999996],"type":"Point"},"id":"parks:29405","properties":{"accessCondition":"unrestricted","accessibility":"accessible","address":"50 Westhumber Blvd","closureCategory":"none","hours":"9 a.m. to 10 p.m.","id":"parks:29405","name":"Esther Lorrie Fieldhouse Washroom","partialService":false,"reachAvailable":true,"schemaVersion":1,"source":"parks","sourceUrl":"https://www.toronto.ca/explore-enjoy/parks-recreation/places-spaces/parks-and-recreation-facilities/location/?id=841","stateByTime":{"0030":{"observed":"scheduled_closed","scheduled":"closed"},"1200":{"observed":"open","scheduled":"open"},"2030":{"observed":"open","scheduled":"open"},"2200":{"observed":"scheduled_closed","scheduled":"closed"}}},"type":"Feature"},{"geometry":{"coordinates":[-79.49285713,43.65282102],"type":"Point"},"id":"parks:29407","properties":{"accessCondition":"unrestricted","accessibility":"unknown","address":"13 Crosby Ave","closureCategory":"none","hours":"9 a.m. to 10 p.m.","id":"parks:29407","name":"Etienne Brule Park Washroom","partialService":false,"reachAvailable":true,"schemaVersion":1,"source":"parks","sourceUrl":"https://www.toronto.ca/explore-enjoy/parks-recreation/places-spaces/parks-and-recreation-facilities/location/?id=10","stateByTime":{"0030":{"observed":"scheduled_closed","scheduled":"closed"},"1200":{"observed":"open","scheduled":"open"},"2030":{"observed":"open","scheduled":"open"},"2200":{"observed":"scheduled_closed","scheduled":"closed"}}},"type":"Feature"},{"geometry":{"coordinates":[-79.55681227,43.60436945],"type":"Point"},"id":"parks:29408","properties":{"accessCondition":"unrestricted","accessibility":"accessible","address":"615 Horner Ave","closureCategory":"none","hours":"9 a.m. to 10 p.m.","id":"parks:29408","name":"Etobicoke Valley Park Washroom","partialService":false,"reachAvailable":true,"schemaVersion":1,"source":"parks","sourceUrl":"https://www.toronto.ca/explore-enjoy/parks-recreation/places-spaces/parks-and-recreation-facilities/location/?id=842","stateByTime":{"0030":{"observed":"scheduled_closed","scheduled":"closed"},"1200":{"observed":"open","scheduled":"open"},"2030":{"observed":"open","scheduled":"open"},"2200":{"observed":"scheduled_closed","scheduled":"closed"}}},"type":"Feature"},{"geometry":{"coordinates":[-79.32999889,43.68024586],"type":"Point"},"id":"parks:29410","properties":{"accessCondition":"unrestricted","accessibility":"accessible","address":"60 Felstead Ave","closureCategory":"none","hours":"9 a.m. to 10 p.m.","id":"parks:29410","name":"Felstead Avenue Playground Washroom","partialService":false,"reachAvailable":true,"schemaVersion":1,"source":"parks","sourceUrl":"https://www.toronto.ca/explore-enjoy/parks-recreation/places-spaces/parks-and-recreation-facilities/location/?id=129","stateByTime":{"0030":{"observed":"scheduled_closed","scheduled":"closed"},"1200":{"observed":"open","scheduled":"open"},"2030":{"observed":"open","scheduled":"open"},"2200":{"observed":"scheduled_closed","scheduled":"closed"}}},"type":"Feature"},{"geometry":{"coordinates":[-79.49704898,43.68731374],"type":"Point"},"id":"parks:29411","properties":{"accessCondition":"unrestricted","accessibility":"accessible","address":"3700 Eglinton Ave  W","closureCategory":"none","hours":"9 a.m. to 10 p.m.","id":"parks:29411","name":"Fergy Brown Park Washroom ","partialService":false,"reachAvailable":true,"schemaVersion":1,"source":"parks","sourceUrl":"https://www.toronto.ca/explore-enjoy/parks-recreation/places-spaces/parks-and-recreation-facilities/location/?id=2288","stateByTime":{"0030":{"observed":"scheduled_closed","scheduled":"closed"},"1200":{"observed":"open","scheduled":"open"},"2030":{"observed":"open","scheduled":"open"},"2200":{"observed":"scheduled_closed","scheduled":"closed"}}},"type":"Feature"},{"geometry":{"coordinates":[-79.42039563,43.65272186],"type":"Point"},"id":"parks:29415","properties":{"accessCondition":"unrestricted","accessibility":"accessible","address":"155 Roxton Rd","closureCategory":"temporary","hours":"9 a.m. to 10 p.m.","id":"parks:29415","name":"Fred Hamilton Playground Washroom","partialService":true,"reachAvailable":true,"schemaVersion":1,"source":"parks","sourceUrl":"https://www.toronto.ca/explore-enjoy/parks-recreation/places-spaces/parks-and-recreation-facilities/location/?id=72","stateByTime":{"0030":{"observed":"scheduled_closed","scheduled":"closed"},"1200":{"observed":"open","scheduled":"open"},"2030":{"observed":"open","scheduled":"open"},"2200":{"observed":"scheduled_closed","scheduled":"closed"}}},"type":"Feature"},{"geometry":{"coordinates":[-79.30043488999999,43.700698360000004],"type":"Point"},"id":"parks:29416","properties":{"accessCondition":"unrestricted","accessibility":"accessible","address":"30 Chapman Ave","closureCategory":"none","hours":"9 a.m. to 10 p.m.","id":"parks:29416","name":"George Webster Park Washroom","partialService":false,"reachAvailable":true,"schemaVersion":1,"source":"parks","sourceUrl":"https://www.toronto.ca/explore-enjoy/parks-recreation/places-spaces/parks-and-recreation-facilities/location/?id=426","stateByTime":{"0030":{"observed":"scheduled_closed","scheduled":"closed"},"1200":{"observed":"open","scheduled":"open"},"2030":{"observed":"open","scheduled":"open"},"2200":{"observed":"scheduled_closed","scheduled":"closed"}}},"type":"Feature"},{"geometry":{"coordinates":[-79.32868026999999,43.66944053],"type":"Point"},"id":"parks:29421","properties":{"accessCondition":"unrestricted","accessibility":"unknown","address":"150 Greenwood Ave","closureCategory":"none","hours":"9 a.m. to 10 p.m.","id":"parks:29421","name":"Greenwood Park Fieldhouse Washroom","partialService":false,"reachAvailable":true,"schemaVersion":1,"source":"parks","sourceUrl":"https://www.toronto.ca/explore-enjoy/parks-recreation/places-spaces/parks-and-recreation-facilities/location/?id=70","stateByTime":{"0030":{"observed":"scheduled_closed","scheduled":"closed"},"1200":{"observed":"open","scheduled":"open"},"2030":{"observed":"open","scheduled":"open"},"2200":{"observed":"scheduled_closed","scheduled":"closed"}}},"type":"Feature"},{"geometry":{"coordinates":[-79.38947051999999,43.62445169],"type":"Point"},"id":"parks:29440","properties":{"accessCondition":"unrestricted","accessibility":"accessible","address":"9 Queens Quay  W","closureCategory":"none","hours":"None","id":"parks:29440","name":"Toronto Islands - Hanlan's Point Picnic Area Washroom","partialService":false,"reachAvailable":true,"schemaVersion":1,"source":"parks","sourceUrl":"https://www.toronto.ca/explore-enjoy/parks-recreation/places-spaces/parks-and-recreation-facilities/location/?id=2541","stateByTime":{"0030":{"observed":"unknown_hours","scheduled":"unknown"},"1200":{"observed":"unknown_hours","scheduled":"unknown"},"2030":{"observed":"unknown_hours","scheduled":"unknown"},"2200":{"observed":"unknown_hours","scheduled":"unknown"}}},"type":"Feature"},{"geometry":{"coordinates":[-79.38888351,43.61212077],"type":"Point"},"id":"parks:29441","properties":{"accessCondition":"unrestricted","accessibility":"accessible","address":"9 Queens Quay  W","closureCategory":"none","hours":"None","id":"parks:29441","name":"Toronto Islands - Gibraltar Point Washroom","partialService":false,"reachAvailable":true,"schemaVersion":1,"source":"parks","sourceUrl":"https://www.toronto.ca/explore-enjoy/parks-recreation/places-spaces/parks-and-recreation-facilities/location/?id=2541","stateByTime":{"0030":{"observed":"unknown_hours","scheduled":"unknown"},"1200":{"observed":"unknown_hours","scheduled":"unknown"},"2030":{"observed":"unknown_hours","scheduled":"unknown"},"2200":{"observed":"unknown_hours","scheduled":"unknown"}}},"type":"Feature"},{"geometry":{"coordinates":[-79.39111537,43.619133510000005],"type":"Point"},"id":"parks:29442","properties":{"accessCondition":"unrestricted","accessibility":"accessible","address":"9 Queens Quay  W","closureCategory":"none","hours":"None","id":"parks:29442","name":"Toronto Islands - Hanlan’s Point Mid-Hanlan's Washroom","partialService":false,"reachAvailable":true,"schemaVersion":1,"source":"parks","sourceUrl":"https://www.toronto.ca/explore-enjoy/parks-recreation/places-spaces/parks-and-recreation-facilities/location/?id=2541","stateByTime":{"0030":{"observed":"unknown_hours","scheduled":"unknown"},"1200":{"observed":"unknown_hours","scheduled":"unknown"},"2030":{"observed":"unknown_hours","scheduled":"unknown"},"2200":{"observed":"unknown_hours","scheduled":"unknown"}}},"type":"Feature"},{"geometry":{"coordinates":[-79.3758139,43.64008423],"type":"Point"},"id":"parks:29443","properties":{"accessCondition":"unrestricted","accessibility":"accessible","address":"25 Queens Quay W","closureCategory":"none","hours":"9 a.m. to 10 p.m.","id":"parks:29443","name":"Harbour Square Park Lands Fieldhouse Washroom","partialService":false,"reachAvailable":true,"schemaVersion":1,"source":"parks","sourceUrl":"https://www.toronto.ca/explore-enjoy/parks-recreation/places-spaces/parks-and-recreation-facilities/location/?id=74","stateByTime":{"0030":{"observed":"scheduled_closed","scheduled":"closed"},"1200":{"observed":"open","scheduled":"open"},"2030":{"observed":"open","scheduled":"open"},"2200":{"observed":"scheduled_closed","scheduled":"closed"}}},"type":"Feature"},{"geometry":{"coordinates":[-79.4213229,43.78126056],"type":"Point"},"id":"parks:29453","properties":{"accessCondition":"unrestricted","accessibility":"unknown","address":"50 Hendon Ave","closureCategory":"none","hours":"9 a.m. to 10 p.m.","id":"parks:29453","name":"Hendon Park Tennis Clubhouse Washroom","partialService":false,"reachAvailable":true,"schemaVersion":1,"source":"parks","sourceUrl":"https://www.toronto.ca/explore-enjoy/parks-recreation/places-spaces/parks-and-recreation-facilities/location/?id=659","stateByTime":{"0030":{"observed":"scheduled_closed","scheduled":"closed"},"1200":{"observed":"open","scheduled":"open"},"2030":{"observed":"open","scheduled":"open"},"2200":{"observed":"scheduled_closed","scheduled":"closed"}}},"type":"Feature"},{"geometry":{"coordinates":[-79.46627947,43.65271761],"type":"Point"},"id":"parks:29459","properties":{"accessCondition":"unrestricted","accessibility":"accessible","address":"1873 Bloor St  W","closureCategory":"none","hours":"9 a.m. to 10 p.m.","id":"parks:29459","name":"High Park Chess House Washroom","partialService":false,"reachAvailable":true,"schemaVersion":1,"source":"parks","sourceUrl":"https://www.toronto.ca/explore-enjoy/parks-recreation/places-spaces/parks-and-recreation-facilities/location/?id=77","stateByTime":{"0030":{"observed":"scheduled_closed","scheduled":"closed"},"1200":{"observed":"open","scheduled":"open"},"2030":{"observed":"open","scheduled":"open"},"2200":{"observed":"scheduled_closed","scheduled":"closed"}}},"type":"Feature"},{"geometry":{"coordinates":[-79.46007316,43.64065803],"type":"Point"},"id":"parks:29462","properties":{"accessCondition":"unrestricted","accessibility":"accessible","address":"1873 Bloor St  W","closureCategory":"none","hours":"9 a.m. to 10 p.m.","id":"parks:29462","name":"High Park Colborne Lodge Coach House  Washroom","partialService":false,"reachAvailable":true,"schemaVersion":1,"source":"parks","sourceUrl":"https://www.toronto.ca/explore-enjoy/parks-recreation/places-spaces/parks-and-recreation-facilities/location/?id=77","stateByTime":{"0030":{"observed":"scheduled_closed","scheduled":"closed"},"1200":{"observed":"open","scheduled":"open"},"2030":{"observed":"open","scheduled":"open"},"2200":{"observed":"scheduled_closed","scheduled":"closed"}}},"type":"Feature"},{"geometry":{"coordinates":[-79.46699991999999,43.64366457],"type":"Point"},"id":"parks:29478","properties":{"accessCondition":"unrestricted","accessibility":"accessible","address":"1873 Bloor St  W","closureCategory":"construction","hours":"9 a.m. to 10 p.m.","id":"parks:29478","name":"High Park Lower Hillside Washroom","partialService":false,"reachAvailable":true,"schemaVersion":1,"source":"parks","sourceUrl":"https://www.toronto.ca/explore-enjoy/parks-recreation/places-spaces/parks-and-recreation-facilities/location/?id=77","stateByTime":{"0030":{"observed":"construction_closed","scheduled":"closed"},"1200":{"observed":"construction_closed","scheduled":"open"},"2030":{"observed":"construction_closed","scheduled":"open"},"2200":{"observed":"construction_closed","scheduled":"closed"}}},"type":"Feature"},{"geometry":{"coordinates":[-79.46137055999999,43.64174996],"type":"Point"},"id":"parks:29502","properties":{"accessCondition":"unrestricted","accessibility":"accessible","address":"1873 Bloor St  W","closureCategory":"none","hours":"9 a.m. to 10 p.m.","id":"parks:29502","name":"High Park Children's Garden Washroom","partialService":false,"reachAvailable":true,"schemaVersion":1,"source":"parks","sourceUrl":"https://www.toronto.ca/explore-enjoy/parks-recreation/places-spaces/parks-and-recreation-facilities/location/?id=77","stateByTime":{"0030":{"observed":"scheduled_closed","scheduled":"closed"},"1200":{"observed":"open","scheduled":"open"},"2030":{"observed":"open","scheduled":"open"},"2200":{"observed":"scheduled_closed","scheduled":"closed"}}},"type":"Feature"},{"geometry":{"coordinates":[-79.466897,43.645106059999996],"type":"Point"},"id":"parks:29509","properties":{"accessCondition":"unrestricted","accessibility":"accessible","address":"1873 Bloor St  W","closureCategory":"none","hours":"9 a.m. to 10 p.m.","id":"parks:29509","name":"High Park Upper Hillside Washroom","partialService":false,"reachAvailable":true,"schemaVersion":1,"source":"parks","sourceUrl":"https://www.toronto.ca/explore-enjoy/parks-recreation/places-spaces/parks-and-recreation-facilities/location/?id=77","stateByTime":{"0030":{"observed":"scheduled_closed","scheduled":"closed"},"1200":{"observed":"open","scheduled":"open"},"2030":{"observed":"open","scheduled":"open"},"2200":{"observed":"scheduled_closed","scheduled":"closed"}}},"type":"Feature"},{"geometry":{"coordinates":[-79.45722165,43.64441385],"type":"Point"},"id":"parks:29511","properties":{"accessCondition":"unrestricted","accessibility":"accessible","address":"1873 Bloor St  W","closureCategory":"none","hours":"9 a.m. to 10 p.m.","id":"parks:29511","name":"High Park Parkside Drive Washroom","partialService":false,"reachAvailable":true,"schemaVersion":1,"source":"parks","sourceUrl":"https://www.toronto.ca/explore-enjoy/parks-recreation/places-spaces/parks-and-recreation-facilities/location/?id=77","stateByTime":{"0030":{"observed":"scheduled_closed","scheduled":"closed"},"1200":{"observed":"open","scheduled":"open"},"2030":{"observed":"open","scheduled":"open"},"2200":{"observed":"scheduled_closed","scheduled":"closed"}}},"type":"Feature"},{"geometry":{"coordinates":[-79.25865299,43.702239469999995],"type":"Point"},"id":"parks:29521","properties":{"accessCondition":"unrestricted","accessibility":"accessible","address":"150 Highview Ave","closureCategory":"none","hours":"9 a.m. to 10 p.m.","id":"parks:29521","name":"Highview Park Washroom","partialService":false,"reachAvailable":true,"schemaVersion":1,"source":"parks","sourceUrl":"https://www.toronto.ca/explore-enjoy/parks-recreation/places-spaces/parks-and-recreation-facilities/location/?id=676","stateByTime":{"0030":{"observed":"scheduled_closed","scheduled":"closed"},"1200":{"observed":"open","scheduled":"open"},"2030":{"observed":"open","scheduled":"open"},"2200":{"observed":"scheduled_closed","scheduled":"closed"}}},"type":"Feature"},{"geometry":{"coordinates":[-79.42408744000001,43.676581289999994],"type":"Point"},"id":"parks:29524","properties":{"accessCondition":"unrestricted","accessibility":"unknown","address":"950 Davenport Rd","closureCategory":"temporary","hours":"9 a.m. to 10 p.m.","id":"parks:29524","name":"Hillcrest Park Washroom","partialService":true,"reachAvailable":true,"schemaVersion":1,"source":"parks","sourceUrl":"https://www.toronto.ca/explore-enjoy/parks-recreation/places-spaces/parks-and-recreation-facilities/location/?id=79","stateByTime":{"0030":{"observed":"scheduled_closed","scheduled":"closed"},"1200":{"observed":"open","scheduled":"open"},"2030":{"observed":"open","scheduled":"open"},"2200":{"observed":"scheduled_closed","scheduled":"closed"}}},"type":"Feature"},{"geometry":{"coordinates":[-79.50130041,43.65855864],"type":"Point"},"id":"parks:29527","properties":{"accessCondition":"unrestricted","accessibility":"accessible","address":"4101 Dundas St  W","closureCategory":"none","hours":"9 a.m. to 10 p.m.","id":"parks:29527","name":"Home Smith Park Washroom ","partialService":false,"reachAvailable":true,"schemaVersion":1,"source":"parks","sourceUrl":"https://www.toronto.ca/explore-enjoy/parks-recreation/places-spaces/parks-and-recreation-facilities/location/?id=15","stateByTime":{"0030":{"observed":"scheduled_closed","scheduled":"closed"},"1200":{"observed":"open","scheduled":"open"},"2030":{"observed":"open","scheduled":"open"},"2200":{"observed":"scheduled_closed","scheduled":"closed"}}},"type":"Feature"},{"geometry":{"coordinates":[-79.2679759,43.80330444],"type":"Point"},"id":"parks:29536","properties":{"accessCondition":"unrestricted","accessibility":"accessible","address":"295 Chartland Blvd  S","closureCategory":"none","hours":"9 a.m. to 10 p.m.","id":"parks:29536","name":"Iroquois Park Fieldhouse Washroom","partialService":false,"reachAvailable":true,"schemaVersion":1,"source":"parks","sourceUrl":"https://www.toronto.ca/explore-enjoy/parks-recreation/places-spaces/parks-and-recreation-facilities/location/?id=686","stateByTime":{"0030":{"observed":"scheduled_closed","scheduled":"closed"},"1200":{"observed":"open","scheduled":"open"},"2030":{"observed":"open","scheduled":"open"},"2200":{"observed":"scheduled_closed","scheduled":"closed"}}},"type":"Feature"},{"geometry":{"coordinates":[-79.51476269,43.67159902],"type":"Point"},"id":"parks:29542","properties":{"accessCondition":"unrestricted","accessibility":"unknown","address":"99 Edenbridge Dr","closureCategory":"none","hours":"9 a.m. to 10 p.m.","id":"parks:29542","name":"James Gardens Washroom","partialService":false,"reachAvailable":true,"schemaVersion":1,"source":"parks","sourceUrl":"https://www.toronto.ca/explore-enjoy/parks-recreation/places-spaces/parks-and-recreation-facilities/location/?id=3","stateByTime":{"0030":{"observed":"scheduled_closed","scheduled":"closed"},"1200":{"observed":"open","scheduled":"open"},"2030":{"observed":"open","scheduled":"open"},"2200":{"observed":"scheduled_closed","scheduled":"closed"}}},"type":"Feature"},{"geometry":{"coordinates":[-79.30441085,43.81010927],"type":"Point"},"id":"parks:29547","properties":{"accessCondition":"unrestricted","accessibility":"accessible","address":"1900 Mcnicoll Ave","closureCategory":"none","hours":"9 a.m. to 10 p.m.","id":"parks:29547","name":"L'Amoreaux North Park Fieldhouse Washroom","partialService":false,"reachAvailable":true,"schemaVersion":1,"source":"parks","sourceUrl":"https://www.toronto.ca/explore-enjoy/parks-recreation/places-spaces/parks-and-recreation-facilities/location/?id=2472","stateByTime":{"0030":{"observed":"scheduled_closed","scheduled":"closed"},"1200":{"observed":"open","scheduled":"open"},"2030":{"observed":"open","scheduled":"open"},"2200":{"observed":"scheduled_closed","scheduled":"closed"}}},"type":"Feature"},{"geometry":{"coordinates":[-79.39902069,43.72079089],"type":"Point"},"id":"parks:29553","properties":{"accessCondition":"unrestricted","accessibility":"accessible","address":"51 Alexander Muir Rd","closureCategory":"none","hours":"9 a.m. to 10 p.m.","id":"parks:29553","name":"Lawrence Park Ravine Tennis Clubhouse Washroom","partialService":false,"reachAvailable":true,"schemaVersion":1,"source":"parks","sourceUrl":"https://www.toronto.ca/explore-enjoy/parks-recreation/places-spaces/parks-and-recreation-facilities/location/?id=119","stateByTime":{"0030":{"observed":"scheduled_closed","scheduled":"closed"},"1200":{"observed":"open","scheduled":"open"},"2030":{"observed":"open","scheduled":"open"},"2200":{"observed":"scheduled_closed","scheduled":"closed"}}},"type":"Feature"},{"geometry":{"coordinates":[-79.33365154,43.662684569999996],"type":"Point"},"id":"parks:29556","properties":{"accessCondition":"unrestricted","accessibility":"unknown","address":"1158 Queen St  E","closureCategory":"none","hours":"9 a.m. to 10 p.m.","id":"parks:29556","name":"Leslie Grove Park Washroom","partialService":false,"reachAvailable":true,"schemaVersion":1,"source":"parks","sourceUrl":"https://www.toronto.ca/explore-enjoy/parks-recreation/places-spaces/parks-and-recreation-facilities/location/?id=123","stateByTime":{"0030":{"observed":"scheduled_closed","scheduled":"closed"},"1200":{"observed":"open","scheduled":"open"},"2030":{"observed":"open","scheduled":"open"},"2200":{"observed":"scheduled_closed","scheduled":"closed"}}},"type":"Feature"},{"geometry":{"coordinates":[-79.46403823,43.659008029999995],"type":"Point"},"id":"parks:29561","properties":{"accessCondition":"unrestricted","accessibility":"accessible","address":"155 Oakmount Rd","closureCategory":"temporary","hours":"9 a.m. to 10 p.m.","id":"parks:29561","name":"Lithuania Park Washroom","partialService":false,"reachAvailable":true,"schemaVersion":1,"source":"parks","sourceUrl":"https://www.toronto.ca/explore-enjoy/parks-recreation/places-spaces/parks-and-recreation-facilities/location/?id=125","stateByTime":{"0030":{"observed":"temporary_closed","scheduled":"closed"},"1200":{"observed":"temporary_closed","scheduled":"open"},"2030":{"observed":"temporary_closed","scheduled":"open"},"2200":{"observed":"temporary_closed","scheduled":"closed"}}},"type":"Feature"},{"geometry":{"coordinates":[-79.41074681,43.71529366],"type":"Point"},"id":"parks:29566","properties":{"accessCondition":"unrestricted","accessibility":"accessible","address":"200 Lytton Blvd","closureCategory":"none","hours":"9 a.m. to 10 p.m.","id":"parks:29566","name":"Lytton Park Tennis Clubhouse Washroom","partialService":false,"reachAvailable":true,"schemaVersion":1,"source":"parks","sourceUrl":"https://www.toronto.ca/explore-enjoy/parks-recreation/places-spaces/parks-and-recreation-facilities/location/?id=138","stateByTime":{"0030":{"observed":"scheduled_closed","scheduled":"closed"},"1200":{"observed":"open","scheduled":"open"},"2030":{"observed":"open","scheduled":"open"},"2200":{"observed":"scheduled_closed","scheduled":"closed"}}},"type":"Feature"},{"geometry":{"coordinates":[-79.44180549000001,43.653123210000004],"type":"Point"},"id":"parks:29567","properties":{"accessCondition":"unrestricted","accessibility":"unknown","address":"346 Lansdowne Ave","closureCategory":"temporary","hours":"9 a.m. to 10 p.m.","id":"parks:29567","name":"MacGregor Playground Washroom","partialService":false,"reachAvailable":true,"schemaVersion":1,"source":"parks","sourceUrl":"https://www.toronto.ca/explore-enjoy/parks-recreation/places-spaces/parks-and-recreation-facilities/location/?id=378","stateByTime":{"0030":{"observed":"temporary_closed","scheduled":"closed"},"1200":{"observed":"temporary_closed","scheduled":"open"},"2030":{"observed":"temporary_closed","scheduled":"open"},"2200":{"observed":"temporary_closed","scheduled":"closed"}}},"type":"Feature"},{"geometry":{"coordinates":[-79.54305009000001,43.5876958],"type":"Point"},"id":"parks:29570","properties":{"accessCondition":"unrestricted","accessibility":"unknown","address":"2 Forty Second St","closureCategory":"none","hours":"9 a.m. to 10 p.m.","id":"parks:29570","name":"Marie Curtis Park Playground Washroom","partialService":false,"reachAvailable":true,"schemaVersion":1,"source":"parks","sourceUrl":"https://www.toronto.ca/explore-enjoy/parks-recreation/places-spaces/parks-and-recreation-facilities/location/?id=6","stateByTime":{"0030":{"observed":"scheduled_closed","scheduled":"closed"},"1200":{"observed":"open","scheduled":"open"},"2030":{"observed":"open","scheduled":"open"},"2200":{"observed":"scheduled_closed","scheduled":"closed"}}},"type":"Feature"},{"geometry":{"coordinates":[-79.57732150999999,43.63146595],"type":"Point"},"id":"parks:29572","properties":{"accessCondition":"unrestricted","accessibility":"accessible","address":"4370 Bloor St  W","closureCategory":"none","hours":"9 a.m. to 10 p.m.","id":"parks:29572","name":"Millwood Park Washroom ","partialService":false,"reachAvailable":true,"schemaVersion":1,"source":"parks","sourceUrl":"https://www.toronto.ca/explore-enjoy/parks-recreation/places-spaces/parks-and-recreation-facilities/location/?id=853","stateByTime":{"0030":{"observed":"scheduled_closed","scheduled":"closed"},"1200":{"observed":"open","scheduled":"open"},"2030":{"observed":"open","scheduled":"open"},"2200":{"observed":"scheduled_closed","scheduled":"closed"}}},"type":"Feature"},{"geometry":{"coordinates":[-79.19396006,43.77906343],"type":"Point"},"id":"parks:29578","properties":{"accessCondition":"unrestricted","accessibility":"unknown","address":"390 Morningside Ave","closureCategory":"none","hours":"9 a.m. to 10 p.m.","id":"parks:29578","name":"Morningside Park Washroom","partialService":false,"reachAvailable":true,"schemaVersion":1,"source":"parks","sourceUrl":"https://www.toronto.ca/explore-enjoy/parks-recreation/places-spaces/parks-and-recreation-facilities/location/?id=1470","stateByTime":{"0030":{"observed":"scheduled_closed","scheduled":"closed"},"1200":{"observed":"open","scheduled":"open"},"2030":{"observed":"open","scheduled":"open"},"2200":{"observed":"scheduled_closed","scheduled":"closed"}}},"type":"Feature"},{"geometry":{"coordinates":[-79.19720228,43.77781526],"type":"Point"},"id":"parks:29579","properties":{"accessCondition":"unrestricted","accessibility":"unknown","address":"390 Morningside Ave","closureCategory":"none","hours":"9 a.m. to 10 p.m.","id":"parks:29579","name":"Morningside Park Central Picnic Site Washroom","partialService":false,"reachAvailable":true,"schemaVersion":1,"source":"parks","sourceUrl":"https://www.toronto.ca/explore-enjoy/parks-recreation/places-spaces/parks-and-recreation-facilities/location/?id=1470","stateByTime":{"0030":{"observed":"scheduled_closed","scheduled":"closed"},"1200":{"observed":"open","scheduled":"open"},"2030":{"observed":"open","scheduled":"open"},"2200":{"observed":"scheduled_closed","scheduled":"closed"}}},"type":"Feature"},{"geometry":{"coordinates":[-79.20171197,43.77759899],"type":"Point"},"id":"parks:29580","properties":{"accessCondition":"unrestricted","accessibility":"accessible","address":"390 Morningside Ave","closureCategory":"none","hours":"9 a.m. to 10 p.m.","id":"parks:29580","name":"Morningside Park West Parking Lot Washroom","partialService":false,"reachAvailable":true,"schemaVersion":1,"source":"parks","sourceUrl":"https://www.toronto.ca/explore-enjoy/parks-recreation/places-spaces/parks-and-recreation-facilities/location/?id=1470","stateByTime":{"0030":{"observed":"scheduled_closed","scheduled":"closed"},"1200":{"observed":"open","scheduled":"open"},"2030":{"observed":"open","scheduled":"open"},"2200":{"observed":"scheduled_closed","scheduled":"closed"}}},"type":"Feature"},{"geometry":{"coordinates":[-79.3398727,43.65656653],"type":"Point"},"id":"parks:29581","properties":{"accessCondition":"unrestricted","accessibility":"accessible","address":"76 Morse St","closureCategory":"none","hours":"9 a.m. to 10 p.m.","id":"parks:29581","name":"Morse Street Playground Washroom","partialService":false,"reachAvailable":true,"schemaVersion":1,"source":"parks","sourceUrl":"https://www.toronto.ca/explore-enjoy/parks-recreation/places-spaces/parks-and-recreation-facilities/location/?id=174","stateByTime":{"0030":{"observed":"scheduled_closed","scheduled":"closed"},"1200":{"observed":"open","scheduled":"open"},"2030":{"observed":"open","scheduled":"open"},"2200":{"observed":"scheduled_closed","scheduled":"closed"}}},"type":"Feature"},{"geometry":{"coordinates":[-79.22435637,43.81359515],"type":"Point"},"id":"parks:29583","properties":{"accessCondition":"unrestricted","accessibility":"accessible","address":"1555 Neilson Rd","closureCategory":"none","hours":"9 a.m. to 10 p.m.","id":"parks:29583","name":"Neilson Park Scarborough Washroom","partialService":false,"reachAvailable":true,"schemaVersion":1,"source":"parks","sourceUrl":"https://www.toronto.ca/explore-enjoy/parks-recreation/places-spaces/parks-and-recreation-facilities/location/?id=792","stateByTime":{"0030":{"observed":"scheduled_closed","scheduled":"closed"},"1200":{"observed":"open","scheduled":"open"},"2030":{"observed":"open","scheduled":"open"},"2200":{"observed":"scheduled_closed","scheduled":"closed"}}},"type":"Feature"},{"geometry":{"coordinates":[-79.49686636,43.74763687],"type":"Point"},"id":"parks:29589","properties":{"accessCondition":"unrestricted","accessibility":"accessible","address":"140 Stilecroft Dr","closureCategory":"construction","hours":"9 a.m. to 10 p.m.","id":"parks:29589","name":"Northwood Park Washroom ","partialService":false,"reachAvailable":true,"schemaVersion":1,"source":"parks","sourceUrl":"https://www.toronto.ca/explore-enjoy/parks-recreation/places-spaces/parks-and-recreation-facilities/location/?id=481","stateByTime":{"0030":{"observed":"construction_closed","scheduled":"closed"},"1200":{"observed":"construction_closed","scheduled":"open"},"2030":{"observed":"construction_closed","scheduled":"open"},"2200":{"observed":"construction_closed","scheduled":"closed"}}},"type":"Feature"},{"geometry":{"coordinates":[-79.30277581,43.682051630000004],"type":"Point"},"id":"parks:29590","properties":{"accessCondition":"unrestricted","accessibility":"accessible","address":"16 Norwood Rd","closureCategory":"none","hours":"9 a.m. to 10 p.m.","id":"parks:29590","name":"Norwood Park Washroom","partialService":false,"reachAvailable":true,"schemaVersion":1,"source":"parks","sourceUrl":"https://www.toronto.ca/explore-enjoy/parks-recreation/places-spaces/parks-and-recreation-facilities/location/?id=228","stateByTime":{"0030":{"observed":"scheduled_closed","scheduled":"closed"},"1200":{"observed":"open","scheduled":"open"},"2030":{"observed":"open","scheduled":"open"},"2200":{"observed":"scheduled_closed","scheduled":"closed"}}},"type":"Feature"},{"geometry":{"coordinates":[-79.45295042,43.66397273],"type":"Point"},"id":"parks:29596","properties":{"accessCondition":"unrestricted","accessibility":"accessible","address":"350 Perth Ave","closureCategory":"none","hours":"9 a.m. to 10 p.m.","id":"parks:29596","name":"Perth Square Park Washroom ","partialService":false,"reachAvailable":true,"schemaVersion":1,"source":"parks","sourceUrl":"https://www.toronto.ca/explore-enjoy/parks-recreation/places-spaces/parks-and-recreation-facilities/location/?id=284","stateByTime":{"0030":{"observed":"scheduled_closed","scheduled":"closed"},"1200":{"observed":"open","scheduled":"open"},"2030":{"observed":"open","scheduled":"open"},"2200":{"observed":"scheduled_closed","scheduled":"closed"}}},"type":"Feature"},{"geometry":{"coordinates":[-79.13477359999999,43.77672534],"type":"Point"},"id":"parks:29598","properties":{"accessCondition":"unrestricted","accessibility":"accessible","address":"105 Bridgend St","closureCategory":"none","hours":"9 a.m. to 10 p.m.","id":"parks:29598","name":"Port Union Village Common Park Washroom","partialService":false,"reachAvailable":true,"schemaVersion":1,"source":"parks","sourceUrl":"https://www.toronto.ca/explore-enjoy/parks-recreation/places-spaces/parks-and-recreation-facilities/location/?id=1094","stateByTime":{"0030":{"observed":"scheduled_closed","scheduled":"closed"},"1200":{"observed":"open","scheduled":"open"},"2030":{"observed":"open","scheduled":"open"},"2200":{"observed":"scheduled_closed","scheduled":"closed"}}},"type":"Feature"},{"geometry":{"coordinates":[-79.28394728,43.697219430000004],"type":"Point"},"id":"parks:29600","properties":{"accessCondition":"unrestricted","accessibility":"accessible","address":"101 Pharmacy Ave","closureCategory":"none","hours":"9 a.m. to 10 p.m.","id":"parks:29600","name":"Prairie Drive Park Washroom ","partialService":false,"reachAvailable":true,"schemaVersion":1,"source":"parks","sourceUrl":"https://www.toronto.ca/explore-enjoy/parks-recreation/places-spaces/parks-and-recreation-facilities/location/?id=733","stateByTime":{"0030":{"observed":"scheduled_closed","scheduled":"closed"},"1200":{"observed":"open","scheduled":"open"},"2030":{"observed":"open","scheduled":"open"},"2200":{"observed":"scheduled_closed","scheduled":"closed"}}},"type":"Feature"},{"geometry":{"coordinates":[-79.39496524,43.67620586],"type":"Point"},"id":"parks:29606","properties":{"accessCondition":"unrestricted","accessibility":"accessible","address":"1020 Yonge St","closureCategory":"none","hours":"9 a.m. to 10 p.m.","id":"parks:29606","name":"Ramsden Park Washroom ","partialService":false,"reachAvailable":true,"schemaVersion":1,"source":"parks","sourceUrl":"https://www.toronto.ca/explore-enjoy/parks-recreation/places-spaces/parks-and-recreation-facilities/location/?id=167","stateByTime":{"0030":{"observed":"scheduled_closed","scheduled":"closed"},"1200":{"observed":"open","scheduled":"open"},"2030":{"observed":"open","scheduled":"open"},"2200":{"observed":"scheduled_closed","scheduled":"closed"}}},"type":"Feature"},{"geometry":{"coordinates":[-79.35550582,43.66772754],"type":"Point"},"id":"parks:29612","properties":{"accessCondition":"unrestricted","accessibility":"accessible","address":"550 Broadview Ave","closureCategory":"none","hours":"9 a.m. to 10 p.m.","id":"parks:29612","name":"Riverdale Park East Fieldhouse Washroom ","partialService":false,"reachAvailable":true,"schemaVersion":1,"source":"parks","sourceUrl":"https://www.toronto.ca/explore-enjoy/parks-recreation/places-spaces/parks-and-recreation-facilities/location/?id=343","stateByTime":{"0030":{"observed":"scheduled_closed","scheduled":"closed"},"1200":{"observed":"open","scheduled":"open"},"2030":{"observed":"open","scheduled":"open"},"2200":{"observed":"scheduled_closed","scheduled":"closed"}}},"type":"Feature"},{"geometry":{"coordinates":[-79.35943234,43.665285579999995],"type":"Point"},"id":"parks:29614","properties":{"accessCondition":"unrestricted","accessibility":"unknown","address":"375 Sumach St","closureCategory":"none","hours":"9 a.m. to 10 p.m.","id":"parks:29614","name":"Riverdale Park West Washroom ","partialService":false,"reachAvailable":true,"schemaVersion":1,"source":"parks","sourceUrl":"https://www.toronto.ca/explore-enjoy/parks-recreation/places-spaces/parks-and-recreation-facilities/location/?id=344","stateByTime":{"0030":{"observed":"scheduled_closed","scheduled":"closed"},"1200":{"observed":"open","scheduled":"open"},"2030":{"observed":"open","scheduled":"open"},"2200":{"observed":"scheduled_closed","scheduled":"closed"}}},"type":"Feature"},{"geometry":{"coordinates":[-79.37905467,43.68336807],"type":"Point"},"id":"parks:29616","properties":{"accessCondition":"unrestricted","accessibility":"accessible","address":"20 Scholfield Ave","closureCategory":"none","hours":"9 a.m. to 10 p.m.","id":"parks:29616","name":"Rosedale Park Tennis Clubhouse Washroom","partialService":false,"reachAvailable":true,"schemaVersion":1,"source":"parks","sourceUrl":"https://www.toronto.ca/explore-enjoy/parks-recreation/places-spaces/parks-and-recreation-facilities/location/?id=210","stateByTime":{"0030":{"observed":"scheduled_closed","scheduled":"closed"},"1200":{"observed":"open","scheduled":"open"},"2030":{"observed":"open","scheduled":"open"},"2200":{"observed":"scheduled_closed","scheduled":"closed"}}},"type":"Feature"},{"geometry":{"coordinates":[-79.25627063,43.69683674],"type":"Point"},"id":"parks:29617","properties":{"accessCondition":"unrestricted","accessibility":"accessible","address":"5 Glen Everest Rd","closureCategory":"none","hours":"9 a.m. to 10 p.m.","id":"parks:29617","name":"Rosetta McClain Gardens Washroom ","partialService":false,"reachAvailable":true,"schemaVersion":1,"source":"parks","sourceUrl":"https://www.toronto.ca/explore-enjoy/parks-recreation/places-spaces/parks-and-recreation-facilities/location/?id=19","stateByTime":{"0030":{"observed":"scheduled_closed","scheduled":"closed"},"1200":{"observed":"open","scheduled":"open"},"2030":{"observed":"open","scheduled":"open"},"2200":{"observed":"scheduled_closed","scheduled":"closed"}}},"type":"Feature"},{"geometry":{"coordinates":[-79.5778917,43.75219004],"type":"Point"},"id":"parks:29622","properties":{"accessCondition":"unrestricted","accessibility":"accessible","address":"155 Rowntree Mill Rd","closureCategory":"none","hours":"9 a.m. to 10 p.m.","id":"parks:29622","name":"Rowntree Mills Park Washroom","partialService":false,"reachAvailable":true,"schemaVersion":1,"source":"parks","sourceUrl":"https://www.toronto.ca/explore-enjoy/parks-recreation/places-spaces/parks-and-recreation-facilities/location/?id=22","stateByTime":{"0030":{"observed":"scheduled_closed","scheduled":"closed"},"1200":{"observed":"open","scheduled":"open"},"2030":{"observed":"open","scheduled":"open"},"2200":{"observed":"scheduled_closed","scheduled":"closed"}}},"type":"Feature"},{"geometry":{"coordinates":[-79.21296882,43.74729181],"type":"Point"},"id":"parks:29628","properties":{"accessCondition":"unrestricted","accessibility":"accessible","address":"23 Gatesview Ave","closureCategory":"none","hours":"9 a.m. to 10 p.m.","id":"parks:29628","name":"Scarborough Village Park Fieldhouse Washroom","partialService":false,"reachAvailable":true,"schemaVersion":1,"source":"parks","sourceUrl":"https://www.toronto.ca/explore-enjoy/parks-recreation/places-spaces/parks-and-recreation-facilities/location/?id=746","stateByTime":{"0030":{"observed":"scheduled_closed","scheduled":"closed"},"1200":{"observed":"open","scheduled":"open"},"2030":{"observed":"open","scheduled":"open"},"2200":{"observed":"scheduled_closed","scheduled":"closed"}}},"type":"Feature"},{"geometry":{"coordinates":[-79.50013258,43.683527590000004],"type":"Point"},"id":"parks:29631","properties":{"accessCondition":"unrestricted","accessibility":"unknown","address":"1000 Jane St","closureCategory":"none","hours":"9 a.m. to 10 p.m.","id":"parks:29631","name":"Scarlett Woods Golf Course Washroom","partialService":false,"reachAvailable":true,"schemaVersion":1,"source":"parks","sourceUrl":"https://www.toronto.ca/explore-enjoy/parks-recreation/places-spaces/parks-and-recreation-facilities/location/?id=401","stateByTime":{"0030":{"observed":"scheduled_closed","scheduled":"closed"},"1200":{"observed":"open","scheduled":"open"},"2030":{"observed":"open","scheduled":"open"},"2200":{"observed":"scheduled_closed","scheduled":"closed"}}},"type":"Feature"},{"geometry":{"coordinates":[-79.21006559,43.78794079],"type":"Point"},"id":"parks:29634","properties":{"accessCondition":"unrestricted","accessibility":"accessible","address":"372 Military Trl","closureCategory":"none","hours":"9 a.m. to 10 p.m.","id":"parks:29634","name":"Seven Oaks Park Washroom","partialService":false,"reachAvailable":true,"schemaVersion":1,"source":"parks","sourceUrl":"https://www.toronto.ca/explore-enjoy/parks-recreation/places-spaces/parks-and-recreation-facilities/location/?id=590","stateByTime":{"0030":{"observed":"scheduled_closed","scheduled":"closed"},"1200":{"observed":"open","scheduled":"open"},"2030":{"observed":"open","scheduled":"open"},"2200":{"observed":"scheduled_closed","scheduled":"closed"}}},"type":"Feature"},{"geometry":{"coordinates":[-79.46576904,43.63513752],"type":"Point"},"id":"parks:29638","properties":{"accessCondition":"unrestricted","accessibility":"accessible","address":"2001 Lake Shore Blvd  W","closureCategory":"none","hours":"9 a.m. to 10 p.m.","id":"parks:29638","name":"Sir Casimir Gzowski Park Fieldhouse Washroom ","partialService":false,"reachAvailable":true,"schemaVersion":1,"source":"parks","sourceUrl":"https://www.toronto.ca/explore-enjoy/parks-recreation/places-spaces/parks-and-recreation-facilities/location/?id=71","stateByTime":{"0030":{"observed":"scheduled_closed","scheduled":"closed"},"1200":{"observed":"open","scheduled":"open"},"2030":{"observed":"open","scheduled":"open"},"2200":{"observed":"scheduled_closed","scheduled":"closed"}}},"type":"Feature"},{"geometry":{"coordinates":[-79.40840168,43.684288679999995],"type":"Point"},"id":"parks:29641","properties":{"accessCondition":"unrestricted","accessibility":"unknown","address":"301 St. Clair Ave  W","closureCategory":"none","hours":"9 a.m. to 10 p.m.","id":"parks:29641","name":"Sir Winston Churchill Park Washroom","partialService":false,"reachAvailable":true,"schemaVersion":1,"source":"parks","sourceUrl":"https://www.toronto.ca/explore-enjoy/parks-recreation/places-spaces/parks-and-recreation-facilities/location/?id=200","stateByTime":{"0030":{"observed":"scheduled_closed","scheduled":"closed"},"1200":{"observed":"open","scheduled":"open"},"2030":{"observed":"open","scheduled":"open"},"2200":{"observed":"scheduled_closed","scheduled":"closed"}}},"type":"Feature"},{"geometry":{"coordinates":[-79.40931248,43.64276864],"type":"Point"},"id":"parks:29644","properties":{"accessCondition":"unrestricted","accessibility":"accessible","address":"890 King St  W","closureCategory":"none","hours":"9 a.m. to 10 p.m.","id":"parks:29644","name":"Stanley Park North Toronto Playground Washroom ","partialService":false,"reachAvailable":true,"schemaVersion":1,"source":"parks","sourceUrl":"https://www.toronto.ca/explore-enjoy/parks-recreation/places-spaces/parks-and-recreation-facilities/location/?id=212","stateByTime":{"0030":{"observed":"scheduled_closed","scheduled":"closed"},"1200":{"observed":"open","scheduled":"open"},"2030":{"observed":"open","scheduled":"open"},"2200":{"observed":"scheduled_closed","scheduled":"closed"}}},"type":"Feature"},{"geometry":{"coordinates":[-79.45590091,43.6377201],"type":"Point"},"id":"parks:29652","properties":{"accessCondition":"unrestricted","accessibility":"accessible","address":"1755 Lake Shore Blvd  W","closureCategory":"none","hours":"View outdoor pool hours","id":"parks:29652","name":"Sunnyside Park Outdoor Pool Washroom ","partialService":false,"reachAvailable":true,"schemaVersion":1,"source":"parks","sourceUrl":"https://www.toronto.ca/explore-enjoy/parks-recreation/places-spaces/parks-and-recreation-facilities/location/?id=395","stateByTime":{"0030":{"observed":"unknown_hours","scheduled":"unknown"},"1200":{"observed":"unknown_hours","scheduled":"unknown"},"2030":{"observed":"unknown_hours","scheduled":"unknown"},"2200":{"observed":"unknown_hours","scheduled":"unknown"}}},"type":"Feature"},{"geometry":{"coordinates":[-79.29934705000001,43.7864092],"type":"Point"},"id":"parks:29655","properties":{"accessCondition":"unrestricted","accessibility":"unknown","address":"2481 Birchmount Rd","closureCategory":"none","hours":"9 a.m. to 10 p.m.","id":"parks:29655","name":"Tam O'Shanter Golf Course Washroom","partialService":false,"reachAvailable":true,"schemaVersion":1,"source":"parks","sourceUrl":"https://www.toronto.ca/explore-enjoy/parks-recreation/places-spaces/parks-and-recreation-facilities/location/?id=398","stateByTime":{"0030":{"observed":"scheduled_closed","scheduled":"closed"},"1200":{"observed":"open","scheduled":"open"},"2030":{"observed":"open","scheduled":"open"},"2200":{"observed":"scheduled_closed","scheduled":"closed"}}},"type":"Feature"},{"geometry":{"coordinates":[-79.29838937,43.69664426],"type":"Point"},"id":"parks:29656","properties":{"accessCondition":"unrestricted","accessibility":"accessible","address":"260 Dawes Rd","closureCategory":"none","hours":"9 a.m. to 10 p.m.","id":"parks:29656","name":"Taylor Creek Park Washroom","partialService":false,"reachAvailable":true,"schemaVersion":1,"source":"parks","sourceUrl":"https://www.toronto.ca/explore-enjoy/parks-recreation/places-spaces/parks-and-recreation-facilities/location/?id=29","stateByTime":{"0030":{"observed":"scheduled_closed","scheduled":"closed"},"1200":{"observed":"open","scheduled":"open"},"2030":{"observed":"open","scheduled":"open"},"2200":{"observed":"scheduled_closed","scheduled":"closed"}}},"type":"Feature"},{"geometry":{"coordinates":[-79.25506082999999,43.75907419],"type":"Point"},"id":"parks:29660","properties":{"accessCondition":"unrestricted","accessibility":"unknown","address":"1005 Brimley Rd","closureCategory":"none","hours":"9 a.m. to 10 p.m.","id":"parks:29660","name":"Thomson Memorial Park North Washroom","partialService":false,"reachAvailable":true,"schemaVersion":1,"source":"parks","sourceUrl":"https://www.toronto.ca/explore-enjoy/parks-recreation/places-spaces/parks-and-recreation-facilities/location/?id=543","stateByTime":{"0030":{"observed":"scheduled_closed","scheduled":"closed"},"1200":{"observed":"open","scheduled":"open"},"2030":{"observed":"open","scheduled":"open"},"2200":{"observed":"scheduled_closed","scheduled":"closed"}}},"type":"Feature"},{"geometry":{"coordinates":[-79.25523249,43.75759412],"type":"Point"},"id":"parks:29661","properties":{"accessCondition":"unrestricted","accessibility":"unknown","address":"1005 Brimley Rd","closureCategory":"none","hours":"9 a.m. to 10 p.m.","id":"parks:29661","name":"Thomson Memorial Park South Washroom","partialService":false,"reachAvailable":true,"schemaVersion":1,"source":"parks","sourceUrl":"https://www.toronto.ca/explore-enjoy/parks-recreation/places-spaces/parks-and-recreation-facilities/location/?id=543","stateByTime":{"0030":{"observed":"scheduled_closed","scheduled":"closed"},"1200":{"observed":"open","scheduled":"open"},"2030":{"observed":"open","scheduled":"open"},"2200":{"observed":"scheduled_closed","scheduled":"closed"}}},"type":"Feature"},{"geometry":{"coordinates":[-79.37630671,43.620278549999995],"type":"Point"},"id":"parks:29685","properties":{"accessCondition":"unrestricted","accessibility":"accessible","address":"9 Queens Quay  W","closureCategory":"none","hours":"None","id":"parks:29685","name":"Toronto Islands - Toronto Island Park Avenue of the Islands Washroom","partialService":false,"reachAvailable":true,"schemaVersion":1,"source":"parks","sourceUrl":"https://www.toronto.ca/explore-enjoy/parks-recreation/places-spaces/parks-and-recreation-facilities/location/?id=2024","stateByTime":{"0030":{"observed":"unknown_hours","scheduled":"unknown"},"1200":{"observed":"unknown_hours","scheduled":"unknown"},"2030":{"observed":"unknown_hours","scheduled":"unknown"},"2200":{"observed":"unknown_hours","scheduled":"unknown"}}},"type":"Feature"},{"geometry":{"coordinates":[-79.37907425,43.62231261],"type":"Point"},"id":"parks:29689","properties":{"accessCondition":"unrestricted","accessibility":"accessible","address":"9 Queens Quay  W","closureCategory":"none","hours":"None","id":"parks:29689","name":"Toronto Islands - Ferry Dock Washroom","partialService":false,"reachAvailable":true,"schemaVersion":1,"source":"parks","sourceUrl":"https://www.toronto.ca/explore-enjoy/parks-recreation/places-spaces/parks-and-recreation-facilities/location/?id=2024","stateByTime":{"0030":{"observed":"unknown_hours","scheduled":"unknown"},"1200":{"observed":"unknown_hours","scheduled":"unknown"},"2030":{"observed":"unknown_hours","scheduled":"unknown"},"2200":{"observed":"unknown_hours","scheduled":"unknown"}}},"type":"Feature"},{"geometry":{"coordinates":[-79.37587345,43.61780812],"type":"Point"},"id":"parks:29695","properties":{"accessCondition":"unrestricted","accessibility":"unknown","address":"1 Centre Island Park","closureCategory":"none","hours":"None","id":"parks:29695","name":"Toronto Islands - Centre Island Washroom","partialService":false,"reachAvailable":true,"schemaVersion":1,"source":"parks","sourceUrl":"https://www.toronto.ca/explore-enjoy/parks-recreation/places-spaces/parks-and-recreation-facilities/location/?id=2725","stateByTime":{"0030":{"observed":"unknown_hours","scheduled":"unknown"},"1200":{"observed":"unknown_hours","scheduled":"unknown"},"2030":{"observed":"unknown_hours","scheduled":"unknown"},"2200":{"observed":"unknown_hours","scheduled":"unknown"}}},"type":"Feature"},{"geometry":{"coordinates":[-79.3725951,43.61669106],"type":"Point"},"id":"parks:29698","properties":{"accessCondition":"unrestricted","accessibility":"accessible","address":"9 Queens Quay  W","closureCategory":"none","hours":"None","id":"parks:29698","name":"Toronto Islands - Centre Island West Pier Washroom","partialService":false,"reachAvailable":true,"schemaVersion":1,"source":"parks","sourceUrl":"https://www.toronto.ca/explore-enjoy/parks-recreation/places-spaces/parks-and-recreation-facilities/location/?id=2725","stateByTime":{"0030":{"observed":"unknown_hours","scheduled":"unknown"},"1200":{"observed":"unknown_hours","scheduled":"unknown"},"2030":{"observed":"unknown_hours","scheduled":"unknown"},"2200":{"observed":"unknown_hours","scheduled":"unknown"}}},"type":"Feature"},{"geometry":{"coordinates":[-79.37368264,43.62329584],"type":"Point"},"id":"parks:29705","properties":{"accessCondition":"unrestricted","accessibility":"unknown","address":"9 Queens Quay  W","closureCategory":"none","hours":"None","id":"parks:29705","name":"Toronto Islands - Olympic Island Park Washroom","partialService":false,"reachAvailable":true,"schemaVersion":1,"source":"parks","sourceUrl":"https://www.toronto.ca/explore-enjoy/parks-recreation/places-spaces/parks-and-recreation-facilities/location/?id=2543","stateByTime":{"0030":{"observed":"unknown_hours","scheduled":"unknown"},"1200":{"observed":"unknown_hours","scheduled":"unknown"},"2030":{"observed":"unknown_hours","scheduled":"unknown"},"2200":{"observed":"unknown_hours","scheduled":"unknown"}}},"type":"Feature"},{"geometry":{"coordinates":[-79.36529069,43.62074108],"type":"Point"},"id":"parks:29708","properties":{"accessCondition":"unrestricted","accessibility":"accessible","address":"1 Centre Island Park","closureCategory":"none","hours":"None","id":"parks:29708","name":"Toronto Islands - Ward's Island Chippewa House Washroom ","partialService":false,"reachAvailable":true,"schemaVersion":1,"source":"parks","sourceUrl":"https://www.toronto.ca/explore-enjoy/parks-recreation/places-spaces/parks-and-recreation-facilities/location/?id=2039","stateByTime":{"0030":{"observed":"unknown_hours","scheduled":"unknown"},"1200":{"observed":"unknown_hours","scheduled":"unknown"},"2030":{"observed":"unknown_hours","scheduled":"unknown"},"2200":{"observed":"unknown_hours","scheduled":"unknown"}}},"type":"Feature"},{"geometry":{"coordinates":[-79.35931032,43.625124250000006],"type":"Point"},"id":"parks:29711","properties":{"accessCondition":"unrestricted","accessibility":"unknown","address":"None","closureCategory":"construction","hours":"None","id":"parks:29711","name":"Toronto Islands - Ward's Island Fire Station Washroom","partialService":true,"reachAvailable":true,"schemaVersion":1,"source":"parks","sourceUrl":"https://www.toronto.ca/explore-enjoy/parks-recreation/places-spaces/parks-and-recreation-facilities/location/?id=2039","stateByTime":{"0030":{"observed":"unknown_hours","scheduled":"unknown"},"1200":{"observed":"unknown_hours","scheduled":"unknown"},"2030":{"observed":"unknown_hours","scheduled":"unknown"},"2200":{"observed":"unknown_hours","scheduled":"unknown"}}},"type":"Feature"},{"geometry":{"coordinates":[-79.41368713,43.649534730000006],"type":"Point"},"id":"parks:29716","properties":{"accessCondition":"unrestricted","accessibility":"accessible","address":"790 Queen St  W","closureCategory":"none","hours":"9 a.m. to 10 p.m.","id":"parks:29716","name":"Trinity Bellwoods Park North Baseball Diamond Washroom ","partialService":false,"reachAvailable":true,"schemaVersion":1,"source":"parks","sourceUrl":"https://www.toronto.ca/explore-enjoy/parks-recreation/places-spaces/parks-and-recreation-facilities/location/?id=241","stateByTime":{"0030":{"observed":"scheduled_closed","scheduled":"closed"},"1200":{"observed":"open","scheduled":"open"},"2030":{"observed":"open","scheduled":"open"},"2200":{"observed":"scheduled_closed","scheduled":"closed"}}},"type":"Feature"},{"geometry":{"coordinates":[-79.53438656,43.69466171],"type":"Point"},"id":"parks:29720","properties":{"accessCondition":"unrestricted","accessibility":"unknown","address":"35 The Westway","closureCategory":"seasonal","hours":"View outdoor rink hours","id":"parks:29720","name":"Valleyfield Park Outdoor Rink Washroom","partialService":false,"reachAvailable":true,"schemaVersion":1,"source":"parks","sourceUrl":"https://www.toronto.ca/explore-enjoy/parks-recreation/places-spaces/parks-and-recreation-facilities/location/?id=812","stateByTime":{"0030":{"observed":"seasonal_closed","scheduled":"unknown"},"1200":{"observed":"seasonal_closed","scheduled":"unknown"},"2030":{"observed":"seasonal_closed","scheduled":"unknown"},"2200":{"observed":"seasonal_closed","scheduled":"unknown"}}},"type":"Feature"},{"geometry":{"coordinates":[-79.39187778,43.72882539],"type":"Point"},"id":"parks:29724","properties":{"accessCondition":"unrestricted","accessibility":"accessible","address":"250 Wanless Ave","closureCategory":"none","hours":"9 a.m. to 10 p.m.","id":"parks:29724","name":"Wanless Park Fieldhouse Washroom ","partialService":false,"reachAvailable":true,"schemaVersion":1,"source":"parks","sourceUrl":"https://www.toronto.ca/explore-enjoy/parks-recreation/places-spaces/parks-and-recreation-facilities/location/?id=265","stateByTime":{"0030":{"observed":"scheduled_closed","scheduled":"closed"},"1200":{"observed":"open","scheduled":"open"},"2030":{"observed":"open","scheduled":"open"},"2200":{"observed":"scheduled_closed","scheduled":"closed"}}},"type":"Feature"},{"geometry":{"coordinates":[-79.57379257000001,43.65711403],"type":"Point"},"id":"parks:29728","properties":{"accessCondition":"unrestricted","accessibility":"accessible","address":"55 Dixfield Dr","closureCategory":"none","hours":"9 a.m. to 10 p.m.","id":"parks:29728","name":"Wellesworth Park Washroom ","partialService":false,"reachAvailable":true,"schemaVersion":1,"source":"parks","sourceUrl":"https://www.toronto.ca/explore-enjoy/parks-recreation/places-spaces/parks-and-recreation-facilities/location/?id=872","stateByTime":{"0030":{"observed":"scheduled_closed","scheduled":"closed"},"1200":{"observed":"open","scheduled":"open"},"2030":{"observed":"open","scheduled":"open"},"2200":{"observed":"scheduled_closed","scheduled":"closed"}}},"type":"Feature"},{"geometry":{"coordinates":[-79.41634327000001,43.6823371],"type":"Point"},"id":"parks:29729","properties":{"accessCondition":"unrestricted","accessibility":"accessible","address":"145 Hilton Ave","closureCategory":"none","hours":"9 a.m. to 10 p.m.","id":"parks:29729","name":"Wells Hill Park Washroom ","partialService":false,"reachAvailable":true,"schemaVersion":1,"source":"parks","sourceUrl":"https://www.toronto.ca/explore-enjoy/parks-recreation/places-spaces/parks-and-recreation-facilities/location/?id=393","stateByTime":{"0030":{"observed":"scheduled_closed","scheduled":"closed"},"1200":{"observed":"open","scheduled":"open"},"2030":{"observed":"open","scheduled":"open"},"2200":{"observed":"scheduled_closed","scheduled":"closed"}}},"type":"Feature"},{"geometry":{"coordinates":[-79.55755201000001,43.660838070000004],"type":"Point"},"id":"parks:29732","properties":{"accessCondition":"unrestricted","accessibility":"accessible","address":"19 Sedgebrook Cres","closureCategory":"none","hours":"9 a.m. to 10 p.m.","id":"parks:29732","name":"West Deane Park Washroom ","partialService":false,"reachAvailable":true,"schemaVersion":1,"source":"parks","sourceUrl":"https://www.toronto.ca/explore-enjoy/parks-recreation/places-spaces/parks-and-recreation-facilities/location/?id=873","stateByTime":{"0030":{"observed":"scheduled_closed","scheduled":"closed"},"1200":{"observed":"open","scheduled":"open"},"2030":{"observed":"open","scheduled":"open"},"2200":{"observed":"scheduled_closed","scheduled":"closed"}}},"type":"Feature"},{"geometry":{"coordinates":[-79.29718319,43.73367211],"type":"Point"},"id":"parks:29740","properties":{"accessCondition":"unrestricted","accessibility":"accessible","address":"55 Elm Bank Rd","closureCategory":"none","hours":"9 a.m. to 10 p.m.","id":"parks:29740","name":"Wexford Park Fieldhouse Washroom ","partialService":false,"reachAvailable":true,"schemaVersion":1,"source":"parks","sourceUrl":"https://www.toronto.ca/explore-enjoy/parks-recreation/places-spaces/parks-and-recreation-facilities/location/?id=571","stateByTime":{"0030":{"observed":"scheduled_closed","scheduled":"closed"},"1200":{"observed":"open","scheduled":"open"},"2030":{"observed":"open","scheduled":"open"},"2200":{"observed":"scheduled_closed","scheduled":"closed"}}},"type":"Feature"},{"geometry":{"coordinates":[-79.40805249,43.7662024],"type":"Point"},"id":"parks:29745","properties":{"accessCondition":"unrestricted","accessibility":"unknown","address":"75 Hollywood Ave","closureCategory":"none","hours":"9 a.m. to 10 p.m.","id":"parks:29745","name":"Willowdale Park North York Tennis Club Washroom ","partialService":false,"reachAvailable":true,"schemaVersion":1,"source":"parks","sourceUrl":"https://www.toronto.ca/explore-enjoy/parks-recreation/places-spaces/parks-and-recreation-facilities/location/?id=865","stateByTime":{"0030":{"observed":"scheduled_closed","scheduled":"closed"},"1200":{"observed":"open","scheduled":"open"},"2030":{"observed":"open","scheduled":"open"},"2200":{"observed":"scheduled_closed","scheduled":"closed"}}},"type":"Feature"},{"geometry":{"coordinates":[-79.31696457000001,43.76983933],"type":"Point"},"id":"parks:29746","properties":{"accessCondition":"unrestricted","accessibility":"accessible","address":"1700 Pharmacy Ave","closureCategory":"none","hours":"9 a.m. to 10 p.m.","id":"parks:29746","name":"Wishing Well Park Fieldhouse Washroom ","partialService":false,"reachAvailable":true,"schemaVersion":1,"source":"parks","sourceUrl":"https://www.toronto.ca/explore-enjoy/parks-recreation/places-spaces/parks-and-recreation-facilities/location/?id=586","stateByTime":{"0030":{"observed":"scheduled_closed","scheduled":"closed"},"1200":{"observed":"open","scheduled":"open"},"2030":{"observed":"open","scheduled":"open"},"2200":{"observed":"scheduled_closed","scheduled":"closed"}}},"type":"Feature"},{"geometry":{"coordinates":[-79.3464167,43.67471828],"type":"Point"},"id":"parks:29749","properties":{"accessCondition":"unrestricted","accessibility":"unknown","address":"725 Logan Ave","closureCategory":"seasonal","hours":"View outdoor rink hours","id":"parks:29749","name":"Withrow Park Outdoor Rink Washroom","partialService":false,"reachAvailable":true,"schemaVersion":1,"source":"parks","sourceUrl":"https://www.toronto.ca/explore-enjoy/parks-recreation/places-spaces/parks-and-recreation-facilities/location/?id=306","stateByTime":{"0030":{"observed":"seasonal_closed","scheduled":"unknown"},"1200":{"observed":"seasonal_closed","scheduled":"unknown"},"2030":{"observed":"seasonal_closed","scheduled":"unknown"},"2200":{"observed":"seasonal_closed","scheduled":"unknown"}}},"type":"Feature"},{"geometry":{"coordinates":[-79.34754475,43.67558828],"type":"Point"},"id":"parks:29751","properties":{"accessCondition":"unrestricted","accessibility":"unknown","address":"725 Logan Ave","closureCategory":"none","hours":"9 a.m. to 10 p.m.","id":"parks:29751","name":"Withrow Park North Washroom","partialService":false,"reachAvailable":true,"schemaVersion":1,"source":"parks","sourceUrl":"https://www.toronto.ca/explore-enjoy/parks-recreation/places-spaces/parks-and-recreation-facilities/location/?id=306","stateByTime":{"0030":{"observed":"scheduled_closed","scheduled":"closed"},"1200":{"observed":"open","scheduled":"open"},"2030":{"observed":"open","scheduled":"open"},"2200":{"observed":"scheduled_closed","scheduled":"closed"}}},"type":"Feature"},{"geometry":{"coordinates":[-79.34561550000001,43.67289284],"type":"Point"},"id":"parks:29753","properties":{"accessCondition":"unrestricted","accessibility":"unknown","address":"725 Logan Ave","closureCategory":"temporary","hours":"9 a.m. to 10 p.m.","id":"parks:29753","name":"Withrow Park South Washroom","partialService":true,"reachAvailable":true,"schemaVersion":1,"source":"parks","sourceUrl":"https://www.toronto.ca/explore-enjoy/parks-recreation/places-spaces/parks-and-recreation-facilities/location/?id=306","stateByTime":{"0030":{"observed":"scheduled_closed","scheduled":"closed"},"1200":{"observed":"open","scheduled":"open"},"2030":{"observed":"open","scheduled":"open"},"2200":{"observed":"scheduled_closed","scheduled":"closed"}}},"type":"Feature"},{"geometry":{"coordinates":[-79.40586813,43.72734116],"type":"Point"},"id":"parks:29755","properties":{"accessCondition":"unrestricted","accessibility":"accessible","address":"75 Woburn Ave","closureCategory":"none","hours":"9 a.m. to 10 p.m.","id":"parks:29755","name":"Woburn Avenue Playground Washroom ","partialService":false,"reachAvailable":true,"schemaVersion":1,"source":"parks","sourceUrl":"https://www.toronto.ca/explore-enjoy/parks-recreation/places-spaces/parks-and-recreation-facilities/location/?id=445","stateByTime":{"0030":{"observed":"scheduled_closed","scheduled":"closed"},"1200":{"observed":"open","scheduled":"open"},"2030":{"observed":"open","scheduled":"open"},"2200":{"observed":"scheduled_closed","scheduled":"closed"}}},"type":"Feature"},{"geometry":{"coordinates":[-79.45540924,43.78046956],"type":"Point"},"id":"parks:30891","properties":{"accessCondition":"unrestricted","accessibility":"unknown","address":"4801 Dufferin St","closureCategory":"none","hours":"9 a.m. to 10 p.m.","id":"parks:30891","name":"G. Ross Lord Park Hidden Trail Washroom","partialService":false,"reachAvailable":true,"schemaVersion":1,"source":"parks","sourceUrl":"https://www.toronto.ca/explore-enjoy/parks-recreation/places-spaces/parks-and-recreation-facilities/location/?id=11","stateByTime":{"0030":{"observed":"scheduled_closed","scheduled":"closed"},"1200":{"observed":"open","scheduled":"open"},"2030":{"observed":"open","scheduled":"open"},"2200":{"observed":"scheduled_closed","scheduled":"closed"}}},"type":"Feature"},{"geometry":{"coordinates":[-79.3822504,43.69358544],"type":"Point"},"id":"parks:30923","properties":{"accessCondition":"unrestricted","accessibility":"accessible","address":"175 Moore Ave","closureCategory":"none","hours":"9 a.m. to 10 p.m.","id":"parks:30923","name":"Moorevale Park Tennis Club Washroom","partialService":false,"reachAvailable":true,"schemaVersion":1,"source":"parks","sourceUrl":"https://www.toronto.ca/explore-enjoy/parks-recreation/places-spaces/parks-and-recreation-facilities/location/?id=168","stateByTime":{"0030":{"observed":"scheduled_closed","scheduled":"closed"},"1200":{"observed":"open","scheduled":"open"},"2030":{"observed":"open","scheduled":"open"},"2200":{"observed":"scheduled_closed","scheduled":"closed"}}},"type":"Feature"},{"geometry":{"coordinates":[-79.44209140999999,43.71804993000001],"type":"Point"},"id":"parks:312","properties":{"accessCondition":"unrestricted","accessibility":"unknown","address":"5 Replin Rd","closureCategory":"none","hours":"Mon Closed; Tue Closed; Wed Closed; Thu Closed; Fri Closed; Sat Closed; Sun Closed","id":"parks:312","name":"Lawrence Heights Community Centre Washroom","partialService":false,"reachAvailable":true,"schemaVersion":1,"source":"parks","sourceUrl":"https://www.toronto.ca/explore-enjoy/parks-recreation/places-spaces/parks-and-recreation-facilities/location/?id=612","stateByTime":{"0030":{"observed":"scheduled_closed","scheduled":"closed"},"1200":{"observed":"scheduled_closed","scheduled":"closed"},"2030":{"observed":"scheduled_closed","scheduled":"closed"},"2200":{"observed":"scheduled_closed","scheduled":"closed"}}},"type":"Feature"},{"geometry":{"coordinates":[-79.30887446,43.658722850000004],"type":"Point"},"id":"parks:31265","properties":{"accessCondition":"unrestricted","accessibility":"accessible","address":"1561 Lake Shore Blvd  E","closureCategory":"none","hours":"9 a.m. to 10 p.m.","id":"parks:31265","name":"Ashbridges Bay Park Washroom ","partialService":false,"reachAvailable":true,"schemaVersion":1,"source":"parks","sourceUrl":"https://www.toronto.ca/explore-enjoy/parks-recreation/places-spaces/parks-and-recreation-facilities/location/?id=1","stateByTime":{"0030":{"observed":"scheduled_closed","scheduled":"closed"},"1200":{"observed":"open","scheduled":"open"},"2030":{"observed":"open","scheduled":"open"},"2200":{"observed":"scheduled_closed","scheduled":"closed"}}},"type":"Feature"},{"geometry":{"coordinates":[-79.34925606,43.69176623],"type":"Point"},"id":"parks:317","properties":{"accessCondition":"unrestricted","accessibility":"unknown","address":"1081 Pape Ave","closureCategory":"none","hours":"Mon Closed; Tue 7 a.m. to 10 p.m.; Wed 7 a.m. to 10 p.m.; Thu 7 a.m. to 10 p.m.; Fri 7 a.m. to 10 p.m.; Sat 9 a.m. to 8 p.m.; Sun 9 a.m. to 8 p.m.","id":"parks:317","name":"East York Community Centre Washroom","partialService":false,"reachAvailable":true,"schemaVersion":1,"source":"parks","sourceUrl":"https://www.toronto.ca/explore-enjoy/parks-recreation/places-spaces/parks-and-recreation-facilities/location/?id=329","stateByTime":{"0030":{"observed":"scheduled_closed","scheduled":"closed"},"1200":{"observed":"open","scheduled":"open"},"2030":{"observed":"open","scheduled":"open"},"2200":{"observed":"scheduled_closed","scheduled":"closed"}}},"type":"Feature"},{"geometry":{"coordinates":[-79.38394221,43.65219533],"type":"Point"},"id":"parks:32622","properties":{"accessCondition":"unrestricted","accessibility":"unknown","address":"100 Queen St  W","closureCategory":"none","hours":"View outdoor rink hours","id":"parks:32622","name":"Nathan Phillips Square Outdoor Rink Washroom","partialService":false,"reachAvailable":true,"schemaVersion":1,"source":"parks","sourceUrl":"https://www.toronto.ca/explore-enjoy/parks-recreation/places-spaces/parks-and-recreation-facilities/location/?id=1089","stateByTime":{"0030":{"observed":"unknown_hours","scheduled":"unknown"},"1200":{"observed":"unknown_hours","scheduled":"unknown"},"2030":{"observed":"unknown_hours","scheduled":"unknown"},"2200":{"observed":"unknown_hours","scheduled":"unknown"}}},"type":"Feature"},{"geometry":{"coordinates":[-79.34069398,43.65338408],"type":"Point"},"id":"parks:32743","properties":{"accessCondition":"unrestricted","accessibility":"accessible","address":"755 Lake Shore Blvd  E","closureCategory":"none","hours":"9 a.m. to 10 p.m.","id":"parks:32743","name":"McCleary Park Washroom","partialService":false,"reachAvailable":true,"schemaVersion":1,"source":"parks","sourceUrl":"https://www.toronto.ca/explore-enjoy/parks-recreation/places-spaces/parks-and-recreation-facilities/location/?id=379","stateByTime":{"0030":{"observed":"scheduled_closed","scheduled":"closed"},"1200":{"observed":"open","scheduled":"open"},"2030":{"observed":"open","scheduled":"open"},"2200":{"observed":"scheduled_closed","scheduled":"closed"}}},"type":"Feature"},{"geometry":{"coordinates":[-79.30189753,43.6664395],"type":"Point"},"id":"parks:32744","properties":{"accessCondition":"unrestricted","accessibility":"accessible","address":"70 Kewbeach Ave","closureCategory":"none","hours":"9 a.m. to 10 p.m.","id":"parks:32744","name":"Pantry Park Fieldhouse Washroom","partialService":false,"reachAvailable":true,"schemaVersion":1,"source":"parks","sourceUrl":"https://www.toronto.ca/explore-enjoy/parks-recreation/places-spaces/parks-and-recreation-facilities/location/?id=254","stateByTime":{"0030":{"observed":"scheduled_closed","scheduled":"closed"},"1200":{"observed":"open","scheduled":"open"},"2030":{"observed":"open","scheduled":"open"},"2200":{"observed":"scheduled_closed","scheduled":"closed"}}},"type":"Feature"},{"geometry":{"coordinates":[-79.35300257,43.721409390000005],"type":"Point"},"id":"parks:32745","properties":{"accessCondition":"unrestricted","accessibility":"unknown","address":"1100 Leslie St","closureCategory":"none","hours":"9 a.m. to 10 p.m.","id":"parks:32745","name":"Wilket Creek Park Washroom","partialService":false,"reachAvailable":true,"schemaVersion":1,"source":"parks","sourceUrl":"https://www.toronto.ca/explore-enjoy/parks-recreation/places-spaces/parks-and-recreation-facilities/location/?id=492","stateByTime":{"0030":{"observed":"scheduled_closed","scheduled":"closed"},"1200":{"observed":"open","scheduled":"open"},"2030":{"observed":"open","scheduled":"open"},"2200":{"observed":"scheduled_closed","scheduled":"closed"}}},"type":"Feature"},{"geometry":{"coordinates":[-79.50632687,43.626434759999995],"type":"Point"},"id":"parks:32862","properties":{"accessCondition":"unrestricted","accessibility":"unknown","address":"1 Third St","closureCategory":"none","hours":"9 a.m. to 10 p.m.","id":"parks:32862","name":"Queensway Outdoor Rink Washroom","partialService":false,"reachAvailable":true,"schemaVersion":1,"source":"parks","sourceUrl":"https://www.toronto.ca/explore-enjoy/parks-recreation/places-spaces/parks-and-recreation-facilities/location/?id=817","stateByTime":{"0030":{"observed":"scheduled_closed","scheduled":"closed"},"1200":{"observed":"open","scheduled":"open"},"2030":{"observed":"open","scheduled":"open"},"2200":{"observed":"scheduled_closed","scheduled":"closed"}}},"type":"Feature"},{"geometry":{"coordinates":[-79.28472318,43.67032614],"type":"Point"},"id":"parks:32882","properties":{"accessCondition":"unrestricted","accessibility":"accessible","address":"2 Silver Birch Ave","closureCategory":"temporary","hours":"9 a.m. to 10 p.m.","id":"parks:32882","name":"Silverbirch Boat House Washroom","partialService":false,"reachAvailable":true,"schemaVersion":1,"source":"parks","sourceUrl":"https://www.toronto.ca/explore-enjoy/parks-recreation/places-spaces/parks-and-recreation-facilities/location/?id=1101","stateByTime":{"0030":{"observed":"temporary_closed","scheduled":"closed"},"1200":{"observed":"temporary_closed","scheduled":"open"},"2030":{"observed":"temporary_closed","scheduled":"open"},"2200":{"observed":"temporary_closed","scheduled":"closed"}}},"type":"Feature"},{"geometry":{"coordinates":[-79.29819958,43.666535509999996],"type":"Point"},"id":"parks:32883","properties":{"accessCondition":"unrestricted","accessibility":"unknown","address":"2075 Queen St  E","closureCategory":"none","hours":"View outdoor rink hours","id":"parks:32883","name":"Kew Gardens Outdoor Rink Washroom","partialService":false,"reachAvailable":true,"schemaVersion":1,"source":"parks","sourceUrl":"https://www.toronto.ca/explore-enjoy/parks-recreation/places-spaces/parks-and-recreation-facilities/location/?id=107","stateByTime":{"0030":{"observed":"unknown_hours","scheduled":"unknown"},"1200":{"observed":"unknown_hours","scheduled":"unknown"},"2030":{"observed":"unknown_hours","scheduled":"unknown"},"2200":{"observed":"unknown_hours","scheduled":"unknown"}}},"type":"Feature"},{"geometry":{"coordinates":[-79.39838792,43.63404546],"type":"Point"},"id":"parks:32902","properties":{"accessCondition":"unrestricted","accessibility":"accessible","address":"659 Queens Quay  W","closureCategory":"none","hours":"9 a.m. to 7:30 p.m.","id":"parks:32902","name":"Little Norway Park Washroom","partialService":false,"reachAvailable":true,"schemaVersion":1,"source":"parks","sourceUrl":"https://www.toronto.ca/explore-enjoy/parks-recreation/places-spaces/parks-and-recreation-facilities/location/?id=128","stateByTime":{"0030":{"observed":"scheduled_closed","scheduled":"closed"},"1200":{"observed":"open","scheduled":"open"},"2030":{"observed":"scheduled_closed","scheduled":"closed"},"2200":{"observed":"scheduled_closed","scheduled":"closed"}}},"type":"Feature"},{"geometry":{"coordinates":[-79.31972975,43.66464356],"type":"Point"},"id":"parks:32922","properties":{"accessCondition":"unrestricted","accessibility":"accessible","address":"1515 Queen St  E","closureCategory":"none","hours":"9 a.m. to 10 p.m.","id":"parks:32922","name":"Jonathan Ashbridge Park Fieldhouse Washroom","partialService":false,"reachAvailable":true,"schemaVersion":1,"source":"parks","sourceUrl":"https://www.toronto.ca/explore-enjoy/parks-recreation/places-spaces/parks-and-recreation-facilities/location/?id=67","stateByTime":{"0030":{"observed":"scheduled_closed","scheduled":"closed"},"1200":{"observed":"open","scheduled":"open"},"2030":{"observed":"open","scheduled":"open"},"2200":{"observed":"scheduled_closed","scheduled":"closed"}}},"type":"Feature"},{"geometry":{"coordinates":[-79.35380865,43.63125968],"type":"Point"},"id":"parks:34605","properties":{"accessCondition":"unrestricted","accessibility":"accessible","address":"1 Centre Island Park","closureCategory":"none","hours":"None","id":"parks:34605","name":"Toronto Islands - Ward's Island Baseball Diamond Washroom","partialService":false,"reachAvailable":true,"schemaVersion":1,"source":"parks","sourceUrl":"https://www.toronto.ca/explore-enjoy/parks-recreation/places-spaces/parks-and-recreation-facilities/location/?id=2039","stateByTime":{"0030":{"observed":"unknown_hours","scheduled":"unknown"},"1200":{"observed":"unknown_hours","scheduled":"unknown"},"2030":{"observed":"unknown_hours","scheduled":"unknown"},"2200":{"observed":"unknown_hours","scheduled":"unknown"}}},"type":"Feature"},{"geometry":{"coordinates":[-79.44546332,43.776042960000005],"type":"Point"},"id":"parks:347","properties":{"accessCondition":"unrestricted","accessibility":"unknown","address":"5720 Bathurst St","closureCategory":"none","hours":"9 a.m. to 10 p.m.","id":"parks:347","name":"Esther Shiner Stadium Washroom","partialService":false,"reachAvailable":true,"schemaVersion":1,"source":"parks","sourceUrl":"https://www.toronto.ca/explore-enjoy/parks-recreation/places-spaces/parks-and-recreation-facilities/location/?id=320","stateByTime":{"0030":{"observed":"scheduled_closed","scheduled":"closed"},"1200":{"observed":"open","scheduled":"open"},"2030":{"observed":"open","scheduled":"open"},"2200":{"observed":"scheduled_closed","scheduled":"closed"}}},"type":"Feature"},{"geometry":{"coordinates":[-79.58515831,43.6534078],"type":"Point"},"id":"parks:34992","properties":{"accessCondition":"unrestricted","accessibility":"unknown","address":"256 Centennial Park Rd","closureCategory":"none","hours":"9 a.m. to 10 p.m.","id":"parks:34992","name":"Centennial Park Rob Ford Stadium Men's South Washroom","partialService":false,"reachAvailable":true,"schemaVersion":1,"source":"parks","sourceUrl":"https://www.toronto.ca/explore-enjoy/parks-recreation/places-spaces/parks-and-recreation-facilities/location/?id=798","stateByTime":{"0030":{"observed":"scheduled_closed","scheduled":"closed"},"1200":{"observed":"open","scheduled":"open"},"2030":{"observed":"open","scheduled":"open"},"2200":{"observed":"scheduled_closed","scheduled":"closed"}}},"type":"Feature"},{"geometry":{"coordinates":[-79.58536071,43.65379367],"type":"Point"},"id":"parks:34993","properties":{"accessCondition":"unrestricted","accessibility":"unknown","address":"256 Centennial Park Rd","closureCategory":"none","hours":"9 a.m. to 10 p.m.","id":"parks:34993","name":"Centennial Park Rob Ford Stadium Women's North Washroom","partialService":false,"reachAvailable":true,"schemaVersion":1,"source":"parks","sourceUrl":"https://www.toronto.ca/explore-enjoy/parks-recreation/places-spaces/parks-and-recreation-facilities/location/?id=798","stateByTime":{"0030":{"observed":"scheduled_closed","scheduled":"closed"},"1200":{"observed":"open","scheduled":"open"},"2030":{"observed":"open","scheduled":"open"},"2200":{"observed":"scheduled_closed","scheduled":"closed"}}},"type":"Feature"},{"geometry":{"coordinates":[-79.46591328000001,43.64957948],"type":"Point"},"id":"parks:35368","properties":{"accessCondition":"unrestricted","accessibility":"unknown","address":"1873 Bloor St  W","closureCategory":"none","hours":"9 a.m. to 10 p.m.","id":"parks:35368","name":"High Park Sport Field Washroom","partialService":false,"reachAvailable":true,"schemaVersion":1,"source":"parks","sourceUrl":"https://www.toronto.ca/explore-enjoy/parks-recreation/places-spaces/parks-and-recreation-facilities/location/?id=77","stateByTime":{"0030":{"observed":"scheduled_closed","scheduled":"closed"},"1200":{"observed":"open","scheduled":"open"},"2030":{"observed":"open","scheduled":"open"},"2200":{"observed":"scheduled_closed","scheduled":"closed"}}},"type":"Feature"},{"geometry":{"coordinates":[-79.29730372,43.66657292],"type":"Point"},"id":"parks:36323","properties":{"accessCondition":"unrestricted","accessibility":"accessible","address":"2075 Queen St  E","closureCategory":"none","hours":"9 a.m. to 10 p.m.","id":"parks:36323","name":"Kew Beach Lawn Bowling Club Washroom","partialService":false,"reachAvailable":true,"schemaVersion":1,"source":"parks","sourceUrl":"https://www.toronto.ca/explore-enjoy/parks-recreation/places-spaces/parks-and-recreation-facilities/location/?id=107","stateByTime":{"0030":{"observed":"scheduled_closed","scheduled":"closed"},"1200":{"observed":"open","scheduled":"open"},"2030":{"observed":"open","scheduled":"open"},"2200":{"observed":"scheduled_closed","scheduled":"closed"}}},"type":"Feature"},{"geometry":{"coordinates":[-79.29995588999999,43.66927847],"type":"Point"},"id":"parks:36324","properties":{"accessCondition":"unrestricted","accessibility":"accessible","address":"2075 Queen St  E","closureCategory":"none","hours":"9 a.m. to 10 p.m.","id":"parks:36324","name":"Kew Gardens Playground Washroom","partialService":false,"reachAvailable":true,"schemaVersion":1,"source":"parks","sourceUrl":"https://www.toronto.ca/explore-enjoy/parks-recreation/places-spaces/parks-and-recreation-facilities/location/?id=107","stateByTime":{"0030":{"observed":"scheduled_closed","scheduled":"closed"},"1200":{"observed":"open","scheduled":"open"},"2030":{"observed":"open","scheduled":"open"},"2200":{"observed":"scheduled_closed","scheduled":"closed"}}},"type":"Feature"},{"geometry":{"coordinates":[-79.48051239,43.61953924],"type":"Point"},"id":"parks:36442","properties":{"accessCondition":"unrestricted","accessibility":"accessible","address":"2225 Lake Shore Blvd  W","closureCategory":"temporary","hours":"9 a.m. to 10 p.m.","id":"parks:36442","name":"Humber Bay Park West Washroom","partialService":false,"reachAvailable":true,"schemaVersion":1,"source":"parks","sourceUrl":"https://www.toronto.ca/explore-enjoy/parks-recreation/places-spaces/parks-and-recreation-facilities/location/?id=1074","stateByTime":{"0030":{"observed":"temporary_closed","scheduled":"closed"},"1200":{"observed":"temporary_closed","scheduled":"open"},"2030":{"observed":"temporary_closed","scheduled":"open"},"2200":{"observed":"temporary_closed","scheduled":"closed"}}},"type":"Feature"},{"geometry":{"coordinates":[-79.42070512,43.664824089999996],"type":"Point"},"id":"parks:36482","properties":{"accessCondition":"unrestricted","accessibility":"unknown","address":"750 Bloor St  W","closureCategory":"temporary","hours":"9 a.m. to 10 p.m.","id":"parks:36482","name":"Christie Pits Park Washroom","partialService":false,"reachAvailable":true,"schemaVersion":1,"source":"parks","sourceUrl":"https://www.toronto.ca/explore-enjoy/parks-recreation/places-spaces/parks-and-recreation-facilities/location/?id=196","stateByTime":{"0030":{"observed":"temporary_closed","scheduled":"closed"},"1200":{"observed":"temporary_closed","scheduled":"open"},"2030":{"observed":"temporary_closed","scheduled":"open"},"2200":{"observed":"temporary_closed","scheduled":"closed"}}},"type":"Feature"},{"geometry":{"coordinates":[-79.36582784999999,43.77203894],"type":"Point"},"id":"parks:36488","properties":{"accessCondition":"unrestricted","accessibility":"accessible","address":"1240 Sheppard Ave E","closureCategory":"construction","hours":"9 a.m. to 10 p.m.","id":"parks:36488","name":"East Don Parkland Washroom ","partialService":false,"reachAvailable":true,"schemaVersion":1,"source":"parks","sourceUrl":"https://www.toronto.ca/explore-enjoy/parks-recreation/places-spaces/parks-and-recreation-facilities/location/?id=1460","stateByTime":{"0030":{"observed":"construction_closed","scheduled":"closed"},"1200":{"observed":"construction_closed","scheduled":"open"},"2030":{"observed":"construction_closed","scheduled":"open"},"2200":{"observed":"construction_closed","scheduled":"closed"}}},"type":"Feature"},{"geometry":{"coordinates":[-79.40549905,43.70826165],"type":"Point"},"id":"parks:36489","properties":{"accessCondition":"unrestricted","accessibility":"unknown","address":"200 Eglinton Ave  W","closureCategory":"none","hours":"9 a.m. to 10 p.m.","id":"parks:36489","name":"Eglinton Park Washroom","partialService":false,"reachAvailable":true,"schemaVersion":1,"source":"parks","sourceUrl":"https://www.toronto.ca/explore-enjoy/parks-recreation/places-spaces/parks-and-recreation-facilities/location/?id=117","stateByTime":{"0030":{"observed":"scheduled_closed","scheduled":"closed"},"1200":{"observed":"open","scheduled":"open"},"2030":{"observed":"open","scheduled":"open"},"2200":{"observed":"scheduled_closed","scheduled":"closed"}}},"type":"Feature"},{"geometry":{"coordinates":[-79.43601882,43.76017753],"type":"Point"},"id":"parks:36492","properties":{"accessCondition":"unrestricted","accessibility":"accessible","address":"44 Don River Blvd","closureCategory":"none","hours":"9 a.m. to 10 p.m.","id":"parks:36492","name":"Hinder Area Washroom ","partialService":false,"reachAvailable":true,"schemaVersion":1,"source":"parks","sourceUrl":"https://www.toronto.ca/explore-enjoy/parks-recreation/places-spaces/parks-and-recreation-facilities/location/?id=2264","stateByTime":{"0030":{"observed":"scheduled_closed","scheduled":"closed"},"1200":{"observed":"open","scheduled":"open"},"2030":{"observed":"open","scheduled":"open"},"2200":{"observed":"scheduled_closed","scheduled":"closed"}}},"type":"Feature"},{"geometry":{"coordinates":[-79.35703861,43.718625450000005],"type":"Point"},"id":"parks:36503","properties":{"accessCondition":"unrestricted","accessibility":"accessible","address":"58 Rykert Cres","closureCategory":"none","hours":"9 a.m. to 10 p.m.","id":"parks:36503","name":"Serena Gundy Park Washroom ","partialService":false,"reachAvailable":true,"schemaVersion":1,"source":"parks","sourceUrl":"https://www.toronto.ca/explore-enjoy/parks-recreation/places-spaces/parks-and-recreation-facilities/location/?id=26","stateByTime":{"0030":{"observed":"scheduled_closed","scheduled":"closed"},"1200":{"observed":"open","scheduled":"open"},"2030":{"observed":"open","scheduled":"open"},"2200":{"observed":"scheduled_closed","scheduled":"closed"}}},"type":"Feature"},{"geometry":{"coordinates":[-79.35232496,43.65347379],"type":"Point"},"id":"parks:36974","properties":{"accessCondition":"unrestricted","accessibility":"unknown","address":"155 Bayview Ave","closureCategory":"none","hours":"9 a.m. to 10 p.m.","id":"parks:36974","name":"Corktown Common Pavilion Washroom","partialService":false,"reachAvailable":true,"schemaVersion":1,"source":"parks","sourceUrl":"https://www.toronto.ca/explore-enjoy/parks-recreation/places-spaces/parks-and-recreation-facilities/location/?id=3499","stateByTime":{"0030":{"observed":"scheduled_closed","scheduled":"closed"},"1200":{"observed":"open","scheduled":"open"},"2030":{"observed":"open","scheduled":"open"},"2200":{"observed":"scheduled_closed","scheduled":"closed"}}},"type":"Feature"},{"geometry":{"coordinates":[-79.30791821,43.66274627],"type":"Point"},"id":"parks:37104","properties":{"accessCondition":"unrestricted","accessibility":"unknown","address":"1675 Lake Shore Blvd  E","closureCategory":"none","hours":"9 a.m. to 10 p.m.","id":"parks:37104","name":"Woodbine Bathing Station Washroom ","partialService":false,"reachAvailable":true,"schemaVersion":1,"source":"parks","sourceUrl":"https://www.toronto.ca/explore-enjoy/parks-recreation/places-spaces/parks-and-recreation-facilities/location/?id=311","stateByTime":{"0030":{"observed":"scheduled_closed","scheduled":"closed"},"1200":{"observed":"open","scheduled":"open"},"2030":{"observed":"open","scheduled":"open"},"2200":{"observed":"scheduled_closed","scheduled":"closed"}}},"type":"Feature"},{"geometry":{"coordinates":[-79.39947899,43.69716654],"type":"Point"},"id":"parks:37106","properties":{"accessCondition":"unrestricted","accessibility":"accessible","address":"201 Oriole Pkwy","closureCategory":"none","hours":"9 a.m. to 10 p.m.","id":"parks:37106","name":"Oriole Park Toronto Washroom ","partialService":false,"reachAvailable":true,"schemaVersion":1,"source":"parks","sourceUrl":"https://www.toronto.ca/explore-enjoy/parks-recreation/places-spaces/parks-and-recreation-facilities/location/?id=245","stateByTime":{"0030":{"observed":"scheduled_closed","scheduled":"closed"},"1200":{"observed":"open","scheduled":"open"},"2030":{"observed":"open","scheduled":"open"},"2200":{"observed":"scheduled_closed","scheduled":"closed"}}},"type":"Feature"},{"geometry":{"coordinates":[-79.34429281,43.6368796],"type":"Point"},"id":"parks:37108","properties":{"accessCondition":"unrestricted","accessibility":"accessible","address":"1 Cherry St","closureCategory":"none","hours":"9 a.m. to 10 p.m.","id":"parks:37108","name":"Cherry Beach Clarke Beach Park Washroom","partialService":false,"reachAvailable":true,"schemaVersion":1,"source":"parks","sourceUrl":"https://www.toronto.ca/explore-enjoy/parks-recreation/places-spaces/parks-and-recreation-facilities/location/?id=209","stateByTime":{"0030":{"observed":"scheduled_closed","scheduled":"closed"},"1200":{"observed":"open","scheduled":"open"},"2030":{"observed":"open","scheduled":"open"},"2200":{"observed":"scheduled_closed","scheduled":"closed"}}},"type":"Feature"},{"geometry":{"coordinates":[-79.28882632999999,43.68283754],"type":"Point"},"id":"parks:4","properties":{"accessCondition":"unrestricted","accessibility":"unknown","address":"79 Lawlor Ave","closureCategory":"none","hours":"Mon 2:00 p.m. - 10:00 p.m.; Tue 2:00 p.m. - 10:00 p.m.; Wed 2:00 p.m. - 10:00 p.m.; Thu 2:00 p.m. - 10:00 p.m.; Fri 2:00 p.m. - 8:00 p.m.; Sat 9:00 a.m. - 5:00 p.m.; Sun Closed","id":"parks:4","name":"Adam Beck Community Centre Washroom","partialService":false,"reachAvailable":true,"schemaVersion":1,"source":"parks","sourceUrl":"https://www.toronto.ca/explore-enjoy/parks-recreation/places-spaces/parks-and-recreation-facilities/location/?id=13","stateByTime":{"0030":{"observed":"scheduled_closed","scheduled":"closed"},"1200":{"observed":"scheduled_closed","scheduled":"closed"},"2030":{"observed":"open","scheduled":"open"},"2200":{"observed":"scheduled_closed","scheduled":"closed"}}},"type":"Feature"},{"geometry":{"coordinates":[-79.28808876,43.77259489],"type":"Point"},"id":"parks:41662","properties":{"accessCondition":"unrestricted","accessibility":"accessible","address":"50 Antrim Cres","closureCategory":"none","hours":"9 a.m. to 10 p.m.","id":"parks:41662","name":"Glamorgan Park Washroom","partialService":false,"reachAvailable":true,"schemaVersion":1,"source":"parks","sourceUrl":"https://www.toronto.ca/explore-enjoy/parks-recreation/places-spaces/parks-and-recreation-facilities/location/?id=668","stateByTime":{"0030":{"observed":"temporary_closed","scheduled":"closed"},"1200":{"observed":"temporary_closed","scheduled":"open"},"2030":{"observed":"temporary_closed","scheduled":"open"},"2200":{"observed":"temporary_closed","scheduled":"closed"}}},"type":"Feature"},{"geometry":{"coordinates":[-79.31221235000001,43.664857],"type":"Point"},"id":"parks:41663","properties":{"accessCondition":"unrestricted","accessibility":"accessible","address":"1695 Queen St  E","closureCategory":"none","hours":"9 a.m. to 10 p.m.","id":"parks:41663","name":"Woodbine Park Washroom","partialService":false,"reachAvailable":true,"schemaVersion":1,"source":"parks","sourceUrl":"https://www.toronto.ca/explore-enjoy/parks-recreation/places-spaces/parks-and-recreation-facilities/location/?id=431","stateByTime":{"0030":{"observed":"scheduled_closed","scheduled":"closed"},"1200":{"observed":"open","scheduled":"open"},"2030":{"observed":"open","scheduled":"open"},"2200":{"observed":"scheduled_closed","scheduled":"closed"}}},"type":"Feature"},{"geometry":{"coordinates":[-79.34360719,43.77256661],"type":"Point"},"id":"parks:45042","properties":{"accessCondition":"unrestricted","accessibility":"unknown","address":"55 Forest Manor Rd","closureCategory":"none","hours":"Mon Closed; Tue 8 a.m. to 10 p.m.; Wed 8 a.m. to 10 p.m.; Thu 8 a.m. to 10 p.m.; Fri 8 a.m. to 10 p.m.; Sat 8 a.m. to 10 p.m.; Sun 8 a.m. to 10 p.m.","id":"parks:45042","name":"Parkway Forest Community Centre Washroom","partialService":false,"reachAvailable":true,"schemaVersion":1,"source":"parks","sourceUrl":"https://www.toronto.ca/explore-enjoy/parks-recreation/places-spaces/parks-and-recreation-facilities/location/?id=2791","stateByTime":{"0030":{"observed":"scheduled_closed","scheduled":"closed"},"1200":{"observed":"open","scheduled":"open"},"2030":{"observed":"open","scheduled":"open"},"2200":{"observed":"scheduled_closed","scheduled":"closed"}}},"type":"Feature"},{"geometry":{"coordinates":[-79.48203456,43.68787291],"type":"Point"},"id":"parks:45062","properties":{"accessCondition":"unrestricted","accessibility":"unknown","address":"115 Black Creek Dr","closureCategory":"none","hours":"Mon Closed; Tue 7 a.m. to 10 p.m.; Wed 7 a.m. to 10 p.m.; Thu 7 a.m. to 10 p.m.; Fri 7 a.m. to 10 p.m.; Sat 7 a.m. to 8 p.m.; Sun 7 a.m. to 8 p.m.","id":"parks:45062","name":"York Recreation Centre Washroom","partialService":false,"reachAvailable":true,"schemaVersion":1,"source":"parks","sourceUrl":"https://www.toronto.ca/explore-enjoy/parks-recreation/places-spaces/parks-and-recreation-facilities/location/?id=3501","stateByTime":{"0030":{"observed":"scheduled_closed","scheduled":"closed"},"1200":{"observed":"open","scheduled":"open"},"2030":{"observed":"open","scheduled":"open"},"2200":{"observed":"scheduled_closed","scheduled":"closed"}}},"type":"Feature"},{"geometry":{"coordinates":[-79.16492968,43.77715782],"type":"Point"},"id":"parks:45442","properties":{"accessCondition":"unrestricted","accessibility":"accessible","address":"73 Colonel Danforth Trl","closureCategory":"temporary","hours":"9 a.m. to 10 p.m.","id":"parks:45442","name":"Colonel Danforth Park Washroom","partialService":true,"reachAvailable":true,"schemaVersion":1,"source":"parks","sourceUrl":"https://www.toronto.ca/explore-enjoy/parks-recreation/places-spaces/parks-and-recreation-facilities/location/?id=4","stateByTime":{"0030":{"observed":"scheduled_closed","scheduled":"closed"},"1200":{"observed":"open","scheduled":"open"},"2030":{"observed":"open","scheduled":"open"},"2200":{"observed":"scheduled_closed","scheduled":"closed"}}},"type":"Feature"},{"geometry":{"coordinates":[-79.3616924,43.65827453],"type":"Point"},"id":"parks:45463","properties":{"accessCondition":"unrestricted","accessibility":"unknown","address":"402 Shuter St","closureCategory":"none","hours":"Mon Closed; Tue 7:30 a.m. to 10 p.m.; Wed 7:30 a.m. to 10 p.m.; Thu 7:30 a.m. to 10 p.m.; Fri 7:30 a.m. to 10 p.m.; Sat 9 a.m. to 6 p.m.; Sun 10 a.m. to 6 p.m.","id":"parks:45463","name":"Regent Park Community Centre Washroom","partialService":false,"reachAvailable":true,"schemaVersion":1,"source":"parks","sourceUrl":"https://www.toronto.ca/explore-enjoy/parks-recreation/places-spaces/parks-and-recreation-facilities/location/?id=3502","stateByTime":{"0030":{"observed":"scheduled_closed","scheduled":"closed"},"1200":{"observed":"open","scheduled":"open"},"2030":{"observed":"open","scheduled":"open"},"2200":{"observed":"scheduled_closed","scheduled":"closed"}}},"type":"Feature"},{"geometry":{"coordinates":[-79.42184844,43.73938607],"type":"Point"},"id":"parks:46","properties":{"accessCondition":"unrestricted","accessibility":"unknown","address":"2140 Avenue Rd","closureCategory":"none","hours":"Mon Closed; Tue 9 a.m. to 9 p.m.; Wed 9 a.m. to 9 p.m.; Thu 9 a.m. to 9 p.m.; Fri 9 a.m. to 9 p.m.; Sat 8 a.m. to 9 p.m.; Sun 8 a.m. to 9 p.m.","id":"parks:46","name":"Armour Heights Community Centre Washroom","partialService":false,"reachAvailable":true,"schemaVersion":1,"source":"parks","sourceUrl":"https://www.toronto.ca/explore-enjoy/parks-recreation/places-spaces/parks-and-recreation-facilities/location/?id=503","stateByTime":{"0030":{"observed":"scheduled_closed","scheduled":"closed"},"1200":{"observed":"open","scheduled":"open"},"2030":{"observed":"open","scheduled":"open"},"2200":{"observed":"scheduled_closed","scheduled":"closed"}}},"type":"Feature"},{"geometry":{"coordinates":[-79.45704405999999,43.63780962],"type":"Point"},"id":"parks:46102","properties":{"accessCondition":"unrestricted","accessibility":"accessible","address":"1755 Lake Shore Blvd  W","closureCategory":"none","hours":"9 a.m. to 10 p.m.","id":"parks:46102","name":"Sunnyside Park Pavillion West Washroom","partialService":false,"reachAvailable":true,"schemaVersion":1,"source":"parks","sourceUrl":"https://www.toronto.ca/explore-enjoy/parks-recreation/places-spaces/parks-and-recreation-facilities/location/?id=394","stateByTime":{"0030":{"observed":"scheduled_closed","scheduled":"closed"},"1200":{"observed":"open","scheduled":"open"},"2030":{"observed":"open","scheduled":"open"},"2200":{"observed":"scheduled_closed","scheduled":"closed"}}},"type":"Feature"},{"geometry":{"coordinates":[-79.45572655,43.637870289999995],"type":"Point"},"id":"parks:46103","properties":{"accessCondition":"unrestricted","accessibility":"accessible","address":"1755 Lake Shore Blvd  W","closureCategory":"none","hours":"9 a.m. to 10 p.m.","id":"parks:46103","name":"Sunnyside Park Pavillion East Washroom","partialService":false,"reachAvailable":true,"schemaVersion":1,"source":"parks","sourceUrl":"https://www.toronto.ca/explore-enjoy/parks-recreation/places-spaces/parks-and-recreation-facilities/location/?id=394","stateByTime":{"0030":{"observed":"scheduled_closed","scheduled":"closed"},"1200":{"observed":"open","scheduled":"open"},"2030":{"observed":"open","scheduled":"open"},"2200":{"observed":"scheduled_closed","scheduled":"closed"}}},"type":"Feature"},{"geometry":{"coordinates":[-79.34166941,43.641287909999996],"type":"Point"},"id":"parks:46142","properties":{"accessCondition":"unrestricted","accessibility":"accessible","address":"275 Unwin Ave","closureCategory":"none","hours":"9 a.m. to 10 p.m.","id":"parks:46142","name":"Cherry Beach Sports Fields Washroom","partialService":false,"reachAvailable":true,"schemaVersion":1,"source":"parks","sourceUrl":"https://www.toronto.ca/explore-enjoy/parks-recreation/places-spaces/parks-and-recreation-facilities/location/?id=459","stateByTime":{"0030":{"observed":"scheduled_closed","scheduled":"closed"},"1200":{"observed":"open","scheduled":"open"},"2030":{"observed":"open","scheduled":"open"},"2200":{"observed":"scheduled_closed","scheduled":"closed"}}},"type":"Feature"},{"geometry":{"coordinates":[-79.52681305,43.60629033],"type":"Point"},"id":"parks:500","properties":{"accessCondition":"unrestricted","accessibility":"unknown","address":"320 Horner Ave","closureCategory":"none","hours":"Mon Closed; Tue 9 a.m. to 4 p.m.; Wed 9 a.m. to 4 p.m.; Thu 9 a.m. to 4 p.m.; Fri 9 a.m. to 4 p.m.; Sat 12 p.m. to 4 p.m.; Sun Closed","id":"parks:500","name":"Horner Avenue Seniors Centre Washroom","partialService":false,"reachAvailable":true,"schemaVersion":1,"source":"parks","sourceUrl":"https://www.toronto.ca/explore-enjoy/parks-recreation/places-spaces/parks-and-recreation-facilities/location/?id=823","stateByTime":{"0030":{"observed":"scheduled_closed","scheduled":"closed"},"1200":{"observed":"open","scheduled":"open"},"2030":{"observed":"scheduled_closed","scheduled":"closed"},"2200":{"observed":"scheduled_closed","scheduled":"closed"}}},"type":"Feature"},{"geometry":{"coordinates":[-79.32568732,43.67732839],"type":"Point"},"id":"parks:5404","properties":{"accessCondition":"unrestricted","accessibility":"unknown","address":"115 Felstead Ave","closureCategory":"none","hours":"View facility hours","id":"parks:5404","name":"Monarch Park Outdoor Pool / Rink Washroom","partialService":false,"reachAvailable":true,"schemaVersion":1,"source":"parks","sourceUrl":"https://www.toronto.ca/explore-enjoy/parks-recreation/places-spaces/parks-and-recreation-facilities/location/?id=145","stateByTime":{"0030":{"observed":"unknown_hours","scheduled":"unknown"},"1200":{"observed":"unknown_hours","scheduled":"unknown"},"2030":{"observed":"unknown_hours","scheduled":"unknown"},"2200":{"observed":"unknown_hours","scheduled":"unknown"}}},"type":"Feature"},{"geometry":{"coordinates":[-79.30654676,43.75309076],"type":"Point"},"id":"parks:5445","properties":{"accessCondition":"unrestricted","accessibility":"unknown","address":"5 Trestleside Grove","closureCategory":"none","hours":"9 a.m. to 10 p.m.","id":"parks:5445","name":"Maryvale Park Outdoor Pool Washroom","partialService":false,"reachAvailable":true,"schemaVersion":1,"source":"parks","sourceUrl":"https://www.toronto.ca/explore-enjoy/parks-recreation/places-spaces/parks-and-recreation-facilities/location/?id=790","stateByTime":{"0030":{"observed":"scheduled_closed","scheduled":"closed"},"1200":{"observed":"open","scheduled":"open"},"2030":{"observed":"open","scheduled":"open"},"2200":{"observed":"scheduled_closed","scheduled":"closed"}}},"type":"Feature"},{"geometry":{"coordinates":[-79.30471172,43.66496518],"type":"Point"},"id":"parks:5459","properties":{"accessCondition":"unrestricted","accessibility":"accessible","address":"1867 Lake Shore Blvd  E","closureCategory":"none","hours":"9 a.m. to 10 p.m.","id":"parks:5459","name":"Donald D. Summerville Olympic Outdoor Pool Washroom","partialService":false,"reachAvailable":true,"schemaVersion":1,"source":"parks","sourceUrl":"https://www.toronto.ca/explore-enjoy/parks-recreation/places-spaces/parks-and-recreation-facilities/location/?id=437","stateByTime":{"0030":{"observed":"scheduled_closed","scheduled":"closed"},"1200":{"observed":"open","scheduled":"open"},"2030":{"observed":"open","scheduled":"open"},"2200":{"observed":"scheduled_closed","scheduled":"closed"}}},"type":"Feature"},{"geometry":{"coordinates":[-79.51884924,43.68717127],"type":"Point"},"id":"parks:5465","properties":{"accessCondition":"unrestricted","accessibility":"unknown","address":"22 Arcade Dr","closureCategory":"seasonal","hours":"View outdoor pool hours","id":"parks:5465","name":"Westmount Park Outdoor Pool Washroom ","partialService":false,"reachAvailable":true,"schemaVersion":1,"source":"parks","sourceUrl":"https://www.toronto.ca/explore-enjoy/parks-recreation/places-spaces/parks-and-recreation-facilities/location/?id=888","stateByTime":{"0030":{"observed":"seasonal_closed","scheduled":"unknown"},"1200":{"observed":"seasonal_closed","scheduled":"unknown"},"2030":{"observed":"seasonal_closed","scheduled":"unknown"},"2200":{"observed":"seasonal_closed","scheduled":"unknown"}}},"type":"Feature"},{"geometry":{"coordinates":[-79.51845586,43.69808299],"type":"Point"},"id":"parks:5470","properties":{"accessCondition":"unrestricted","accessibility":"unknown","address":"2125 Lawrence Ave  W","closureCategory":"seasonal","hours":"View outdoor pool hours","id":"parks:5470","name":"Weston Lions Park Outdoor Pool Washroom ","partialService":false,"reachAvailable":true,"schemaVersion":1,"source":"parks","sourceUrl":"https://www.toronto.ca/explore-enjoy/parks-recreation/places-spaces/parks-and-recreation-facilities/location/?id=508","stateByTime":{"0030":{"observed":"seasonal_closed","scheduled":"unknown"},"1200":{"observed":"seasonal_closed","scheduled":"unknown"},"2030":{"observed":"seasonal_closed","scheduled":"unknown"},"2200":{"observed":"seasonal_closed","scheduled":"unknown"}}},"type":"Feature"},{"geometry":{"coordinates":[-79.56829043,43.68281327],"type":"Point"},"id":"parks:5472","properties":{"accessCondition":"unrestricted","accessibility":"unknown","address":"15 Redgrave Dr","closureCategory":"none","hours":"View outdoor pool hours","id":"parks:5472","name":"Westgrove Park Outdoor Pool Washroom ","partialService":false,"reachAvailable":true,"schemaVersion":1,"source":"parks","sourceUrl":"https://www.toronto.ca/explore-enjoy/parks-recreation/places-spaces/parks-and-recreation-facilities/location/?id=900","stateByTime":{"0030":{"observed":"unknown_hours","scheduled":"unknown"},"1200":{"observed":"unknown_hours","scheduled":"unknown"},"2030":{"observed":"unknown_hours","scheduled":"unknown"},"2200":{"observed":"unknown_hours","scheduled":"unknown"}}},"type":"Feature"},{"geometry":{"coordinates":[-79.50788938000001,43.658347119999995],"type":"Point"},"id":"parks:5491","properties":{"accessCondition":"unrestricted","accessibility":"unknown","address":"37 Marquis Ave","closureCategory":"none","hours":"View outdoor pool hours","id":"parks:5491","name":"Lambton - Kingsway Park Outdoor Pool  Washroom","partialService":false,"reachAvailable":true,"schemaVersion":1,"source":"parks","sourceUrl":"https://www.toronto.ca/explore-enjoy/parks-recreation/places-spaces/parks-and-recreation-facilities/location/?id=902","stateByTime":{"0030":{"observed":"unknown_hours","scheduled":"unknown"},"1200":{"observed":"unknown_hours","scheduled":"unknown"},"2030":{"observed":"unknown_hours","scheduled":"unknown"},"2200":{"observed":"unknown_hours","scheduled":"unknown"}}},"type":"Feature"},{"geometry":{"coordinates":[-79.24855754000001,43.74362732],"type":"Point"},"id":"parks:5511","properties":{"accessCondition":"unrestricted","accessibility":"unknown","address":"625 Brimley Rd","closureCategory":"none","hours":"View outdoor pool hours","id":"parks:5511","name":"Knob Hill Park Outdoor Pool Washroom","partialService":false,"reachAvailable":true,"schemaVersion":1,"source":"parks","sourceUrl":"https://www.toronto.ca/explore-enjoy/parks-recreation/places-spaces/parks-and-recreation-facilities/location/?id=690","stateByTime":{"0030":{"observed":"unknown_hours","scheduled":"unknown"},"1200":{"observed":"unknown_hours","scheduled":"unknown"},"2030":{"observed":"unknown_hours","scheduled":"unknown"},"2200":{"observed":"unknown_hours","scheduled":"unknown"}}},"type":"Feature"},{"geometry":{"coordinates":[-79.56187381000001,43.660670880000005],"type":"Point"},"id":"parks:5555","properties":{"accessCondition":"unrestricted","accessibility":"unknown","address":"19 Sedgebrook Cres","closureCategory":"seasonal","hours":"View outdoor pool hours","id":"parks:5555","name":"West Deane Park Outdoor Pool Washroom ","partialService":false,"reachAvailable":true,"schemaVersion":1,"source":"parks","sourceUrl":"https://www.toronto.ca/explore-enjoy/parks-recreation/places-spaces/parks-and-recreation-facilities/location/?id=904","stateByTime":{"0030":{"observed":"seasonal_closed","scheduled":"unknown"},"1200":{"observed":"seasonal_closed","scheduled":"unknown"},"2030":{"observed":"seasonal_closed","scheduled":"unknown"},"2200":{"observed":"seasonal_closed","scheduled":"unknown"}}},"type":"Feature"},{"geometry":{"coordinates":[-79.46578969,43.64951381],"type":"Point"},"id":"parks:5635","properties":{"accessCondition":"unrestricted","accessibility":"accessible","address":"1873 Bloor St  W","closureCategory":"none","hours":"View facility hours","id":"parks:5635","name":"High Park Outdoor Pool / Rink Building Washroom","partialService":false,"reachAvailable":true,"schemaVersion":1,"source":"parks","sourceUrl":"https://www.toronto.ca/explore-enjoy/parks-recreation/places-spaces/parks-and-recreation-facilities/location/?id=77","stateByTime":{"0030":{"observed":"unknown_hours","scheduled":"unknown"},"1200":{"observed":"unknown_hours","scheduled":"unknown"},"2030":{"observed":"unknown_hours","scheduled":"unknown"},"2200":{"observed":"unknown_hours","scheduled":"unknown"}}},"type":"Feature"},{"geometry":{"coordinates":[-79.23090854,43.72888664],"type":"Point"},"id":"parks:5665","properties":{"accessCondition":"unrestricted","accessibility":"unknown","address":"24 Rockwood Dr","closureCategory":"none","hours":"View outdoor pool hours","id":"parks:5665","name":"Halbert Park Outdoor Pool Washroom","partialService":false,"reachAvailable":true,"schemaVersion":1,"source":"parks","sourceUrl":"https://www.toronto.ca/explore-enjoy/parks-recreation/places-spaces/parks-and-recreation-facilities/location/?id=768","stateByTime":{"0030":{"observed":"unknown_hours","scheduled":"unknown"},"1200":{"observed":"unknown_hours","scheduled":"unknown"},"2030":{"observed":"unknown_hours","scheduled":"unknown"},"2200":{"observed":"unknown_hours","scheduled":"unknown"}}},"type":"Feature"},{"geometry":{"coordinates":[-79.32971394,43.669485900000005],"type":"Point"},"id":"parks:5675","properties":{"accessCondition":"unrestricted","accessibility":"unknown","address":"150 Greenwood Ave","closureCategory":"none","hours":"View facility hours","id":"parks:5675","name":"Greenwood Park Outdoor Pool / Rink Washroom","partialService":false,"reachAvailable":true,"schemaVersion":1,"source":"parks","sourceUrl":"https://www.toronto.ca/explore-enjoy/parks-recreation/places-spaces/parks-and-recreation-facilities/location/?id=70","stateByTime":{"0030":{"observed":"unknown_hours","scheduled":"unknown"},"1200":{"observed":"unknown_hours","scheduled":"unknown"},"2030":{"observed":"unknown_hours","scheduled":"unknown"},"2200":{"observed":"unknown_hours","scheduled":"unknown"}}},"type":"Feature"},{"geometry":{"coordinates":[-79.59487728,43.75542938],"type":"Point"},"id":"parks:5697","properties":{"accessCondition":"unrestricted","accessibility":"unknown","address":"75 Gihon Spring Dr","closureCategory":"none","hours":"View outdoor pool hours","id":"parks:5697","name":"Gihon Spring Park Outdoor Pool Washroom","partialService":false,"reachAvailable":true,"schemaVersion":1,"source":"parks","sourceUrl":"https://www.toronto.ca/explore-enjoy/parks-recreation/places-spaces/parks-and-recreation-facilities/location/?id=894","stateByTime":{"0030":{"observed":"unknown_hours","scheduled":"unknown"},"1200":{"observed":"unknown_hours","scheduled":"unknown"},"2030":{"observed":"unknown_hours","scheduled":"unknown"},"2200":{"observed":"unknown_hours","scheduled":"unknown"}}},"type":"Feature"},{"geometry":{"coordinates":[-79.59144597999999,43.72122791],"type":"Point"},"id":"parks:5720","properties":{"accessCondition":"unrestricted","accessibility":"unknown","address":"42 Mercury Rd","closureCategory":"none","hours":"View outdoor pool hours","id":"parks:5720","name":"Flagstaff Park Outdoor Pool Washroom","partialService":false,"reachAvailable":true,"schemaVersion":1,"source":"parks","sourceUrl":"https://www.toronto.ca/explore-enjoy/parks-recreation/places-spaces/parks-and-recreation-facilities/location/?id=898","stateByTime":{"0030":{"observed":"unknown_hours","scheduled":"unknown"},"1200":{"observed":"unknown_hours","scheduled":"unknown"},"2030":{"observed":"unknown_hours","scheduled":"unknown"},"2200":{"observed":"unknown_hours","scheduled":"unknown"}}},"type":"Feature"},{"geometry":{"coordinates":[-79.44306483999999,43.648046050000005],"type":"Point"},"id":"parks:57282","properties":{"accessCondition":"unrestricted","accessibility":"accessible","address":"289 Sorauren Ave","closureCategory":"temporary","hours":"9 a.m. to 10 p.m.","id":"parks:57282","name":"Sorauren Avenue Park Fieldhouse Washroom ","partialService":true,"reachAvailable":true,"schemaVersion":1,"source":"parks","sourceUrl":"https://www.toronto.ca/explore-enjoy/parks-recreation/places-spaces/parks-and-recreation-facilities/location/?id=348","stateByTime":{"0030":{"observed":"scheduled_closed","scheduled":"closed"},"1200":{"observed":"open","scheduled":"open"},"2030":{"observed":"open","scheduled":"open"},"2200":{"observed":"scheduled_closed","scheduled":"closed"}}},"type":"Feature"},{"geometry":{"coordinates":[-79.5471375,43.703252330000005],"type":"Point"},"id":"parks:5730","properties":{"accessCondition":"unrestricted","accessibility":"unknown","address":"100 Golfwood Hts","closureCategory":"none","hours":"View outdoor pool hours","id":"parks:5730","name":"Fairhaven Park Outdoor Pool Washroom","partialService":false,"reachAvailable":true,"schemaVersion":1,"source":"parks","sourceUrl":"https://www.toronto.ca/explore-enjoy/parks-recreation/places-spaces/parks-and-recreation-facilities/location/?id=887","stateByTime":{"0030":{"observed":"unknown_hours","scheduled":"unknown"},"1200":{"observed":"unknown_hours","scheduled":"unknown"},"2030":{"observed":"unknown_hours","scheduled":"unknown"},"2200":{"observed":"unknown_hours","scheduled":"unknown"}}},"type":"Feature"},{"geometry":{"coordinates":[-79.58170627,43.66272106],"type":"Point"},"id":"parks:5745","properties":{"accessCondition":"unrestricted","accessibility":"unknown","address":"121 Wellesworth Dr","closureCategory":"none","hours":"View outdoor pool hours","id":"parks:5745","name":"Eringate Park Outdoor Pool Washroom","partialService":false,"reachAvailable":true,"schemaVersion":1,"source":"parks","sourceUrl":"https://www.toronto.ca/explore-enjoy/parks-recreation/places-spaces/parks-and-recreation-facilities/location/?id=901","stateByTime":{"0030":{"observed":"unknown_hours","scheduled":"unknown"},"1200":{"observed":"unknown_hours","scheduled":"unknown"},"2030":{"observed":"unknown_hours","scheduled":"unknown"},"2200":{"observed":"unknown_hours","scheduled":"unknown"}}},"type":"Feature"},{"geometry":{"coordinates":[-79.43275401,43.754119610000004],"type":"Point"},"id":"parks:5787","properties":{"accessCondition":"unrestricted","accessibility":"unknown","address":"4169 Bathurst St","closureCategory":"none","hours":"9 a.m. to 10 p.m.","id":"parks:5787","name":"Earl Bales Park Barry Zukerman Amphitheatre Washroom","partialService":false,"reachAvailable":true,"schemaVersion":1,"source":"parks","sourceUrl":"https://www.toronto.ca/explore-enjoy/parks-recreation/places-spaces/parks-and-recreation-facilities/location/?id=337","stateByTime":{"0030":{"observed":"scheduled_closed","scheduled":"closed"},"1200":{"observed":"open","scheduled":"open"},"2030":{"observed":"open","scheduled":"open"},"2200":{"observed":"scheduled_closed","scheduled":"closed"}}},"type":"Feature"},{"geometry":{"coordinates":[-79.37538416,43.64027034],"type":"Point"},"id":"parks:58062","properties":{"accessCondition":"unrestricted","accessibility":"accessible","address":"25 Queens Quay W","closureCategory":"none","hours":"6:30 a.m. to 11:30 p.m.","id":"parks:58062","name":"Jack Layton Ferry Terminal Washroom","partialService":false,"reachAvailable":true,"schemaVersion":1,"source":"parks","sourceUrl":"https://www.toronto.ca/explore-enjoy/parks-recreation/places-spaces/parks-and-recreation-facilities/location/?id=3789","stateByTime":{"0030":{"observed":"scheduled_closed","scheduled":"closed"},"1200":{"observed":"open","scheduled":"open"},"2030":{"observed":"open","scheduled":"open"},"2200":{"observed":"open","scheduled":"open"}}},"type":"Feature"},{"geometry":{"coordinates":[-79.28064328,43.683591990000004],"type":"Point"},"id":"parks:5932","properties":{"accessCondition":"unrestricted","accessibility":"unknown","address":"180 Fallingbrook Rd","closureCategory":"construction","hours":"View outdoor pool hours","id":"parks:5932","name":"Blantyre Park Outdoor Pool Washroom","partialService":false,"reachAvailable":true,"schemaVersion":1,"source":"parks","sourceUrl":"https://www.toronto.ca/explore-enjoy/parks-recreation/places-spaces/parks-and-recreation-facilities/location/?id=557","stateByTime":{"0030":{"observed":"construction_closed","scheduled":"unknown"},"1200":{"observed":"construction_closed","scheduled":"unknown"},"2030":{"observed":"construction_closed","scheduled":"unknown"},"2200":{"observed":"construction_closed","scheduled":"unknown"}}},"type":"Feature"},{"geometry":{"coordinates":[-79.48791123,43.61304005],"type":"Point"},"id":"parks:5976","properties":{"accessCondition":"unrestricted","accessibility":"unknown","address":"2441 Lake Shore Blvd  W","closureCategory":"none","hours":"View outdoor pool hours","id":"parks:5976","name":"Amos Waites Park Outdoor Pool Washroom","partialService":false,"reachAvailable":true,"schemaVersion":1,"source":"parks","sourceUrl":"https://www.toronto.ca/explore-enjoy/parks-recreation/places-spaces/parks-and-recreation-facilities/location/?id=906","stateByTime":{"0030":{"observed":"unknown_hours","scheduled":"unknown"},"1200":{"observed":"unknown_hours","scheduled":"unknown"},"2030":{"observed":"unknown_hours","scheduled":"unknown"},"2200":{"observed":"unknown_hours","scheduled":"unknown"}}},"type":"Feature"},{"geometry":{"coordinates":[-79.40441871,43.65098867],"type":"Point"},"id":"parks:5984","properties":{"accessCondition":"unrestricted","accessibility":"unknown","address":"275 Bathurst St","closureCategory":"temporary","hours":"9 a.m. to 10 p.m.","id":"parks:5984","name":"Alexandra Park Outdoor Pool Washroom","partialService":false,"reachAvailable":true,"schemaVersion":1,"source":"parks","sourceUrl":"https://www.toronto.ca/explore-enjoy/parks-recreation/places-spaces/parks-and-recreation-facilities/location/?id=31","stateByTime":{"0030":{"observed":"temporary_closed","scheduled":"closed"},"1200":{"observed":"temporary_closed","scheduled":"open"},"2030":{"observed":"temporary_closed","scheduled":"open"},"2200":{"observed":"temporary_closed","scheduled":"closed"}}},"type":"Feature"},{"geometry":{"coordinates":[-79.40992834,43.768727420000005],"type":"Point"},"id":"parks:59947","properties":{"accessCondition":"unrestricted","accessibility":"accessible","address":"45 Princess Ave","closureCategory":"temporary","hours":"None","id":"parks:59947","name":"Lee Lifeson Art Park Washroom ","partialService":false,"reachAvailable":true,"schemaVersion":1,"source":"parks","sourceUrl":"https://www.toronto.ca/explore-enjoy/parks-recreation/places-spaces/parks-and-recreation-facilities/location/?id=3555","stateByTime":{"0030":{"observed":"temporary_closed","scheduled":"unknown"},"1200":{"observed":"temporary_closed","scheduled":"unknown"},"2030":{"observed":"temporary_closed","scheduled":"unknown"},"2200":{"observed":"temporary_closed","scheduled":"unknown"}}},"type":"Feature"},{"geometry":{"coordinates":[-79.23745466,43.73446713],"type":"Point"},"id":"parks:60142","properties":{"accessCondition":"unrestricted","accessibility":"unknown","address":"150 Mccowan Rd","closureCategory":"none","hours":"9 a.m. to 10 p.m.","id":"parks:60142","name":"McCowan District Park Outdoor Rink Washroom","partialService":false,"reachAvailable":true,"schemaVersion":1,"source":"parks","sourceUrl":"https://www.toronto.ca/explore-enjoy/parks-recreation/places-spaces/parks-and-recreation-facilities/location/?id=1500","stateByTime":{"0030":{"observed":"scheduled_closed","scheduled":"closed"},"1200":{"observed":"open","scheduled":"open"},"2030":{"observed":"open","scheduled":"open"},"2200":{"observed":"scheduled_closed","scheduled":"closed"}}},"type":"Feature"},{"geometry":{"coordinates":[-79.408071,43.64197334],"type":"Point"},"id":"parks:6091","properties":{"accessCondition":"unrestricted","accessibility":"unknown","address":"700 Wellington St  W","closureCategory":"none","hours":"View outdoor pool hours","id":"parks:6091","name":"Stanley Park South Outdoor Pool Washroom ","partialService":false,"reachAvailable":true,"schemaVersion":1,"source":"parks","sourceUrl":"https://www.toronto.ca/explore-enjoy/parks-recreation/places-spaces/parks-and-recreation-facilities/location/?id=2750","stateByTime":{"0030":{"observed":"unknown_hours","scheduled":"unknown"},"1200":{"observed":"unknown_hours","scheduled":"unknown"},"2030":{"observed":"unknown_hours","scheduled":"unknown"},"2200":{"observed":"unknown_hours","scheduled":"unknown"}}},"type":"Feature"},{"geometry":{"coordinates":[-79.31606631,43.69851074],"type":"Point"},"id":"parks:6094","properties":{"accessCondition":"unrestricted","accessibility":"unknown","address":"375 Cedarvale Ave","closureCategory":"none","hours":"View outdoor pool hours","id":"parks:6094","name":"Kiwanis Outdoor Pool Washroom ","partialService":false,"reachAvailable":true,"schemaVersion":1,"source":"parks","sourceUrl":"https://www.toronto.ca/explore-enjoy/parks-recreation/places-spaces/parks-and-recreation-facilities/location/?id=353","stateByTime":{"0030":{"observed":"unknown_hours","scheduled":"unknown"},"1200":{"observed":"unknown_hours","scheduled":"unknown"},"2030":{"observed":"unknown_hours","scheduled":"unknown"},"2200":{"observed":"unknown_hours","scheduled":"unknown"}}},"type":"Feature"},{"geometry":{"coordinates":[-79.49762667,43.67482715],"type":"Point"},"id":"parks:6105","properties":{"accessCondition":"unrestricted","accessibility":"unknown","address":"61 Black Creek Blvd","closureCategory":"none","hours":"View outdoor pool hours","id":"parks:6105","name":"Smythe Park Outdoor Pool Washroom ","partialService":false,"reachAvailable":true,"schemaVersion":1,"source":"parks","sourceUrl":"https://www.toronto.ca/explore-enjoy/parks-recreation/places-spaces/parks-and-recreation-facilities/location/?id=504","stateByTime":{"0030":{"observed":"unknown_hours","scheduled":"unknown"},"1200":{"observed":"unknown_hours","scheduled":"unknown"},"2030":{"observed":"unknown_hours","scheduled":"unknown"},"2200":{"observed":"unknown_hours","scheduled":"unknown"}}},"type":"Feature"},{"geometry":{"coordinates":[-79.59535516,43.748629830000006],"type":"Point"},"id":"parks:6107","properties":{"accessCondition":"unrestricted","accessibility":"unknown","address":"175 Mount Olive Dr","closureCategory":"none","hours":"View outdoor pool hours","id":"parks:6107","name":"Smithfield Park Outdoor Pool Washroom ","partialService":false,"reachAvailable":true,"schemaVersion":1,"source":"parks","sourceUrl":"https://www.toronto.ca/explore-enjoy/parks-recreation/places-spaces/parks-and-recreation-facilities/location/?id=895","stateByTime":{"0030":{"observed":"unknown_hours","scheduled":"unknown"},"1200":{"observed":"unknown_hours","scheduled":"unknown"},"2030":{"observed":"unknown_hours","scheduled":"unknown"},"2200":{"observed":"unknown_hours","scheduled":"unknown"}}},"type":"Feature"},{"geometry":{"coordinates":[-79.54544036,43.681842350000004],"type":"Point"},"id":"parks:6126","properties":{"accessCondition":"unrestricted","accessibility":"unknown","address":"44 Strathdee Dr","closureCategory":"none","hours":"View outdoor pool hours","id":"parks:6126","name":"Richmond Gardens Outdoor Pool Washroom ","partialService":false,"reachAvailable":true,"schemaVersion":1,"source":"parks","sourceUrl":"https://www.toronto.ca/explore-enjoy/parks-recreation/places-spaces/parks-and-recreation-facilities/location/?id=889","stateByTime":{"0030":{"observed":"unknown_hours","scheduled":"unknown"},"1200":{"observed":"unknown_hours","scheduled":"unknown"},"2030":{"observed":"unknown_hours","scheduled":"unknown"},"2200":{"observed":"unknown_hours","scheduled":"unknown"}}},"type":"Feature"},{"geometry":{"coordinates":[-79.50763635,43.59530645],"type":"Point"},"id":"parks:6157","properties":{"accessCondition":"unrestricted","accessibility":"unknown","address":"25 Eleventh St","closureCategory":"none","hours":"9 a.m. to 10 p.m.","id":"parks:6157","name":"Rotary Peace Park Outdoor Pool  Washroom","partialService":false,"reachAvailable":true,"schemaVersion":1,"source":"parks","sourceUrl":"https://www.toronto.ca/explore-enjoy/parks-recreation/places-spaces/parks-and-recreation-facilities/location/?id=909","stateByTime":{"0030":{"observed":"scheduled_closed","scheduled":"closed"},"1200":{"observed":"open","scheduled":"open"},"2030":{"observed":"open","scheduled":"open"},"2200":{"observed":"scheduled_closed","scheduled":"closed"}}},"type":"Feature"},{"geometry":{"coordinates":[-79.35701774,43.672518249999996],"type":"Point"},"id":"parks:6171","properties":{"accessCondition":"unrestricted","accessibility":"unknown","address":"550 Broadview Ave","closureCategory":"none","hours":"View facility hours","id":"parks:6171","name":"Riverdale Park East Outdoor Rink / Pool Washroom ","partialService":false,"reachAvailable":true,"schemaVersion":1,"source":"parks","sourceUrl":"https://www.toronto.ca/explore-enjoy/parks-recreation/places-spaces/parks-and-recreation-facilities/location/?id=343","stateByTime":{"0030":{"observed":"unknown_hours","scheduled":"unknown"},"1200":{"observed":"unknown_hours","scheduled":"unknown"},"2030":{"observed":"unknown_hours","scheduled":"unknown"},"2200":{"observed":"unknown_hours","scheduled":"unknown"}}},"type":"Feature"},{"geometry":{"coordinates":[-79.54460023,43.71246639],"type":"Point"},"id":"parks:6191","properties":{"accessCondition":"unrestricted","accessibility":"unknown","address":"15 Grierson Rd","closureCategory":"none","hours":"View outdoor pool hours","id":"parks:6191","name":"Pine Point Park Outdoor Pool Washroom","partialService":false,"reachAvailable":true,"schemaVersion":1,"source":"parks","sourceUrl":"https://www.toronto.ca/explore-enjoy/parks-recreation/places-spaces/parks-and-recreation-facilities/location/?id=899","stateByTime":{"0030":{"observed":"unknown_hours","scheduled":"unknown"},"1200":{"observed":"unknown_hours","scheduled":"unknown"},"2030":{"observed":"unknown_hours","scheduled":"unknown"},"2200":{"observed":"unknown_hours","scheduled":"unknown"}}},"type":"Feature"},{"geometry":{"coordinates":[-79.49567684,43.63892377],"type":"Point"},"id":"parks:6201","properties":{"accessCondition":"unrestricted","accessibility":"unknown","address":"330 Park Lawn Rd","closureCategory":"none","hours":"View facility hours","id":"parks:6201","name":"Park Lawn Park Outdoor Pool / Rink Washroom","partialService":false,"reachAvailable":true,"schemaVersion":1,"source":"parks","sourceUrl":"https://www.toronto.ca/explore-enjoy/parks-recreation/places-spaces/parks-and-recreation-facilities/location/?id=858","stateByTime":{"0030":{"observed":"unknown_hours","scheduled":"unknown"},"1200":{"observed":"unknown_hours","scheduled":"unknown"},"2030":{"observed":"unknown_hours","scheduled":"unknown"},"2200":{"observed":"unknown_hours","scheduled":"unknown"}}},"type":"Feature"},{"geometry":{"coordinates":[-79.5086496,43.6165097],"type":"Point"},"id":"parks:6206","properties":{"accessCondition":"unrestricted","accessibility":"unknown","address":"36 Ourland Ave","closureCategory":"none","hours":"View outdoor pool hours","id":"parks:6206","name":"Ourland Park Outdoor Pool Washroom","partialService":false,"reachAvailable":true,"schemaVersion":1,"source":"parks","sourceUrl":"https://www.toronto.ca/explore-enjoy/parks-recreation/places-spaces/parks-and-recreation-facilities/location/?id=907","stateByTime":{"0030":{"observed":"unknown_hours","scheduled":"unknown"},"1200":{"observed":"unknown_hours","scheduled":"unknown"},"2030":{"observed":"unknown_hours","scheduled":"unknown"},"2200":{"observed":"unknown_hours","scheduled":"unknown"}}},"type":"Feature"},{"geometry":{"coordinates":[-79.50137137,43.60111321],"type":"Point"},"id":"parks:6294","properties":{"accessCondition":"unrestricted","accessibility":"unknown","address":"105 Fourth St","closureCategory":"none","hours":"Mon Closed; Tue 9 a.m. to 4 p.m.; Wed 9 a.m. to 4 p.m.; Thu 9 a.m. to 4 p.m.; Fri 9 a.m. to 4 p.m.; Sat Closed; Sun Closed","id":"parks:6294","name":"New Toronto Seniors Centre Washroom","partialService":false,"reachAvailable":true,"schemaVersion":1,"source":"parks","sourceUrl":"https://www.toronto.ca/explore-enjoy/parks-recreation/places-spaces/parks-and-recreation-facilities/location/?id=1091","stateByTime":{"0030":{"observed":"scheduled_closed","scheduled":"closed"},"1200":{"observed":"open","scheduled":"open"},"2030":{"observed":"scheduled_closed","scheduled":"closed"},"2200":{"observed":"scheduled_closed","scheduled":"closed"}}},"type":"Feature"},{"geometry":{"coordinates":[-79.41434948,43.76733477],"type":"Point"},"id":"parks:6296","properties":{"accessCondition":"unrestricted","accessibility":"unknown","address":"5100 Yonge St","closureCategory":"temporary","hours":"Mon Closed; Tue Closed; Wed Closed; Thu Closed; Fri Closed; Sat Closed; Sun Closed","id":"parks:6296","name":"Mel Lastman Square Washroom","partialService":false,"reachAvailable":true,"schemaVersion":1,"source":"parks","sourceUrl":"https://www.toronto.ca/explore-enjoy/parks-recreation/places-spaces/parks-and-recreation-facilities/location/?id=956","stateByTime":{"0030":{"observed":"temporary_closed","scheduled":"closed"},"1200":{"observed":"temporary_closed","scheduled":"closed"},"2030":{"observed":"temporary_closed","scheduled":"closed"},"2200":{"observed":"temporary_closed","scheduled":"closed"}}},"type":"Feature"},{"geometry":{"coordinates":[-79.43215788,43.72070076],"type":"Point"},"id":"parks:63","properties":{"accessCondition":"unrestricted","accessibility":"unknown","address":"20 Covington Rd","closureCategory":"none","hours":"Mon Closed; Tue 8:45 a.m. to 4:15 p.m.; Wed 8:45 a.m. to 4:15 p.m.; Thu 8:45 a.m. to 5:15 p.m.; Fri 8:45 a.m. to 4:15 p.m.; Sat Closed; Sun Closed","id":"parks:63","name":"Barbara Frum Community Centre Washroom","partialService":false,"reachAvailable":true,"schemaVersion":1,"source":"parks","sourceUrl":"https://www.toronto.ca/explore-enjoy/parks-recreation/places-spaces/parks-and-recreation-facilities/location/?id=1045","stateByTime":{"0030":{"observed":"scheduled_closed","scheduled":"closed"},"1200":{"observed":"open","scheduled":"open"},"2030":{"observed":"scheduled_closed","scheduled":"closed"},"2200":{"observed":"scheduled_closed","scheduled":"closed"}}},"type":"Feature"},{"geometry":{"coordinates":[-79.39473721,43.63970497],"type":"Point"},"id":"parks:63202","properties":{"accessCondition":"unrestricted","accessibility":"unknown","address":"95 Fort York Blvd","closureCategory":"none","hours":"Mon Closed; Tue 8 a.m. to 10 p.m.; Wed 8 a.m. to 10 p.m.; Thu 8 a.m. to 10 p.m.; Fri 8 a.m. to 10 p.m.; Sat 9 a.m. to 8 p.m.; Sun 9 a.m. to 6 p.m.","id":"parks:63202","name":"Canoe Landing Community Recreation Centre Washroom","partialService":false,"reachAvailable":true,"schemaVersion":1,"source":"parks","sourceUrl":"https://www.toronto.ca/explore-enjoy/parks-recreation/places-spaces/parks-and-recreation-facilities/location/?id=3643","stateByTime":{"0030":{"observed":"scheduled_closed","scheduled":"closed"},"1200":{"observed":"open","scheduled":"open"},"2030":{"observed":"open","scheduled":"open"},"2200":{"observed":"scheduled_closed","scheduled":"closed"}}},"type":"Feature"},{"geometry":{"coordinates":[-79.56694687000001,43.64236689],"type":"Point"},"id":"parks:6324","properties":{"accessCondition":"unrestricted","accessibility":"unknown","address":"380 The West Mall","closureCategory":"none","hours":"View outdoor pool hours","id":"parks:6324","name":"West Mall Outdoor Pool Washroom ","partialService":false,"reachAvailable":true,"schemaVersion":1,"source":"parks","sourceUrl":"https://www.toronto.ca/explore-enjoy/parks-recreation/places-spaces/parks-and-recreation-facilities/location/?id=905","stateByTime":{"0030":{"observed":"unknown_hours","scheduled":"unknown"},"1200":{"observed":"unknown_hours","scheduled":"unknown"},"2030":{"observed":"unknown_hours","scheduled":"unknown"},"2200":{"observed":"unknown_hours","scheduled":"unknown"}}},"type":"Feature"},{"geometry":{"coordinates":[-79.48774024000001,43.61301625],"type":"Point"},"id":"parks:66883","properties":{"accessCondition":"unrestricted","accessibility":"unknown","address":"2441 Lake Shore Blvd  W","closureCategory":"none","hours":"9 a.m. to 10 p.m.","id":"parks:66883","name":"Amos Waites Park Washroom","partialService":false,"reachAvailable":true,"schemaVersion":1,"source":"parks","sourceUrl":"https://www.toronto.ca/explore-enjoy/parks-recreation/places-spaces/parks-and-recreation-facilities/location/?id=939","stateByTime":{"0030":{"observed":"scheduled_closed","scheduled":"closed"},"1200":{"observed":"open","scheduled":"open"},"2030":{"observed":"open","scheduled":"open"},"2200":{"observed":"scheduled_closed","scheduled":"closed"}}},"type":"Feature"},{"geometry":{"coordinates":[-79.29877839,43.67398328],"type":"Point"},"id":"parks:71","properties":{"accessCondition":"unrestricted","accessibility":"unknown","address":"6 Williamson Rd","closureCategory":"none","hours":"Mon Closed; Tue 7:30 a.m. to 9:30 p.m.; Wed 7:30 a.m. to 9:30 p.m.; Thu 7:30 a.m. to 9:30 p.m.; Fri 7:30 a.m. to 9:30 p.m.; Sat 9 a.m. to 4:30 p.m.; Sun 9 a.m. to 4:30 p.m.","id":"parks:71","name":"Beaches Recreation Centre Washroom","partialService":false,"reachAvailable":true,"schemaVersion":1,"source":"parks","sourceUrl":"https://www.toronto.ca/explore-enjoy/parks-recreation/places-spaces/parks-and-recreation-facilities/location/?id=24","stateByTime":{"0030":{"observed":"scheduled_closed","scheduled":"closed"},"1200":{"observed":"open","scheduled":"open"},"2030":{"observed":"open","scheduled":"open"},"2200":{"observed":"scheduled_closed","scheduled":"closed"}}},"type":"Feature"},{"geometry":{"coordinates":[-79.61579573,43.731516619999994],"type":"Point"},"id":"parks:74844","properties":{"accessCondition":"unrestricted","accessibility":"accessible","address":"32 Humberline Dr","closureCategory":"none","hours":"9 a.m. to 10 p.m.","id":"parks:74844","name":"Humberline Park Washroom ","partialService":false,"reachAvailable":true,"schemaVersion":1,"source":"parks","sourceUrl":"https://www.toronto.ca/explore-enjoy/parks-recreation/places-spaces/parks-and-recreation-facilities/location/?id=1508","stateByTime":{"0030":{"observed":"scheduled_closed","scheduled":"closed"},"1200":{"observed":"open","scheduled":"open"},"2030":{"observed":"open","scheduled":"open"},"2200":{"observed":"scheduled_closed","scheduled":"closed"}}},"type":"Feature"},{"geometry":{"coordinates":[-79.54980698,43.72988958],"type":"Point"},"id":"parks:75662","properties":{"accessCondition":"unrestricted","accessibility":"accessible","address":"2 Arcot Blvd","closureCategory":"none","hours":"9 a.m. to 10 p.m.","id":"parks:75662","name":"Summerlea Park North Parking Lot Washroom","partialService":false,"reachAvailable":true,"schemaVersion":1,"source":"parks","sourceUrl":"https://www.toronto.ca/explore-enjoy/parks-recreation/places-spaces/parks-and-recreation-facilities/location/?id=870","stateByTime":{"0030":{"observed":"scheduled_closed","scheduled":"closed"},"1200":{"observed":"open","scheduled":"open"},"2030":{"observed":"open","scheduled":"open"},"2200":{"observed":"scheduled_closed","scheduled":"closed"}}},"type":"Feature"},{"geometry":{"coordinates":[-79.19150754,43.74779142],"type":"Point"},"id":"parks:75804","properties":{"accessCondition":"unrestricted","accessibility":"unknown","address":"201 Guildwood Pkwy","closureCategory":"none","hours":"9 a.m. to 10 p.m.","id":"parks:75804","name":"Guild Park and Gardens East Washroom","partialService":false,"reachAvailable":true,"schemaVersion":1,"source":"parks","sourceUrl":"https://www.toronto.ca/explore-enjoy/parks-recreation/places-spaces/parks-and-recreation-facilities/location/?id=406","stateByTime":{"0030":{"observed":"scheduled_closed","scheduled":"closed"},"1200":{"observed":"open","scheduled":"open"},"2030":{"observed":"open","scheduled":"open"},"2200":{"observed":"scheduled_closed","scheduled":"closed"}}},"type":"Feature"},{"geometry":{"coordinates":[-79.50008702,43.74549503],"type":"Point"},"id":"parks:771","properties":{"accessCondition":"unrestricted","accessibility":"unknown","address":"15 Clubhouse Crt","closureCategory":"none","hours":"Mon Closed; Tue 8 a.m. to 10 p.m.; Wed 8 a.m. to 10 p.m.; Thu 8 a.m. to 10 p.m.; Fri 8 a.m. to 10 p.m.; Sat 8 a.m. to 8 p.m.; Sun 8 a.m. to 8 p.m.","id":"parks:771","name":"Northwood Community Centre Washroom","partialService":false,"reachAvailable":true,"schemaVersion":1,"source":"parks","sourceUrl":"https://www.toronto.ca/explore-enjoy/parks-recreation/places-spaces/parks-and-recreation-facilities/location/?id=703","stateByTime":{"0030":{"observed":"scheduled_closed","scheduled":"closed"},"1200":{"observed":"open","scheduled":"open"},"2030":{"observed":"open","scheduled":"open"},"2200":{"observed":"scheduled_closed","scheduled":"closed"}}},"type":"Feature"},{"geometry":{"coordinates":[-79.47745152,43.73416818],"type":"Point"},"id":"parks:78226","properties":{"accessCondition":"unrestricted","accessibility":"unknown","address":"55 Stanley Greene Blvd.","closureCategory":"none","hours":"9 a.m. to 10 p.m.","id":"parks:78226","name":"Stanley Greene Park Pavilion Washroom","partialService":false,"reachAvailable":true,"schemaVersion":1,"source":"parks","sourceUrl":"https://www.toronto.ca/explore-enjoy/parks-recreation/places-spaces/parks-and-recreation-facilities/location/?id=3693","stateByTime":{"0030":{"observed":"scheduled_closed","scheduled":"closed"},"1200":{"observed":"open","scheduled":"open"},"2030":{"observed":"open","scheduled":"open"},"2200":{"observed":"scheduled_closed","scheduled":"closed"}}},"type":"Feature"},{"geometry":{"coordinates":[-79.40921897,43.67160318],"type":"Point"},"id":"parks:79226","properties":{"accessCondition":"unrestricted","accessibility":"unknown","address":"50 Kendal Ave","closureCategory":"none","hours":"9 a.m. to 10 p.m.","id":"parks:79226","name":"Jean Sibelius Square Fieldhouse Washroom","partialService":false,"reachAvailable":true,"schemaVersion":1,"source":"parks","sourceUrl":"https://www.toronto.ca/explore-enjoy/parks-recreation/places-spaces/parks-and-recreation-facilities/location/?id=151","stateByTime":{"0030":{"observed":"scheduled_closed","scheduled":"closed"},"1200":{"observed":"open","scheduled":"open"},"2030":{"observed":"open","scheduled":"open"},"2200":{"observed":"scheduled_closed","scheduled":"closed"}}},"type":"Feature"},{"geometry":{"coordinates":[-79.40211534000001,43.65359563],"type":"Point"},"id":"parks:79231","properties":{"accessCondition":"unrestricted","accessibility":"unknown","address":"5 Bellevue Ave","closureCategory":"none","hours":"9 a.m. to 10 p.m.","id":"parks:79231","name":"Bellevue Square Park Washroom","partialService":false,"reachAvailable":true,"schemaVersion":1,"source":"parks","sourceUrl":"https://www.toronto.ca/explore-enjoy/parks-recreation/places-spaces/parks-and-recreation-facilities/location/?id=263","stateByTime":{"0030":{"observed":"scheduled_closed","scheduled":"closed"},"1200":{"observed":"open","scheduled":"open"},"2030":{"observed":"open","scheduled":"open"},"2200":{"observed":"scheduled_closed","scheduled":"closed"}}},"type":"Feature"},{"geometry":{"coordinates":[-79.39134764,43.65255726],"type":"Point"},"id":"parks:79343","properties":{"accessCondition":"unrestricted","accessibility":"accessible","address":"26 Grange Rd  W","closureCategory":"none","hours":"9 a.m. to 10 p.m.","id":"parks:79343","name":"Grange Park South Washroom","partialService":false,"reachAvailable":true,"schemaVersion":1,"source":"parks","sourceUrl":"https://www.toronto.ca/explore-enjoy/parks-recreation/places-spaces/parks-and-recreation-facilities/location/?id=1431","stateByTime":{"0030":{"observed":"scheduled_closed","scheduled":"closed"},"1200":{"observed":"open","scheduled":"open"},"2030":{"observed":"open","scheduled":"open"},"2200":{"observed":"scheduled_closed","scheduled":"closed"}}},"type":"Feature"},{"geometry":{"coordinates":[-79.39136899,43.65266026],"type":"Point"},"id":"parks:79344","properties":{"accessCondition":"unrestricted","accessibility":"unknown","address":"26 Grange Rd  W","closureCategory":"none","hours":"9 a.m. to 10 p.m.","id":"parks:79344","name":"Grange Park North Washroom","partialService":false,"reachAvailable":true,"schemaVersion":1,"source":"parks","sourceUrl":"https://www.toronto.ca/explore-enjoy/parks-recreation/places-spaces/parks-and-recreation-facilities/location/?id=1431","stateByTime":{"0030":{"observed":"scheduled_closed","scheduled":"closed"},"1200":{"observed":"open","scheduled":"open"},"2030":{"observed":"open","scheduled":"open"},"2200":{"observed":"scheduled_closed","scheduled":"closed"}}},"type":"Feature"},{"geometry":{"coordinates":[-79.36642253,43.68437785],"type":"Point"},"id":"parks:79459","properties":{"accessCondition":"unrestricted","accessibility":"unknown","address":"550 Bayview Ave","closureCategory":"none","hours":"9 a.m. to 10 p.m.","id":"parks:79459","name":"Don Valley Brick Works Washroom ","partialService":false,"reachAvailable":true,"schemaVersion":1,"source":"parks","sourceUrl":"https://www.toronto.ca/explore-enjoy/parks-recreation/places-spaces/parks-and-recreation-facilities/location/?id=1449","stateByTime":{"0030":{"observed":"scheduled_closed","scheduled":"closed"},"1200":{"observed":"open","scheduled":"open"},"2030":{"observed":"open","scheduled":"open"},"2200":{"observed":"scheduled_closed","scheduled":"closed"}}},"type":"Feature"},{"geometry":{"coordinates":[-79.14028096,43.779665900000005],"type":"Point"},"id":"parks:829","properties":{"accessCondition":"unrestricted","accessibility":"unknown","address":"5450 Lawrence Ave  E","closureCategory":"none","hours":"Mon Closed; Tue 6:30 a.m. to 9:30 p.m.; Wed 6:30 a.m. to 9:30 p.m.; Thu 6:30 a.m. to 9:30 p.m.; Fri 6:30 a.m. to 9:30 p.m.; Sat 7:30 a.m. to 5 p.m.; Sun 7:30 a.m. to 5 p.m.","id":"parks:829","name":"Port Union Community Recreation Centre Washroom","partialService":false,"reachAvailable":true,"schemaVersion":1,"source":"parks","sourceUrl":"https://www.toronto.ca/explore-enjoy/parks-recreation/places-spaces/parks-and-recreation-facilities/location/?id=883","stateByTime":{"0030":{"observed":"scheduled_closed","scheduled":"closed"},"1200":{"observed":"open","scheduled":"open"},"2030":{"observed":"open","scheduled":"open"},"2200":{"observed":"scheduled_closed","scheduled":"closed"}}},"type":"Feature"},{"geometry":{"coordinates":[-79.21659701,43.74017216],"type":"Point"},"id":"parks:925","properties":{"accessCondition":"unrestricted","accessibility":"unknown","address":"3600 Kingston Rd","closureCategory":"none","hours":"Mon Closed; Tue 9 a.m. to 9 p.m.; Wed 9 a.m. to 9 p.m.; Thu 9 a.m. to 9 p.m.; Fri 9 a.m. to 9 p.m.; Sat 9 a.m. to 9 p.m.; Sun 9 a.m. to 6:30 p.m.","id":"parks:925","name":"Scarborough Village Recreation Centre Washroom","partialService":false,"reachAvailable":true,"schemaVersion":1,"source":"parks","sourceUrl":"https://www.toronto.ca/explore-enjoy/parks-recreation/places-spaces/parks-and-recreation-facilities/location/?id=743","stateByTime":{"0030":{"observed":"scheduled_closed","scheduled":"closed"},"1200":{"observed":"open","scheduled":"open"},"2030":{"observed":"open","scheduled":"open"},"2200":{"observed":"scheduled_closed","scheduled":"closed"}}},"type":"Feature"},{"geometry":{"coordinates":[-79.38705153,43.71718225],"type":"Point"},"id":"parks:93642","properties":{"accessCondition":"unrestricted","accessibility":"unknown","address":"190 Sherwood Ave","closureCategory":"none","hours":"9 a.m. to 10 p.m.","id":"parks:93642","name":"Sherwood Park Washroom ","partialService":false,"reachAvailable":true,"schemaVersion":1,"source":"parks","sourceUrl":"https://www.toronto.ca/explore-enjoy/parks-recreation/places-spaces/parks-and-recreation-facilities/location/?id=149","stateByTime":{"0030":{"observed":"scheduled_closed","scheduled":"closed"},"1200":{"observed":"open","scheduled":"open"},"2030":{"observed":"open","scheduled":"open"},"2200":{"observed":"scheduled_closed","scheduled":"closed"}}},"type":"Feature"},{"geometry":{"coordinates":[-79.38759769,43.68691519],"type":"Point"},"id":"parks:97106","properties":{"accessCondition":"unrestricted","accessibility":"unknown","address":"75 Rosehill Ave","closureCategory":"none","hours":"9 a.m. to 10 p.m.","id":"parks:97106","name":"David A. Balfour Park Washroom","partialService":false,"reachAvailable":true,"schemaVersion":1,"source":"parks","sourceUrl":"https://www.toronto.ca/explore-enjoy/parks-recreation/places-spaces/parks-and-recreation-facilities/location/?id=143","stateByTime":{"0030":{"observed":"scheduled_closed","scheduled":"closed"},"1200":{"observed":"open","scheduled":"open"},"2030":{"observed":"open","scheduled":"open"},"2200":{"observed":"scheduled_closed","scheduled":"closed"}}},"type":"Feature"},{"geometry":{"coordinates":[-79.18976248,43.80540094],"type":"Point"},"id":"parks:971308","properties":{"accessCondition":"unrestricted","accessibility":"accessible","address":"8450 Sheppard Ave E","closureCategory":"none","hours":"Mon Closed; Tue 7 a.m. to 10 p.m.; Wed 7 a.m. to 10 p.m.; Thu 7 a.m. to 10 p.m.; Fri 7 a.m. to 10 p.m.; Sat 7 a.m. to 8 p.m.; Sun 7 a.m. to 8 p.m.","id":"parks:971308","name":"Rouge Valley Community Recreation Centre  Washrooms","partialService":false,"reachAvailable":true,"schemaVersion":1,"source":"parks","sourceUrl":"https://www.toronto.ca/explore-enjoy/parks-recreation/places-spaces/parks-and-recreation-facilities/location/?id=3858","stateByTime":{"0030":{"observed":"scheduled_closed","scheduled":"closed"},"1200":{"observed":"open","scheduled":"open"},"2030":{"observed":"open","scheduled":"open"},"2200":{"observed":"scheduled_closed","scheduled":"closed"}}},"type":"Feature"},{"geometry":{"coordinates":[-79.35231451,43.74586922],"type":"Point"},"id":"parks:971422","properties":{"accessCondition":"unrestricted","accessibility":"accessible","address":"120 Bond Ave","closureCategory":"none","hours":"9 a.m. to 10 p.m.","id":"parks:971422","name":"Bond Park Sport Centre Washroom","partialService":false,"reachAvailable":true,"schemaVersion":1,"source":"parks","sourceUrl":"https://www.toronto.ca/explore-enjoy/parks-recreation/places-spaces/parks-and-recreation-facilities/location/?id=465","stateByTime":{"0030":{"observed":"scheduled_closed","scheduled":"closed"},"1200":{"observed":"open","scheduled":"open"},"2030":{"observed":"open","scheduled":"open"},"2200":{"observed":"scheduled_closed","scheduled":"closed"}}},"type":"Feature"},{"geometry":{"coordinates":[-79.414749,43.64660568],"type":"Point"},"id":"parks:971579","properties":{"accessCondition":"unrestricted","accessibility":"unknown","address":"790 Queen St  W","closureCategory":"none","hours":"9 a.m. to 10 p.m.","id":"parks:971579","name":"Trinity Bellwoods Playground Washroom","partialService":false,"reachAvailable":true,"schemaVersion":1,"source":"parks","sourceUrl":"https://www.toronto.ca/explore-enjoy/parks-recreation/places-spaces/parks-and-recreation-facilities/location/?id=241","stateByTime":{"0030":{"observed":"scheduled_closed","scheduled":"closed"},"1200":{"observed":"open","scheduled":"open"},"2030":{"observed":"open","scheduled":"open"},"2200":{"observed":"scheduled_closed","scheduled":"closed"}}},"type":"Feature"},{"geometry":{"coordinates":[-79.36119855,43.646339319999996],"type":"Point"},"id":"parks:988554","properties":{"accessCondition":"unrestricted","accessibility":"accessible","address":"261 Queens Quay East","closureCategory":"none","hours":"Mon Closed; Tue 8 a.m. to 9 p.m.; Wed 8 a.m. to 9 p.m.; Thu 8 a.m. to 9 p.m.; Fri 8 a.m. to 9 p.m.; Sat 9 a.m. to 8 p.m.; Sun 9 a.m. to 8 p.m.","id":"parks:988554","name":"East Bayfront Community Recreation Centre Washrooms","partialService":false,"reachAvailable":true,"schemaVersion":1,"source":"parks","sourceUrl":"https://www.toronto.ca/explore-enjoy/parks-recreation/places-spaces/parks-and-recreation-facilities/location/?id=3857","stateByTime":{"0030":{"observed":"scheduled_closed","scheduled":"closed"},"1200":{"observed":"open","scheduled":"open"},"2030":{"observed":"open","scheduled":"open"},"2200":{"observed":"scheduled_closed","scheduled":"closed"}}},"type":"Feature"},{"geometry":{"coordinates":[-79.32943266000001,43.78337569999999],"type":"Point"},"id":"parks:988593","properties":{"accessCondition":"unrestricted","accessibility":"unknown","address":"116 Clydesdale Dr","closureCategory":"none","hours":"9 a.m. - 10 p.m.","id":"parks:988593","name":"Clydesdale Park Tennis Clubhouse Universal Washroom","partialService":false,"reachAvailable":true,"schemaVersion":1,"source":"parks","sourceUrl":"https://www.toronto.ca/explore-enjoy/parks-recreation/places-spaces/parks-and-recreation-facilities/location/?id=494","stateByTime":{"0030":{"observed":"scheduled_closed","scheduled":"closed"},"1200":{"observed":"open","scheduled":"open"},"2030":{"observed":"open","scheduled":"open"},"2200":{"observed":"scheduled_closed","scheduled":"closed"}}},"type":"Feature"},{"geometry":{"coordinates":[-79.385956,43.670994],"type":"Point"},"id":"ttc:bloor-yonge","properties":{"accessCondition":"fare_paid","accessibility":"accessible","address":"Bloor-Yonge","closureCategory":"none","hours":"Mon-Sat 6 a.m. to 2 a.m.; Sun 8 a.m. to 2 a.m.","id":"ttc:bloor-yonge","name":"Bloor-Yonge station","partialService":false,"reachAvailable":true,"schemaVersion":1,"source":"ttc","sourceUrl":"https://www.ttc.ca/riding-the-ttc/Washrooms-at-TTC-subway-stations","stateByTime":{"0030":{"observed":"open","scheduled":"open"},"1200":{"observed":"open","scheduled":"open"},"2030":{"observed":"open","scheduled":"open"},"2200":{"observed":"open","scheduled":"open"}}},"type":"Feature"},{"geometry":{"coordinates":[-79.436089,43.699146],"type":"Point"},"id":"ttc:cedarvale","properties":{"accessCondition":"fare_paid","accessibility":"accessible","address":"Cedarvale","closureCategory":"none","hours":"Mon-Sat 6 a.m. to 2 a.m.; Sun 8 a.m. to 2 a.m.","id":"ttc:cedarvale","name":"Cedarvale station","partialService":false,"reachAvailable":true,"schemaVersion":1,"source":"ttc","sourceUrl":"https://www.ttc.ca/riding-the-ttc/Washrooms-at-TTC-subway-stations","stateByTime":{"0030":{"observed":"open","scheduled":"open"},"1200":{"observed":"open","scheduled":"open"},"2030":{"observed":"open","scheduled":"open"},"2200":{"observed":"open","scheduled":"open"}}},"type":"Feature"},{"geometry":{"coordinates":[-79.346588,43.775547],"type":"Point"},"id":"ttc:don-mills","properties":{"accessCondition":"fare_paid","accessibility":"accessible","address":"Don Mills","closureCategory":"none","hours":"Mon-Sat 6 a.m. to 2 a.m.; Sun 8 a.m. to 2 a.m.","id":"ttc:don-mills","name":"Don Mills station","partialService":false,"reachAvailable":true,"schemaVersion":1,"source":"ttc","sourceUrl":"https://www.ttc.ca/riding-the-ttc/Washrooms-at-TTC-subway-stations","stateByTime":{"0030":{"observed":"open","scheduled":"open"},"1200":{"observed":"open","scheduled":"open"},"2030":{"observed":"open","scheduled":"open"},"2200":{"observed":"open","scheduled":"open"}}},"type":"Feature"},{"geometry":{"coordinates":[-79.398392,43.70525],"type":"Point"},"id":"ttc:eglinton","properties":{"accessCondition":"fare_paid","accessibility":"accessible","address":"Eglinton","closureCategory":"none","hours":"Mon-Sat 6 a.m. to 2 a.m.; Sun 8 a.m. to 2 a.m.","id":"ttc:eglinton","name":"Eglinton station","partialService":false,"reachAvailable":true,"schemaVersion":1,"source":"ttc","sourceUrl":"https://www.ttc.ca/riding-the-ttc/Washrooms-at-TTC-subway-stations","stateByTime":{"0030":{"observed":"open","scheduled":"open"},"1200":{"observed":"open","scheduled":"open"},"2030":{"observed":"open","scheduled":"open"},"2200":{"observed":"open","scheduled":"open"}}},"type":"Feature"},{"geometry":{"coordinates":[-79.415291,43.780846],"type":"Point"},"id":"ttc:finch","properties":{"accessCondition":"fare_paid","accessibility":"accessible","address":"Finch","closureCategory":"none","hours":"Mon-Sat 6 a.m. to 2 a.m.; Sun 8 a.m. to 2 a.m.","id":"ttc:finch","name":"Finch station","partialService":false,"reachAvailable":true,"schemaVersion":1,"source":"ttc","sourceUrl":"https://www.ttc.ca/riding-the-ttc/Washrooms-at-TTC-subway-stations","stateByTime":{"0030":{"observed":"open","scheduled":"open"},"1200":{"observed":"open","scheduled":"open"},"2030":{"observed":"open","scheduled":"open"},"2200":{"observed":"open","scheduled":"open"}}},"type":"Feature"},{"geometry":{"coordinates":[-79.490807,43.76535],"type":"Point"},"id":"ttc:finch-west","properties":{"accessCondition":"fare_paid","accessibility":"accessible","address":"Finch West","closureCategory":"none","hours":"Mon-Sat 6 a.m. to 2 a.m.; Sun 8 a.m. to 2 a.m.","id":"ttc:finch-west","name":"Finch West station","partialService":false,"reachAvailable":true,"schemaVersion":1,"source":"ttc","sourceUrl":"https://www.ttc.ca/riding-the-ttc/Washrooms-at-TTC-subway-stations","stateByTime":{"0030":{"observed":"open","scheduled":"open"},"1200":{"observed":"open","scheduled":"open"},"2030":{"observed":"open","scheduled":"open"},"2200":{"observed":"open","scheduled":"open"}}},"type":"Feature"},{"geometry":{"coordinates":[-79.60141,43.72963],"type":"Point"},"id":"ttc:humber-college","properties":{"accessCondition":"fare_paid","accessibility":"accessible","address":"Humber College","closureCategory":"none","hours":"Mon-Sat 6 a.m. to 2 a.m.; Sun 8 a.m. to 2 a.m.","id":"ttc:humber-college","name":"Humber College station","partialService":false,"reachAvailable":true,"schemaVersion":1,"source":"ttc","sourceUrl":"https://www.ttc.ca/riding-the-ttc/Washrooms-at-TTC-subway-stations","stateByTime":{"0030":{"observed":"open","scheduled":"open"},"1200":{"observed":"open","scheduled":"open"},"2030":{"observed":"open","scheduled":"open"},"2200":{"observed":"open","scheduled":"open"}}},"type":"Feature"},{"geometry":{"coordinates":[-79.263885,43.732246],"type":"Point"},"id":"ttc:kennedy","properties":{"accessCondition":"fare_paid","accessibility":"accessible","address":"Kennedy","closureCategory":"none","hours":"Mon-Sat 6 a.m. to 2 a.m.; Sun 8 a.m. to 2 a.m.","id":"ttc:kennedy","name":"Kennedy station","partialService":false,"reachAvailable":true,"schemaVersion":1,"source":"ttc","sourceUrl":"https://www.ttc.ca/riding-the-ttc/Washrooms-at-TTC-subway-stations","stateByTime":{"0030":{"observed":"open","scheduled":"open"},"1200":{"observed":"open","scheduled":"open"},"2030":{"observed":"open","scheduled":"open"},"2200":{"observed":"open","scheduled":"open"}}},"type":"Feature"},{"geometry":{"coordinates":[-79.535995,43.63715],"type":"Point"},"id":"ttc:kipling","properties":{"accessCondition":"fare_paid","accessibility":"accessible","address":"Kipling","closureCategory":"none","hours":"Mon-Sat 6 a.m. to 2 a.m.; Sun 8 a.m. to 2 a.m.","id":"ttc:kipling","name":"Kipling station","partialService":false,"reachAvailable":true,"schemaVersion":1,"source":"ttc","sourceUrl":"https://www.ttc.ca/riding-the-ttc/Washrooms-at-TTC-subway-stations","stateByTime":{"0030":{"observed":"open","scheduled":"open"},"1200":{"observed":"open","scheduled":"open"},"2030":{"observed":"open","scheduled":"open"},"2200":{"observed":"open","scheduled":"open"}}},"type":"Feature"},{"geometry":{"coordinates":[-79.48716,43.688465],"type":"Point"},"id":"ttc:mount-dennis","properties":{"accessCondition":"fare_paid","accessibility":"accessible","address":"Mount Dennis","closureCategory":"none","hours":"Mon-Sat 6 a.m. to 2 a.m.; Sun 8 a.m. to 2 a.m.","id":"ttc:mount-dennis","name":"Mount Dennis station","partialService":false,"reachAvailable":true,"schemaVersion":1,"source":"ttc","sourceUrl":"https://www.ttc.ca/riding-the-ttc/Washrooms-at-TTC-subway-stations","stateByTime":{"0030":{"observed":"open","scheduled":"open"},"1200":{"observed":"open","scheduled":"open"},"2030":{"observed":"open","scheduled":"open"},"2200":{"observed":"open","scheduled":"open"}}},"type":"Feature"},{"geometry":{"coordinates":[-79.462593,43.750046],"type":"Point"},"id":"ttc:sheppard-west","properties":{"accessCondition":"fare_paid","accessibility":"accessible","address":"Sheppard West","closureCategory":"none","hours":"Mon-Sat 6 a.m. to 2 a.m.; Sun 8 a.m. to 2 a.m.","id":"ttc:sheppard-west","name":"Sheppard West station","partialService":false,"reachAvailable":true,"schemaVersion":1,"source":"ttc","sourceUrl":"https://www.ttc.ca/riding-the-ttc/Washrooms-at-TTC-subway-stations","stateByTime":{"0030":{"observed":"open","scheduled":"open"},"1200":{"observed":"open","scheduled":"open"},"2030":{"observed":"open","scheduled":"open"},"2200":{"observed":"open","scheduled":"open"}}},"type":"Feature"},{"geometry":{"coordinates":[-79.41169,43.761646],"type":"Point"},"id":"ttc:sheppard-yonge","properties":{"accessCondition":"fare_paid","accessibility":"accessible","address":"Sheppard-Yonge","closureCategory":"none","hours":"Mon-Sat 6 a.m. to 2 a.m.; Sun 8 a.m. to 2 a.m.","id":"ttc:sheppard-yonge","name":"Sheppard-Yonge station","partialService":false,"reachAvailable":true,"schemaVersion":1,"source":"ttc","sourceUrl":"https://www.ttc.ca/riding-the-ttc/Washrooms-at-TTC-subway-stations","stateByTime":{"0030":{"observed":"open","scheduled":"open"},"1200":{"observed":"open","scheduled":"open"},"2030":{"observed":"open","scheduled":"open"},"2200":{"observed":"open","scheduled":"open"}}},"type":"Feature"},{"geometry":{"coordinates":[-79.45079,43.734547],"type":"Point"},"id":"ttc:wilson","properties":{"accessCondition":"fare_paid","accessibility":"accessible","address":"Wilson","closureCategory":"none","hours":"Mon-Sat 6 a.m. to 2 a.m.; Sun 8 a.m. to 2 a.m.","id":"ttc:wilson","name":"Wilson station","partialService":false,"reachAvailable":true,"schemaVersion":1,"source":"ttc","sourceUrl":"https://www.ttc.ca/riding-the-ttc/Washrooms-at-TTC-subway-stations","stateByTime":{"0030":{"observed":"open","scheduled":"open"},"1200":{"observed":"open","scheduled":"open"},"2030":{"observed":"open","scheduled":"open"},"2200":{"observed":"open","scheduled":"open"}}},"type":"Feature"}],"schemaVersion":1,"type":"FeatureCollection"}
