{"features":[{"geometry":{"coordinates":[-79.39242,43.68863],"type":"Point"},"id":"extend-hours:library:DP","properties":{"accessCondition":"unrestricted","accessibility":"unknown","action":"extend","actionClass":"extend_hours","auditStatus":"valid","closureCategory":"none","facilityId":"library:DP","hours":"Mon 9 a.m. to 8:30 p.m.; Tue 9 a.m. to 8:30 p.m.; Wed 9 a.m. to 8:30 p.m; Thu 9 a.m. to 8:30 p.m.; Fri 9 a.m. to 5 p.m.; Sat 9 a.m. to 5 p.m.; Sun 12 p.m. to 5 p.m.","id":"extend-hours:library:DP","materialGain":true,"name":"Deer Park library","primaryMetrics":{"combined_incremental":{"active_stops":11,"stop_time_events":70,"unique_routes":5,"unique_trips":53},"combined_total":{"active_stops":11,"stop_time_events":70,"unique_routes":5,"unique_trips":53},"positive_late_snapshots":2,"scenario_id":"primary","snapshot_gains":[{"incremental":{"active_stops":11,"stop_time_events":36,"unique_routes":5,"unique_trips":27},"snapshot_id":"2200","total_catchment":{"active_stops":11,"stop_time_events":36,"unique_routes":5,"unique_trips":27}},{"incremental":{"active_stops":11,"stop_time_events":34,"unique_routes":5,"unique_trips":26},"snapshot_id":"0030","total_catchment":{"active_stops":11,"stop_time_events":34,"unique_routes":5,"unique_trips":26}}]},"primaryRank":9,"queryCells":[{"access":"public","active":false,"activeStops":0,"events":0,"time":"1200","uniqueRoutes":0,"uniqueTrips":0,"walk":300},{"access":"public","active":false,"activeStops":0,"events":0,"time":"1200","uniqueRoutes":0,"uniqueTrips":0,"walk":400},{"access":"public","active":false,"activeStops":0,"events":0,"time":"1200","uniqueRoutes":0,"uniqueTrips":0,"walk":500},{"access":"rider_conditional","active":false,"activeStops":0,"events":0,"time":"1200","uniqueRoutes":0,"uniqueTrips":0,"walk":300},{"access":"rider_conditional","active":false,"activeStops":0,"events":0,"time":"1200","uniqueRoutes":0,"uniqueTrips":0,"walk":400},{"access":"rider_conditional","active":false,"activeStops":0,"events":0,"time":"1200","uniqueRoutes":0,"uniqueTrips":0,"walk":500},{"access":"public","active":true,"activeStops":5,"events":25,"time":"2030","uniqueRoutes":3,"uniqueTrips":25,"walk":300},{"access":"public","active":true,"activeStops":9,"events":34,"time":"2030","uniqueRoutes":4,"uniqueTrips":29,"walk":400},{"access":"public","active":true,"activeStops":16,"events":55,"time":"2030","uniqueRoutes":5,"uniqueTrips":37,"walk":500},{"access":"rider_conditional","active":true,"activeStops":5,"events":25,"time":"2030","uniqueRoutes":3,"uniqueTrips":25,"walk":300},{"access":"rider_conditional","active":true,"activeStops":9,"events":34,"time":"2030","uniqueRoutes":4,"uniqueTrips":29,"walk":400},{"access":"rider_conditional","active":true,"activeStops":16,"events":55,"time":"2030","uniqueRoutes":5,"uniqueTrips":37,"walk":500},{"access":"public","active":true,"activeStops":6,"events":24,"time":"2200","uniqueRoutes":5,"uniqueTrips":24,"walk":300},{"access":"public","active":true,"activeStops":11,"events":36,"time":"2200","uniqueRoutes":5,"uniqueTrips":27,"walk":400},{"access":"public","active":true,"activeStops":18,"events":56,"time":"2200","uniqueRoutes":5,"uniqueTrips":31,"walk":500},{"access":"rider_conditional","active":true,"activeStops":6,"events":24,"time":"2200","uniqueRoutes":5,"uniqueTrips":24,"walk":300},{"access":"rider_conditional","active":true,"activeStops":11,"events":36,"time":"2200","uniqueRoutes":5,"uniqueTrips":27,"walk":400},{"access":"rider_conditional","active":true,"activeStops":18,"events":56,"time":"2200","uniqueRoutes":5,"uniqueTrips":31,"walk":500},{"access":"public","active":true,"activeStops":6,"events":22,"time":"0030","uniqueRoutes":5,"uniqueTrips":22,"walk":300},{"access":"public","active":true,"activeStops":11,"events":34,"time":"0030","uniqueRoutes":5,"uniqueTrips":26,"walk":400},{"access":"public","active":true,"activeStops":18,"events":55,"time":"0030","uniqueRoutes":5,"uniqueTrips":29,"walk":500},{"access":"rider_conditional","active":true,"activeStops":6,"events":22,"time":"0030","uniqueRoutes":5,"uniqueTrips":22,"walk":300},{"access":"rider_conditional","active":true,"activeStops":11,"events":34,"time":"0030","uniqueRoutes":5,"uniqueTrips":26,"walk":400},{"access":"rider_conditional","active":true,"activeStops":18,"events":55,"time":"0030","uniqueRoutes":5,"uniqueTrips":29,"walk":500}],"reachAvailable":true,"schemaVersion":1,"sensitivityRanks":[{"applicable":true,"rank":10,"scenario_id":"distance-300"},{"applicable":true,"rank":14,"scenario_id":"distance-500"},{"applicable":true,"rank":7,"scenario_id":"rider-conditional"},{"applicable":true,"rank":9,"scenario_id":"normal-operations"},{"applicable":false,"rank":"not applicable","scenario_id":"optimistic-information"},{"applicable":true,"rank":10,"scenario_id":"saturday"}],"sourceUrl":"https://www.tpl.ca/deerpark","stability":"robust","verificationSubtype":null},"type":"Feature"},{"geometry":{"coordinates":[-79.40176,43.72488],"type":"Point"},"id":"extend-hours:library:LO","properties":{"accessCondition":"unrestricted","accessibility":"unknown","action":"extend","actionClass":"extend_hours","auditStatus":"valid","closureCategory":"none","facilityId":"library:LO","hours":"Mon 9 a.m. to 8:30 p.m.; Tue 9 a.m. to 8:30 p.m.; Wed 9 a.m. to 8:30 p.m.; Thu 9 a.m. to 8:30 p.m.; Fri 9 a.m. to 5 p.m.; Sat 9 a.m. to 5 p.m.; Sun 12 p.m. to 5 p.m.","id":"extend-hours:library:LO","materialGain":true,"name":"Locke library","primaryMetrics":{"combined_incremental":{"active_stops":18,"stop_time_events":89,"unique_routes":5,"unique_trips":52},"combined_total":{"active_stops":18,"stop_time_events":89,"unique_routes":5,"unique_trips":52},"positive_late_snapshots":2,"scenario_id":"primary","snapshot_gains":[{"incremental":{"active_stops":18,"stop_time_events":52,"unique_routes":5,"unique_trips":28},"snapshot_id":"2200","total_catchment":{"active_stops":18,"stop_time_events":52,"unique_routes":5,"unique_trips":28}},{"incremental":{"active_stops":17,"stop_time_events":37,"unique_routes":4,"unique_trips":24},"snapshot_id":"0030","total_catchment":{"active_stops":17,"stop_time_events":37,"unique_routes":4,"unique_trips":24}}]},"primaryRank":10,"queryCells":[{"access":"public","active":false,"activeStops":0,"events":0,"time":"1200","uniqueRoutes":0,"uniqueTrips":0,"walk":300},{"access":"public","active":false,"activeStops":0,"events":0,"time":"1200","uniqueRoutes":0,"uniqueTrips":0,"walk":400},{"access":"public","active":false,"activeStops":0,"events":0,"time":"1200","uniqueRoutes":0,"uniqueTrips":0,"walk":500},{"access":"rider_conditional","active":false,"activeStops":0,"events":0,"time":"1200","uniqueRoutes":0,"uniqueTrips":0,"walk":300},{"access":"rider_conditional","active":false,"activeStops":0,"events":0,"time":"1200","uniqueRoutes":0,"uniqueTrips":0,"walk":400},{"access":"rider_conditional","active":false,"activeStops":0,"events":0,"time":"1200","uniqueRoutes":0,"uniqueTrips":0,"walk":500},{"access":"public","active":true,"activeStops":12,"events":44,"time":"2030","uniqueRoutes":5,"uniqueTrips":31,"walk":300},{"access":"public","active":true,"activeStops":13,"events":46,"time":"2030","uniqueRoutes":5,"uniqueTrips":31,"walk":400},{"access":"public","active":true,"activeStops":14,"events":40,"time":"2030","uniqueRoutes":6,"uniqueTrips":23,"walk":500},{"access":"rider_conditional","active":true,"activeStops":12,"events":44,"time":"2030","uniqueRoutes":5,"uniqueTrips":31,"walk":300},{"access":"rider_conditional","active":true,"activeStops":13,"events":46,"time":"2030","uniqueRoutes":5,"uniqueTrips":31,"walk":400},{"access":"rider_conditional","active":true,"activeStops":14,"events":40,"time":"2030","uniqueRoutes":6,"uniqueTrips":23,"walk":500},{"access":"public","active":true,"activeStops":12,"events":40,"time":"2200","uniqueRoutes":5,"uniqueTrips":28,"walk":300},{"access":"public","active":true,"activeStops":18,"events":52,"time":"2200","uniqueRoutes":5,"uniqueTrips":28,"walk":400},{"access":"public","active":true,"activeStops":21,"events":56,"time":"2200","uniqueRoutes":6,"uniqueTrips":29,"walk":500},{"access":"rider_conditional","active":true,"activeStops":12,"events":40,"time":"2200","uniqueRoutes":5,"uniqueTrips":28,"walk":300},{"access":"rider_conditional","active":true,"activeStops":18,"events":52,"time":"2200","uniqueRoutes":5,"uniqueTrips":28,"walk":400},{"access":"rider_conditional","active":true,"activeStops":21,"events":56,"time":"2200","uniqueRoutes":6,"uniqueTrips":29,"walk":500},{"access":"public","active":true,"activeStops":11,"events":29,"time":"0030","uniqueRoutes":4,"uniqueTrips":23,"walk":300},{"access":"public","active":true,"activeStops":17,"events":37,"time":"0030","uniqueRoutes":4,"uniqueTrips":24,"walk":400},{"access":"public","active":true,"activeStops":20,"events":40,"time":"0030","uniqueRoutes":5,"uniqueTrips":25,"walk":500},{"access":"rider_conditional","active":true,"activeStops":11,"events":29,"time":"0030","uniqueRoutes":4,"uniqueTrips":23,"walk":300},{"access":"rider_conditional","active":true,"activeStops":17,"events":37,"time":"0030","uniqueRoutes":4,"uniqueTrips":24,"walk":400},{"access":"rider_conditional","active":true,"activeStops":20,"events":40,"time":"0030","uniqueRoutes":5,"uniqueTrips":25,"walk":500}],"reachAvailable":true,"schemaVersion":1,"sensitivityRanks":[{"applicable":true,"rank":6,"scenario_id":"distance-300"},{"applicable":true,"rank":25,"scenario_id":"distance-500"},{"applicable":true,"rank":8,"scenario_id":"rider-conditional"},{"applicable":true,"rank":10,"scenario_id":"normal-operations"},{"applicable":false,"rank":"not applicable","scenario_id":"optimistic-information"},{"applicable":true,"rank":11,"scenario_id":"saturday"}],"sourceUrl":"https://www.tpl.ca/locke","stability":"robust","verificationSubtype":null},"type":"Feature"},{"geometry":{"coordinates":[-79.48828,43.68659],"type":"Point"},"id":"extend-hours:library:MD","properties":{"accessCondition":"unrestricted","accessibility":"unknown","action":"extend","actionClass":"extend_hours","auditStatus":"valid","closureCategory":"none","facilityId":"library:MD","hours":"Mon 9 a.m. to 8:30 p.m.; Tue 9 a.m. to 8:30 p.m.; Wed 9 a.m. to 8:30 p.m.; Thu 9 a.m. to 8:30 p.m.; Fri 9 a.m. to 8:30 p.m.; Sat 9 a.m. to 5 p.m.; Sun 12 p.m. to 5 p.m.","id":"extend-hours:library:MD","materialGain":true,"name":"Mount Dennis library","primaryMetrics":{"combined_incremental":{"active_stops":23,"stop_time_events":319,"unique_routes":12,"unique_trips":125},"combined_total":{"active_stops":23,"stop_time_events":319,"unique_routes":12,"unique_trips":125},"positive_late_snapshots":2,"scenario_id":"primary","snapshot_gains":[{"incremental":{"active_stops":22,"stop_time_events":165,"unique_routes":12,"unique_trips":65},"snapshot_id":"2200","total_catchment":{"active_stops":22,"stop_time_events":165,"unique_routes":12,"unique_trips":65}},{"incremental":{"active_stops":23,"stop_time_events":154,"unique_routes":12,"unique_trips":60},"snapshot_id":"0030","total_catchment":{"active_stops":23,"stop_time_events":154,"unique_routes":12,"unique_trips":60}}]},"primaryRank":1,"queryCells":[{"access":"public","active":false,"activeStops":0,"events":0,"time":"1200","uniqueRoutes":0,"uniqueTrips":0,"walk":300},{"access":"public","active":false,"activeStops":0,"events":0,"time":"1200","uniqueRoutes":0,"uniqueTrips":0,"walk":400},{"access":"public","active":false,"activeStops":0,"events":0,"time":"1200","uniqueRoutes":0,"uniqueTrips":0,"walk":500},{"access":"rider_conditional","active":false,"activeStops":0,"events":0,"time":"1200","uniqueRoutes":0,"uniqueTrips":0,"walk":300},{"access":"rider_conditional","active":false,"activeStops":0,"events":0,"time":"1200","uniqueRoutes":0,"uniqueTrips":0,"walk":400},{"access":"rider_conditional","active":false,"activeStops":0,"events":0,"time":"1200","uniqueRoutes":0,"uniqueTrips":0,"walk":500},{"access":"public","active":true,"activeStops":6,"events":47,"time":"2030","uniqueRoutes":7,"uniqueTrips":37,"walk":300},{"access":"public","active":true,"activeStops":23,"events":158,"time":"2030","uniqueRoutes":12,"uniqueTrips":67,"walk":400},{"access":"public","active":true,"activeStops":25,"events":148,"time":"2030","uniqueRoutes":11,"uniqueTrips":57,"walk":500},{"access":"rider_conditional","active":true,"activeStops":6,"events":47,"time":"2030","uniqueRoutes":7,"uniqueTrips":37,"walk":300},{"access":"rider_conditional","active":true,"activeStops":17,"events":96,"time":"2030","uniqueRoutes":11,"uniqueTrips":54,"walk":400},{"access":"rider_conditional","active":true,"activeStops":16,"events":83,"time":"2030","uniqueRoutes":11,"uniqueTrips":54,"walk":500},{"access":"public","active":true,"activeStops":6,"events":51,"time":"2200","uniqueRoutes":7,"uniqueTrips":40,"walk":300},{"access":"public","active":true,"activeStops":22,"events":165,"time":"2200","uniqueRoutes":12,"uniqueTrips":65,"walk":400},{"access":"public","active":true,"activeStops":29,"events":228,"time":"2200","uniqueRoutes":12,"uniqueTrips":69,"walk":500},{"access":"rider_conditional","active":true,"activeStops":6,"events":51,"time":"2200","uniqueRoutes":7,"uniqueTrips":40,"walk":300},{"access":"rider_conditional","active":true,"activeStops":17,"events":104,"time":"2200","uniqueRoutes":11,"uniqueTrips":55,"walk":400},{"access":"rider_conditional","active":true,"activeStops":16,"events":88,"time":"2200","uniqueRoutes":11,"uniqueTrips":55,"walk":500},{"access":"public","active":true,"activeStops":6,"events":49,"time":"0030","uniqueRoutes":7,"uniqueTrips":40,"walk":300},{"access":"public","active":true,"activeStops":23,"events":154,"time":"0030","uniqueRoutes":12,"uniqueTrips":60,"walk":400},{"access":"public","active":true,"activeStops":30,"events":216,"time":"0030","uniqueRoutes":12,"uniqueTrips":63,"walk":500},{"access":"rider_conditional","active":true,"activeStops":6,"events":49,"time":"0030","uniqueRoutes":7,"uniqueTrips":40,"walk":300},{"access":"rider_conditional","active":true,"activeStops":17,"events":93,"time":"0030","uniqueRoutes":11,"uniqueTrips":53,"walk":400},{"access":"rider_conditional","active":true,"activeStops":16,"events":79,"time":"0030","uniqueRoutes":11,"uniqueTrips":52,"walk":500}],"reachAvailable":true,"schemaVersion":1,"sensitivityRanks":[{"applicable":true,"rank":1,"scenario_id":"distance-300"},{"applicable":true,"rank":1,"scenario_id":"distance-500"},{"applicable":true,"rank":1,"scenario_id":"rider-conditional"},{"applicable":true,"rank":1,"scenario_id":"normal-operations"},{"applicable":false,"rank":"not applicable","scenario_id":"optimistic-information"},{"applicable":true,"rank":1,"scenario_id":"saturday"}],"sourceUrl":"https://www.tpl.ca/mountdennis","stability":"robust","verificationSubtype":null},"type":"Feature"},{"geometry":{"coordinates":[-79.39979,43.70824],"type":"Point"},"id":"extend-hours:library:ND","properties":{"accessCondition":"unrestricted","accessibility":"unknown","action":"extend","actionClass":"extend_hours","auditStatus":"valid","closureCategory":"none","facilityId":"library:ND","hours":"Mon 9 a.m. to 8:30 p.m.; Tue 9 a.m. to 8:30 p.m.; Wed 9 a.m. to 8:30 p.m.; Thu 9 a.m. to 8:30 p.m.; Fri 9 a.m. to 8:30 p.m.; Sat 9 a.m. to 5 p.m.; Sun 12 p.m. to 5 p.m.","id":"extend-hours:library:ND","materialGain":true,"name":"Northern District library","primaryMetrics":{"combined_incremental":{"active_stops":13,"stop_time_events":77,"unique_routes":8,"unique_trips":60},"combined_total":{"active_stops":13,"stop_time_events":77,"unique_routes":8,"unique_trips":60},"positive_late_snapshots":2,"scenario_id":"primary","snapshot_gains":[{"incremental":{"active_stops":13,"stop_time_events":39,"unique_routes":8,"unique_trips":30},"snapshot_id":"2200","total_catchment":{"active_stops":13,"stop_time_events":39,"unique_routes":8,"unique_trips":30}},{"incremental":{"active_stops":13,"stop_time_events":38,"unique_routes":8,"unique_trips":30},"snapshot_id":"0030","total_catchment":{"active_stops":13,"stop_time_events":38,"unique_routes":8,"unique_trips":30}}]},"primaryRank":4,"queryCells":[{"access":"public","active":false,"activeStops":0,"events":0,"time":"1200","uniqueRoutes":0,"uniqueTrips":0,"walk":300},{"access":"public","active":false,"activeStops":0,"events":0,"time":"1200","uniqueRoutes":0,"uniqueTrips":0,"walk":400},{"access":"public","active":false,"activeStops":0,"events":0,"time":"1200","uniqueRoutes":0,"uniqueTrips":0,"walk":500},{"access":"rider_conditional","active":false,"activeStops":0,"events":0,"time":"1200","uniqueRoutes":0,"uniqueTrips":0,"walk":300},{"access":"rider_conditional","active":false,"activeStops":0,"events":0,"time":"1200","uniqueRoutes":0,"uniqueTrips":0,"walk":400},{"access":"rider_conditional","active":false,"activeStops":0,"events":0,"time":"1200","uniqueRoutes":0,"uniqueTrips":0,"walk":500},{"access":"public","active":true,"activeStops":10,"events":35,"time":"2030","uniqueRoutes":6,"uniqueTrips":32,"walk":300},{"access":"public","active":true,"activeStops":12,"events":42,"time":"2030","uniqueRoutes":6,"uniqueTrips":33,"walk":400},{"access":"public","active":true,"activeStops":18,"events":53,"time":"2030","uniqueRoutes":7,"uniqueTrips":37,"walk":500},{"access":"rider_conditional","active":true,"activeStops":4,"events":4,"time":"2030","uniqueRoutes":1,"uniqueTrips":2,"walk":300},{"access":"rider_conditional","active":true,"activeStops":2,"events":2,"time":"2030","uniqueRoutes":1,"uniqueTrips":2,"walk":400},{"access":"rider_conditional","active":true,"activeStops":2,"events":2,"time":"2030","uniqueRoutes":1,"uniqueTrips":2,"walk":500},{"access":"public","active":true,"activeStops":10,"events":31,"time":"2200","uniqueRoutes":6,"uniqueTrips":28,"walk":300},{"access":"public","active":true,"activeStops":13,"events":39,"time":"2200","uniqueRoutes":8,"uniqueTrips":30,"walk":400},{"access":"public","active":true,"activeStops":20,"events":54,"time":"2200","uniqueRoutes":8,"uniqueTrips":34,"walk":500},{"access":"rider_conditional","active":true,"activeStops":4,"events":5,"time":"2200","uniqueRoutes":1,"uniqueTrips":3,"walk":300},{"access":"rider_conditional","active":true,"activeStops":2,"events":2,"time":"2200","uniqueRoutes":1,"uniqueTrips":2,"walk":400},{"access":"rider_conditional","active":true,"activeStops":2,"events":2,"time":"2200","uniqueRoutes":1,"uniqueTrips":2,"walk":500},{"access":"public","active":true,"activeStops":10,"events":29,"time":"0030","uniqueRoutes":6,"uniqueTrips":27,"walk":300},{"access":"public","active":true,"activeStops":13,"events":38,"time":"0030","uniqueRoutes":8,"uniqueTrips":30,"walk":400},{"access":"public","active":true,"activeStops":20,"events":53,"time":"0030","uniqueRoutes":8,"uniqueTrips":32,"walk":500},{"access":"rider_conditional","active":true,"activeStops":4,"events":4,"time":"0030","uniqueRoutes":1,"uniqueTrips":3,"walk":300},{"access":"rider_conditional","active":true,"activeStops":2,"events":2,"time":"0030","uniqueRoutes":1,"uniqueTrips":2,"walk":400},{"access":"rider_conditional","active":true,"activeStops":2,"events":2,"time":"0030","uniqueRoutes":1,"uniqueTrips":2,"walk":500}],"reachAvailable":true,"schemaVersion":1,"sensitivityRanks":[{"applicable":true,"rank":4,"scenario_id":"distance-300"},{"applicable":true,"rank":8,"scenario_id":"distance-500"},{"applicable":true,"rank":262,"scenario_id":"rider-conditional"},{"applicable":true,"rank":4,"scenario_id":"normal-operations"},{"applicable":false,"rank":"not applicable","scenario_id":"optimistic-information"},{"applicable":true,"rank":5,"scenario_id":"saturday"}],"sourceUrl":"https://www.tpl.ca/northerndistrict","stability":"robust","verificationSubtype":null},"type":"Feature"},{"geometry":{"coordinates":[-79.35309,43.66571],"type":"Point"},"id":"extend-hours:library:RD","properties":{"accessCondition":"unrestricted","accessibility":"unknown","action":"extend","actionClass":"extend_hours","auditStatus":"valid","closureCategory":"none","facilityId":"library:RD","hours":"Mon 9 a.m. to 8:30 p.m.; Tue 9 a.m. to 8:30 p.m.; Wed 9 a.m. to 8:30 p.m.; Thu 9 a.m. to 8:30 p.m.; Fri 9 a.m. to 5 p.m.; Sat 9 a.m. to 5 p.m.; Sun 12 p.m. to 5 p.m.","id":"extend-hours:library:RD","materialGain":true,"name":"Riverdale library","primaryMetrics":{"combined_incremental":{"active_stops":16,"stop_time_events":174,"unique_routes":6,"unique_trips":60},"combined_total":{"active_stops":16,"stop_time_events":174,"unique_routes":6,"unique_trips":60},"positive_late_snapshots":2,"scenario_id":"primary","snapshot_gains":[{"incremental":{"active_stops":16,"stop_time_events":86,"unique_routes":6,"unique_trips":30},"snapshot_id":"2200","total_catchment":{"active_stops":16,"stop_time_events":86,"unique_routes":6,"unique_trips":30}},{"incremental":{"active_stops":16,"stop_time_events":88,"unique_routes":6,"unique_trips":30},"snapshot_id":"0030","total_catchment":{"active_stops":16,"stop_time_events":88,"unique_routes":6,"unique_trips":30}}]},"primaryRank":5,"queryCells":[{"access":"public","active":false,"activeStops":0,"events":0,"time":"1200","uniqueRoutes":0,"uniqueTrips":0,"walk":300},{"access":"public","active":false,"activeStops":0,"events":0,"time":"1200","uniqueRoutes":0,"uniqueTrips":0,"walk":400},{"access":"public","active":false,"activeStops":0,"events":0,"time":"1200","uniqueRoutes":0,"uniqueTrips":0,"walk":500},{"access":"rider_conditional","active":false,"activeStops":0,"events":0,"time":"1200","uniqueRoutes":0,"uniqueTrips":0,"walk":300},{"access":"rider_conditional","active":false,"activeStops":0,"events":0,"time":"1200","uniqueRoutes":0,"uniqueTrips":0,"walk":400},{"access":"rider_conditional","active":false,"activeStops":0,"events":0,"time":"1200","uniqueRoutes":0,"uniqueTrips":0,"walk":500},{"access":"public","active":true,"activeStops":11,"events":58,"time":"2030","uniqueRoutes":6,"uniqueTrips":31,"walk":300},{"access":"public","active":true,"activeStops":11,"events":59,"time":"2030","uniqueRoutes":6,"uniqueTrips":32,"walk":400},{"access":"public","active":true,"activeStops":10,"events":54,"time":"2030","uniqueRoutes":6,"uniqueTrips":33,"walk":500},{"access":"rider_conditional","active":true,"activeStops":11,"events":58,"time":"2030","uniqueRoutes":6,"uniqueTrips":31,"walk":300},{"access":"rider_conditional","active":true,"activeStops":11,"events":59,"time":"2030","uniqueRoutes":6,"uniqueTrips":32,"walk":400},{"access":"rider_conditional","active":true,"activeStops":10,"events":54,"time":"2030","uniqueRoutes":6,"uniqueTrips":33,"walk":500},{"access":"public","active":true,"activeStops":13,"events":67,"time":"2200","uniqueRoutes":6,"uniqueTrips":29,"walk":300},{"access":"public","active":true,"activeStops":16,"events":86,"time":"2200","uniqueRoutes":6,"uniqueTrips":30,"walk":400},{"access":"public","active":true,"activeStops":21,"events":112,"time":"2200","uniqueRoutes":6,"uniqueTrips":31,"walk":500},{"access":"rider_conditional","active":true,"activeStops":13,"events":67,"time":"2200","uniqueRoutes":6,"uniqueTrips":29,"walk":300},{"access":"rider_conditional","active":true,"activeStops":16,"events":86,"time":"2200","uniqueRoutes":6,"uniqueTrips":30,"walk":400},{"access":"rider_conditional","active":true,"activeStops":21,"events":112,"time":"2200","uniqueRoutes":6,"uniqueTrips":31,"walk":500},{"access":"public","active":true,"activeStops":13,"events":70,"time":"0030","uniqueRoutes":6,"uniqueTrips":30,"walk":300},{"access":"public","active":true,"activeStops":16,"events":88,"time":"0030","uniqueRoutes":6,"uniqueTrips":30,"walk":400},{"access":"public","active":true,"activeStops":21,"events":116,"time":"0030","uniqueRoutes":6,"uniqueTrips":31,"walk":500},{"access":"rider_conditional","active":true,"activeStops":13,"events":70,"time":"0030","uniqueRoutes":6,"uniqueTrips":30,"walk":300},{"access":"rider_conditional","active":true,"activeStops":16,"events":88,"time":"0030","uniqueRoutes":6,"uniqueTrips":30,"walk":400},{"access":"rider_conditional","active":true,"activeStops":21,"events":116,"time":"0030","uniqueRoutes":6,"uniqueTrips":31,"walk":500}],"reachAvailable":true,"schemaVersion":1,"sensitivityRanks":[{"applicable":true,"rank":3,"scenario_id":"distance-300"},{"applicable":true,"rank":12,"scenario_id":"distance-500"},{"applicable":true,"rank":3,"scenario_id":"rider-conditional"},{"applicable":true,"rank":5,"scenario_id":"normal-operations"},{"applicable":false,"rank":"not applicable","scenario_id":"optimistic-information"},{"applicable":true,"rank":4,"scenario_id":"saturday"}],"sourceUrl":"https://www.tpl.ca/riverdale","stability":"robust","verificationSubtype":null},"type":"Feature"},{"geometry":{"coordinates":[-79.36832,43.65012],"type":"Point"},"id":"extend-hours:library:SL","properties":{"accessCondition":"unrestricted","accessibility":"unknown","action":"extend","actionClass":"extend_hours","auditStatus":"valid","closureCategory":"none","facilityId":"library:SL","hours":"Mon 10 a.m. to 8:30 p.m.; Tue 12:30 p.m. to 8:30 p.m.; Wed 10 a.m. to 6 p.m.; Thu 12:30 p.m. to 8:30 p.m.; Fri 10 a.m. to 6 p.m.; Sat 9 a.m. to 5 p.m.; Sun 12 p.m. to 5 p.m.","id":"extend-hours:library:SL","materialGain":true,"name":"St. Lawrence library","primaryMetrics":{"combined_incremental":{"active_stops":19,"stop_time_events":136,"unique_routes":4,"unique_trips":52},"combined_total":{"active_stops":19,"stop_time_events":136,"unique_routes":4,"unique_trips":52},"positive_late_snapshots":2,"scenario_id":"primary","snapshot_gains":[{"incremental":{"active_stops":19,"stop_time_events":75,"unique_routes":4,"unique_trips":29},"snapshot_id":"2200","total_catchment":{"active_stops":19,"stop_time_events":75,"unique_routes":4,"unique_trips":29}},{"incremental":{"active_stops":19,"stop_time_events":61,"unique_routes":4,"unique_trips":23},"snapshot_id":"0030","total_catchment":{"active_stops":19,"stop_time_events":61,"unique_routes":4,"unique_trips":23}}]},"primaryRank":11,"queryCells":[{"access":"public","active":true,"activeStops":6,"events":36,"time":"1200","uniqueRoutes":3,"uniqueTrips":29,"walk":300},{"access":"public","active":true,"activeStops":6,"events":50,"time":"1200","uniqueRoutes":3,"uniqueTrips":30,"walk":400},{"access":"public","active":true,"activeStops":0,"events":0,"time":"1200","uniqueRoutes":0,"uniqueTrips":0,"walk":500},{"access":"rider_conditional","active":true,"activeStops":6,"events":36,"time":"1200","uniqueRoutes":3,"uniqueTrips":29,"walk":300},{"access":"rider_conditional","active":true,"activeStops":6,"events":50,"time":"1200","uniqueRoutes":3,"uniqueTrips":30,"walk":400},{"access":"rider_conditional","active":true,"activeStops":0,"events":0,"time":"1200","uniqueRoutes":0,"uniqueTrips":0,"walk":500},{"access":"public","active":true,"activeStops":6,"events":32,"time":"2030","uniqueRoutes":3,"uniqueTrips":28,"walk":300},{"access":"public","active":true,"activeStops":9,"events":69,"time":"2030","uniqueRoutes":4,"uniqueTrips":32,"walk":400},{"access":"public","active":true,"activeStops":5,"events":29,"time":"2030","uniqueRoutes":4,"uniqueTrips":29,"walk":500},{"access":"rider_conditional","active":true,"activeStops":6,"events":32,"time":"2030","uniqueRoutes":3,"uniqueTrips":28,"walk":300},{"access":"rider_conditional","active":true,"activeStops":9,"events":69,"time":"2030","uniqueRoutes":4,"uniqueTrips":32,"walk":400},{"access":"rider_conditional","active":true,"activeStops":5,"events":29,"time":"2030","uniqueRoutes":4,"uniqueTrips":29,"walk":500},{"access":"public","active":true,"activeStops":10,"events":35,"time":"2200","uniqueRoutes":4,"uniqueTrips":28,"walk":300},{"access":"public","active":true,"activeStops":19,"events":75,"time":"2200","uniqueRoutes":4,"uniqueTrips":29,"walk":400},{"access":"public","active":true,"activeStops":24,"events":92,"time":"2200","uniqueRoutes":5,"uniqueTrips":32,"walk":500},{"access":"rider_conditional","active":true,"activeStops":10,"events":35,"time":"2200","uniqueRoutes":4,"uniqueTrips":28,"walk":300},{"access":"rider_conditional","active":true,"activeStops":19,"events":75,"time":"2200","uniqueRoutes":4,"uniqueTrips":29,"walk":400},{"access":"rider_conditional","active":true,"activeStops":24,"events":92,"time":"2200","uniqueRoutes":5,"uniqueTrips":32,"walk":500},{"access":"public","active":true,"activeStops":10,"events":29,"time":"0030","uniqueRoutes":4,"uniqueTrips":22,"walk":300},{"access":"public","active":true,"activeStops":19,"events":61,"time":"0030","uniqueRoutes":4,"uniqueTrips":23,"walk":400},{"access":"public","active":true,"activeStops":24,"events":76,"time":"0030","uniqueRoutes":5,"uniqueTrips":25,"walk":500},{"access":"rider_conditional","active":true,"activeStops":10,"events":29,"time":"0030","uniqueRoutes":4,"uniqueTrips":22,"walk":300},{"access":"rider_conditional","active":true,"activeStops":19,"events":61,"time":"0030","uniqueRoutes":4,"uniqueTrips":23,"walk":400},{"access":"rider_conditional","active":true,"activeStops":24,"events":76,"time":"0030","uniqueRoutes":5,"uniqueTrips":25,"walk":500}],"reachAvailable":true,"schemaVersion":1,"sensitivityRanks":[{"applicable":true,"rank":7,"scenario_id":"distance-300"},{"applicable":true,"rank":19,"scenario_id":"distance-500"},{"applicable":true,"rank":9,"scenario_id":"rider-conditional"},{"applicable":true,"rank":11,"scenario_id":"normal-operations"},{"applicable":false,"rank":"not applicable","scenario_id":"optimistic-information"},{"applicable":true,"rank":17,"scenario_id":"saturday"}],"sourceUrl":"https://www.tpl.ca/stlawrence","stability":"robust","verificationSubtype":null},"type":"Feature"},{"geometry":{"coordinates":[-79.40462,43.66767],"type":"Point"},"id":"extend-hours:library:SP","properties":{"accessCondition":"unrestricted","accessibility":"unknown","action":"extend","actionClass":"extend_hours","auditStatus":"valid","closureCategory":"none","facilityId":"library:SP","hours":"Mon 10 a.m. to 8:30 p.m.; Tue 12:30 p.m. to 8:30 p.m.; Wed 10 a.m. to 6 p.m.; Thu 12:30 p.m. to 8:30 p.m.; Fri 10 a.m. to 6 p.m.; Sat 9 a.m. to 5 p.m.; Sun 12 p.m. to 5 p.m.","id":"extend-hours:library:SP","materialGain":true,"name":"Spadina Road library","primaryMetrics":{"combined_incremental":{"active_stops":10,"stop_time_events":85,"unique_routes":4,"unique_trips":75},"combined_total":{"active_stops":10,"stop_time_events":85,"unique_routes":4,"unique_trips":75},"positive_late_snapshots":2,"scenario_id":"primary","snapshot_gains":[{"incremental":{"active_stops":10,"stop_time_events":46,"unique_routes":4,"unique_trips":42},"snapshot_id":"2200","total_catchment":{"active_stops":10,"stop_time_events":46,"unique_routes":4,"unique_trips":42}},{"incremental":{"active_stops":10,"stop_time_events":39,"unique_routes":4,"unique_trips":33},"snapshot_id":"0030","total_catchment":{"active_stops":10,"stop_time_events":39,"unique_routes":4,"unique_trips":33}}]},"primaryRank":2,"queryCells":[{"access":"public","active":true,"activeStops":6,"events":35,"time":"1200","uniqueRoutes":4,"uniqueTrips":32,"walk":300},{"access":"public","active":true,"activeStops":10,"events":55,"time":"1200","uniqueRoutes":4,"uniqueTrips":49,"walk":400},{"access":"public","active":true,"activeStops":11,"events":65,"time":"1200","uniqueRoutes":4,"uniqueTrips":51,"walk":500},{"access":"rider_conditional","active":true,"activeStops":6,"events":35,"time":"1200","uniqueRoutes":4,"uniqueTrips":32,"walk":300},{"access":"rider_conditional","active":true,"activeStops":10,"events":55,"time":"1200","uniqueRoutes":4,"uniqueTrips":49,"walk":400},{"access":"rider_conditional","active":true,"activeStops":11,"events":65,"time":"1200","uniqueRoutes":4,"uniqueTrips":51,"walk":500},{"access":"public","active":true,"activeStops":6,"events":33,"time":"2030","uniqueRoutes":4,"uniqueTrips":31,"walk":300},{"access":"public","active":true,"activeStops":10,"events":53,"time":"2030","uniqueRoutes":4,"uniqueTrips":49,"walk":400},{"access":"public","active":true,"activeStops":11,"events":64,"time":"2030","uniqueRoutes":4,"uniqueTrips":51,"walk":500},{"access":"rider_conditional","active":true,"activeStops":6,"events":33,"time":"2030","uniqueRoutes":4,"uniqueTrips":31,"walk":300},{"access":"rider_conditional","active":true,"activeStops":10,"events":53,"time":"2030","uniqueRoutes":4,"uniqueTrips":49,"walk":400},{"access":"rider_conditional","active":true,"activeStops":11,"events":64,"time":"2030","uniqueRoutes":4,"uniqueTrips":51,"walk":500},{"access":"public","active":true,"activeStops":6,"events":29,"time":"2200","uniqueRoutes":4,"uniqueTrips":27,"walk":300},{"access":"public","active":true,"activeStops":10,"events":46,"time":"2200","uniqueRoutes":4,"uniqueTrips":42,"walk":400},{"access":"public","active":true,"activeStops":13,"events":59,"time":"2200","uniqueRoutes":4,"uniqueTrips":44,"walk":500},{"access":"rider_conditional","active":true,"activeStops":6,"events":29,"time":"2200","uniqueRoutes":4,"uniqueTrips":27,"walk":300},{"access":"rider_conditional","active":true,"activeStops":10,"events":46,"time":"2200","uniqueRoutes":4,"uniqueTrips":42,"walk":400},{"access":"rider_conditional","active":true,"activeStops":13,"events":59,"time":"2200","uniqueRoutes":4,"uniqueTrips":44,"walk":500},{"access":"public","active":true,"activeStops":6,"events":24,"time":"0030","uniqueRoutes":4,"uniqueTrips":21,"walk":300},{"access":"public","active":true,"activeStops":10,"events":39,"time":"0030","uniqueRoutes":4,"uniqueTrips":33,"walk":400},{"access":"public","active":true,"activeStops":13,"events":49,"time":"0030","uniqueRoutes":4,"uniqueTrips":35,"walk":500},{"access":"rider_conditional","active":true,"activeStops":6,"events":24,"time":"0030","uniqueRoutes":4,"uniqueTrips":21,"walk":300},{"access":"rider_conditional","active":true,"activeStops":10,"events":39,"time":"0030","uniqueRoutes":4,"uniqueTrips":33,"walk":400},{"access":"rider_conditional","active":true,"activeStops":13,"events":49,"time":"0030","uniqueRoutes":4,"uniqueTrips":35,"walk":500}],"reachAvailable":true,"schemaVersion":1,"sensitivityRanks":[{"applicable":true,"rank":9,"scenario_id":"distance-300"},{"applicable":true,"rank":4,"scenario_id":"distance-500"},{"applicable":true,"rank":2,"scenario_id":"rider-conditional"},{"applicable":true,"rank":2,"scenario_id":"normal-operations"},{"applicable":false,"rank":"not applicable","scenario_id":"optimistic-information"},{"applicable":true,"rank":2,"scenario_id":"saturday"}],"sourceUrl":"https://www.tpl.ca/spadina","stability":"robust","verificationSubtype":null},"type":"Feature"},{"geometry":{"coordinates":[-79.50013258,43.683527590000004],"type":"Point"},"id":"extend-hours:parks:29631","properties":{"accessCondition":"unrestricted","accessibility":"unknown","action":"extend","actionClass":"extend_hours","auditStatus":"valid","closureCategory":"none","facilityId":"parks:29631","hours":"9 a.m. to 10 p.m.","id":"extend-hours:parks:29631","materialGain":true,"name":"Scarlett Woods Golf Course Washroom","primaryMetrics":{"combined_incremental":{"active_stops":6,"stop_time_events":63,"unique_routes":5,"unique_trips":55},"combined_total":{"active_stops":6,"stop_time_events":63,"unique_routes":5,"unique_trips":55},"positive_late_snapshots":2,"scenario_id":"primary","snapshot_gains":[{"incremental":{"active_stops":6,"stop_time_events":33,"unique_routes":5,"unique_trips":29},"snapshot_id":"2200","total_catchment":{"active_stops":6,"stop_time_events":33,"unique_routes":5,"unique_trips":29}},{"incremental":{"active_stops":6,"stop_time_events":30,"unique_routes":4,"unique_trips":26},"snapshot_id":"0030","total_catchment":{"active_stops":6,"stop_time_events":30,"unique_routes":4,"unique_trips":26}}]},"primaryRank":8,"queryCells":[{"access":"public","active":false,"activeStops":0,"events":0,"time":"1200","uniqueRoutes":0,"uniqueTrips":0,"walk":300},{"access":"public","active":false,"activeStops":0,"events":0,"time":"1200","uniqueRoutes":0,"uniqueTrips":0,"walk":400},{"access":"public","active":false,"activeStops":0,"events":0,"time":"1200","uniqueRoutes":0,"uniqueTrips":0,"walk":500},{"access":"rider_conditional","active":false,"activeStops":0,"events":0,"time":"1200","uniqueRoutes":0,"uniqueTrips":0,"walk":300},{"access":"rider_conditional","active":false,"activeStops":0,"events":0,"time":"1200","uniqueRoutes":0,"uniqueTrips":0,"walk":400},{"access":"rider_conditional","active":false,"activeStops":0,"events":0,"time":"1200","uniqueRoutes":0,"uniqueTrips":0,"walk":500},{"access":"public","active":false,"activeStops":0,"events":0,"time":"2030","uniqueRoutes":0,"uniqueTrips":0,"walk":300},{"access":"public","active":false,"activeStops":0,"events":0,"time":"2030","uniqueRoutes":0,"uniqueTrips":0,"walk":400},{"access":"public","active":false,"activeStops":0,"events":0,"time":"2030","uniqueRoutes":0,"uniqueTrips":0,"walk":500},{"access":"rider_conditional","active":false,"activeStops":0,"events":0,"time":"2030","uniqueRoutes":0,"uniqueTrips":0,"walk":300},{"access":"rider_conditional","active":false,"activeStops":0,"events":0,"time":"2030","uniqueRoutes":0,"uniqueTrips":0,"walk":400},{"access":"rider_conditional","active":false,"activeStops":0,"events":0,"time":"2030","uniqueRoutes":0,"uniqueTrips":0,"walk":500},{"access":"public","active":true,"activeStops":4,"events":29,"time":"2200","uniqueRoutes":5,"uniqueTrips":29,"walk":300},{"access":"public","active":true,"activeStops":6,"events":33,"time":"2200","uniqueRoutes":5,"uniqueTrips":29,"walk":400},{"access":"public","active":true,"activeStops":7,"events":34,"time":"2200","uniqueRoutes":5,"uniqueTrips":29,"walk":500},{"access":"rider_conditional","active":true,"activeStops":4,"events":29,"time":"2200","uniqueRoutes":5,"uniqueTrips":29,"walk":300},{"access":"rider_conditional","active":true,"activeStops":6,"events":33,"time":"2200","uniqueRoutes":5,"uniqueTrips":29,"walk":400},{"access":"rider_conditional","active":true,"activeStops":7,"events":34,"time":"2200","uniqueRoutes":5,"uniqueTrips":29,"walk":500},{"access":"public","active":true,"activeStops":4,"events":26,"time":"0030","uniqueRoutes":4,"uniqueTrips":26,"walk":300},{"access":"public","active":true,"activeStops":6,"events":30,"time":"0030","uniqueRoutes":4,"uniqueTrips":26,"walk":400},{"access":"public","active":true,"activeStops":7,"events":31,"time":"0030","uniqueRoutes":4,"uniqueTrips":26,"walk":500},{"access":"rider_conditional","active":true,"activeStops":4,"events":26,"time":"0030","uniqueRoutes":4,"uniqueTrips":26,"walk":300},{"access":"rider_conditional","active":true,"activeStops":6,"events":30,"time":"0030","uniqueRoutes":4,"uniqueTrips":26,"walk":400},{"access":"rider_conditional","active":true,"activeStops":7,"events":31,"time":"0030","uniqueRoutes":4,"uniqueTrips":26,"walk":500}],"reachAvailable":true,"schemaVersion":1,"sensitivityRanks":[{"applicable":true,"rank":5,"scenario_id":"distance-300"},{"applicable":true,"rank":24,"scenario_id":"distance-500"},{"applicable":true,"rank":6,"scenario_id":"rider-conditional"},{"applicable":true,"rank":8,"scenario_id":"normal-operations"},{"applicable":false,"rank":"not applicable","scenario_id":"optimistic-information"},{"applicable":true,"rank":15,"scenario_id":"saturday"}],"sourceUrl":"https://www.toronto.ca/explore-enjoy/parks-recreation/places-spaces/parks-and-recreation-facilities/location/?id=401","stability":"robust","verificationSubtype":null},"type":"Feature"},{"geometry":{"coordinates":[-79.34925606,43.69176623],"type":"Point"},"id":"extend-hours:parks:317","properties":{"accessCondition":"unrestricted","accessibility":"unknown","action":"extend","actionClass":"extend_hours","auditStatus":"valid","closureCategory":"none","facilityId":"parks:317","hours":"Mon Closed; Tue 7 a.m. to 10 p.m.; Wed 7 a.m. to 10 p.m.; Thu 7 a.m. to 10 p.m.; Fri 7 a.m. to 10 p.m.; Sat 9 a.m. to 8 p.m.; Sun 9 a.m. to 8 p.m.","id":"extend-hours:parks:317","materialGain":true,"name":"East York Community Centre Washroom","primaryMetrics":{"combined_incremental":{"active_stops":13,"stop_time_events":97,"unique_routes":5,"unique_trips":56},"combined_total":{"active_stops":13,"stop_time_events":97,"unique_routes":5,"unique_trips":56},"positive_late_snapshots":2,"scenario_id":"primary","snapshot_gains":[{"incremental":{"active_stops":13,"stop_time_events":51,"unique_routes":5,"unique_trips":29},"snapshot_id":"2200","total_catchment":{"active_stops":13,"stop_time_events":51,"unique_routes":5,"unique_trips":29}},{"incremental":{"active_stops":13,"stop_time_events":46,"unique_routes":5,"unique_trips":27},"snapshot_id":"0030","total_catchment":{"active_stops":13,"stop_time_events":46,"unique_routes":5,"unique_trips":27}}]},"primaryRank":6,"queryCells":[{"access":"public","active":false,"activeStops":0,"events":0,"time":"1200","uniqueRoutes":0,"uniqueTrips":0,"walk":300},{"access":"public","active":false,"activeStops":0,"events":0,"time":"1200","uniqueRoutes":0,"uniqueTrips":0,"walk":400},{"access":"public","active":false,"activeStops":0,"events":0,"time":"1200","uniqueRoutes":0,"uniqueTrips":0,"walk":500},{"access":"rider_conditional","active":false,"activeStops":0,"events":0,"time":"1200","uniqueRoutes":0,"uniqueTrips":0,"walk":300},{"access":"rider_conditional","active":false,"activeStops":0,"events":0,"time":"1200","uniqueRoutes":0,"uniqueTrips":0,"walk":400},{"access":"rider_conditional","active":false,"activeStops":0,"events":0,"time":"1200","uniqueRoutes":0,"uniqueTrips":0,"walk":500},{"access":"public","active":false,"activeStops":0,"events":0,"time":"2030","uniqueRoutes":0,"uniqueTrips":0,"walk":300},{"access":"public","active":false,"activeStops":0,"events":0,"time":"2030","uniqueRoutes":0,"uniqueTrips":0,"walk":400},{"access":"public","active":false,"activeStops":0,"events":0,"time":"2030","uniqueRoutes":0,"uniqueTrips":0,"walk":500},{"access":"rider_conditional","active":false,"activeStops":0,"events":0,"time":"2030","uniqueRoutes":0,"uniqueTrips":0,"walk":300},{"access":"rider_conditional","active":false,"activeStops":0,"events":0,"time":"2030","uniqueRoutes":0,"uniqueTrips":0,"walk":400},{"access":"rider_conditional","active":false,"activeStops":0,"events":0,"time":"2030","uniqueRoutes":0,"uniqueTrips":0,"walk":500},{"access":"public","active":true,"activeStops":9,"events":34,"time":"2200","uniqueRoutes":5,"uniqueTrips":25,"walk":300},{"access":"public","active":true,"activeStops":13,"events":51,"time":"2200","uniqueRoutes":5,"uniqueTrips":29,"walk":400},{"access":"public","active":true,"activeStops":17,"events":67,"time":"2200","uniqueRoutes":5,"uniqueTrips":30,"walk":500},{"access":"rider_conditional","active":true,"activeStops":9,"events":34,"time":"2200","uniqueRoutes":5,"uniqueTrips":25,"walk":300},{"access":"rider_conditional","active":true,"activeStops":13,"events":51,"time":"2200","uniqueRoutes":5,"uniqueTrips":29,"walk":400},{"access":"rider_conditional","active":true,"activeStops":17,"events":67,"time":"2200","uniqueRoutes":5,"uniqueTrips":30,"walk":500},{"access":"public","active":true,"activeStops":9,"events":32,"time":"0030","uniqueRoutes":5,"uniqueTrips":24,"walk":300},{"access":"public","active":true,"activeStops":13,"events":46,"time":"0030","uniqueRoutes":5,"uniqueTrips":27,"walk":400},{"access":"public","active":true,"activeStops":17,"events":61,"time":"0030","uniqueRoutes":5,"uniqueTrips":29,"walk":500},{"access":"rider_conditional","active":true,"activeStops":9,"events":32,"time":"0030","uniqueRoutes":5,"uniqueTrips":24,"walk":300},{"access":"rider_conditional","active":true,"activeStops":13,"events":46,"time":"0030","uniqueRoutes":5,"uniqueTrips":27,"walk":400},{"access":"rider_conditional","active":true,"activeStops":17,"events":61,"time":"0030","uniqueRoutes":5,"uniqueTrips":29,"walk":500}],"reachAvailable":true,"schemaVersion":1,"sensitivityRanks":[{"applicable":true,"rank":8,"scenario_id":"distance-300"},{"applicable":true,"rank":16,"scenario_id":"distance-500"},{"applicable":true,"rank":4,"scenario_id":"rider-conditional"},{"applicable":true,"rank":6,"scenario_id":"normal-operations"},{"applicable":false,"rank":"not applicable","scenario_id":"optimistic-information"},{"applicable":true,"rank":8,"scenario_id":"saturday"}],"sourceUrl":"https://www.toronto.ca/explore-enjoy/parks-recreation/places-spaces/parks-and-recreation-facilities/location/?id=329","stability":"robust","verificationSubtype":null},"type":"Feature"},{"geometry":{"coordinates":[-79.48203456,43.68787291],"type":"Point"},"id":"extend-hours:parks:45062","properties":{"accessCondition":"unrestricted","accessibility":"unknown","action":"extend","actionClass":"extend_hours","auditStatus":"valid","closureCategory":"none","facilityId":"parks:45062","hours":"Mon Closed; Tue 7 a.m. to 10 p.m.; Wed 7 a.m. to 10 p.m.; Thu 7 a.m. to 10 p.m.; Fri 7 a.m. to 10 p.m.; Sat 7 a.m. to 8 p.m.; Sun 7 a.m. to 8 p.m.","id":"extend-hours:parks:45062","materialGain":true,"name":"York Recreation Centre Washroom","primaryMetrics":{"combined_incremental":{"active_stops":7,"stop_time_events":91,"unique_routes":9,"unique_trips":64},"combined_total":{"active_stops":7,"stop_time_events":91,"unique_routes":9,"unique_trips":64},"positive_late_snapshots":2,"scenario_id":"primary","snapshot_gains":[{"incremental":{"active_stops":7,"stop_time_events":48,"unique_routes":9,"unique_trips":34},"snapshot_id":"2200","total_catchment":{"active_stops":7,"stop_time_events":48,"unique_routes":9,"unique_trips":34}},{"incremental":{"active_stops":7,"stop_time_events":43,"unique_routes":9,"unique_trips":30},"snapshot_id":"0030","total_catchment":{"active_stops":7,"stop_time_events":43,"unique_routes":9,"unique_trips":30}}]},"primaryRank":3,"queryCells":[{"access":"public","active":false,"activeStops":0,"events":0,"time":"1200","uniqueRoutes":0,"uniqueTrips":0,"walk":300},{"access":"public","active":false,"activeStops":0,"events":0,"time":"1200","uniqueRoutes":0,"uniqueTrips":0,"walk":400},{"access":"public","active":false,"activeStops":0,"events":0,"time":"1200","uniqueRoutes":0,"uniqueTrips":0,"walk":500},{"access":"rider_conditional","active":false,"activeStops":0,"events":0,"time":"1200","uniqueRoutes":0,"uniqueTrips":0,"walk":300},{"access":"rider_conditional","active":false,"activeStops":0,"events":0,"time":"1200","uniqueRoutes":0,"uniqueTrips":0,"walk":400},{"access":"rider_conditional","active":false,"activeStops":0,"events":0,"time":"1200","uniqueRoutes":0,"uniqueTrips":0,"walk":500},{"access":"public","active":false,"activeStops":0,"events":0,"time":"2030","uniqueRoutes":0,"uniqueTrips":0,"walk":300},{"access":"public","active":false,"activeStops":0,"events":0,"time":"2030","uniqueRoutes":0,"uniqueTrips":0,"walk":400},{"access":"public","active":false,"activeStops":0,"events":0,"time":"2030","uniqueRoutes":0,"uniqueTrips":0,"walk":500},{"access":"rider_conditional","active":false,"activeStops":0,"events":0,"time":"2030","uniqueRoutes":0,"uniqueTrips":0,"walk":300},{"access":"rider_conditional","active":false,"activeStops":0,"events":0,"time":"2030","uniqueRoutes":0,"uniqueTrips":0,"walk":400},{"access":"rider_conditional","active":false,"activeStops":0,"events":0,"time":"2030","uniqueRoutes":0,"uniqueTrips":0,"walk":500},{"access":"public","active":true,"activeStops":6,"events":46,"time":"2200","uniqueRoutes":9,"uniqueTrips":34,"walk":300},{"access":"public","active":true,"activeStops":7,"events":48,"time":"2200","uniqueRoutes":9,"uniqueTrips":34,"walk":400},{"access":"public","active":true,"activeStops":9,"events":82,"time":"2200","uniqueRoutes":10,"uniqueTrips":57,"walk":500},{"access":"rider_conditional","active":true,"activeStops":6,"events":46,"time":"2200","uniqueRoutes":9,"uniqueTrips":34,"walk":300},{"access":"rider_conditional","active":true,"activeStops":5,"events":13,"time":"2200","uniqueRoutes":4,"uniqueTrips":10,"walk":400},{"access":"rider_conditional","active":true,"activeStops":2,"events":3,"time":"2200","uniqueRoutes":1,"uniqueTrips":3,"walk":500},{"access":"public","active":true,"activeStops":6,"events":42,"time":"0030","uniqueRoutes":9,"uniqueTrips":30,"walk":300},{"access":"public","active":true,"activeStops":7,"events":43,"time":"0030","uniqueRoutes":9,"uniqueTrips":30,"walk":400},{"access":"public","active":true,"activeStops":10,"events":76,"time":"0030","uniqueRoutes":10,"uniqueTrips":53,"walk":500},{"access":"rider_conditional","active":true,"activeStops":6,"events":42,"time":"0030","uniqueRoutes":9,"uniqueTrips":30,"walk":300},{"access":"rider_conditional","active":true,"activeStops":5,"events":12,"time":"0030","uniqueRoutes":4,"uniqueTrips":10,"walk":400},{"access":"rider_conditional","active":true,"activeStops":2,"events":3,"time":"0030","uniqueRoutes":1,"uniqueTrips":3,"walk":500}],"reachAvailable":true,"schemaVersion":1,"sensitivityRanks":[{"applicable":true,"rank":2,"scenario_id":"distance-300"},{"applicable":true,"rank":2,"scenario_id":"distance-500"},{"applicable":true,"rank":102,"scenario_id":"rider-conditional"},{"applicable":true,"rank":3,"scenario_id":"normal-operations"},{"applicable":false,"rank":"not applicable","scenario_id":"optimistic-information"},{"applicable":true,"rank":3,"scenario_id":"saturday"}],"sourceUrl":"https://www.toronto.ca/explore-enjoy/parks-recreation/places-spaces/parks-and-recreation-facilities/location/?id=3501","stability":"robust","verificationSubtype":null},"type":"Feature"},{"geometry":{"coordinates":[-79.50915306635554,43.776244397752606],"type":"Point"},"id":"new-facility-zone:11230","properties":{"accessCondition":"unrestricted","accessibility":"unknown","action":"new","actionClass":"new_facility_zone","auditStatus":"valid","closureCategory":"none","facilityId":null,"hours":"investigation zone","id":"new-facility-zone:11230","materialGain":true,"name":"Pioneer Village","primaryMetrics":{"combined_incremental":{"active_stops":12,"stop_time_events":101,"unique_routes":8,"unique_trips":89},"combined_total":{"active_stops":12,"stop_time_events":101,"unique_routes":8,"unique_trips":89},"positive_late_snapshots":2,"scenario_id":"primary","snapshot_gains":[{"incremental":{"active_stops":12,"stop_time_events":59,"unique_routes":8,"unique_trips":52},"snapshot_id":"2200","total_catchment":{"active_stops":12,"stop_time_events":59,"unique_routes":8,"unique_trips":52}},{"incremental":{"active_stops":10,"stop_time_events":42,"unique_routes":6,"unique_trips":37},"snapshot_id":"0030","total_catchment":{"active_stops":10,"stop_time_events":42,"unique_routes":6,"unique_trips":37}}]},"primaryRank":10,"queryCells":[{"access":"public","active":true,"activeStops":11,"events":57,"time":"1200","uniqueRoutes":8,"uniqueTrips":55,"walk":300},{"access":"public","active":true,"activeStops":12,"events":63,"time":"1200","uniqueRoutes":8,"uniqueTrips":55,"walk":400},{"access":"public","active":true,"activeStops":12,"events":63,"time":"1200","uniqueRoutes":8,"uniqueTrips":55,"walk":500},{"access":"rider_conditional","active":true,"activeStops":11,"events":57,"time":"1200","uniqueRoutes":8,"uniqueTrips":55,"walk":300},{"access":"rider_conditional","active":true,"activeStops":12,"events":63,"time":"1200","uniqueRoutes":8,"uniqueTrips":55,"walk":400},{"access":"rider_conditional","active":true,"activeStops":12,"events":63,"time":"1200","uniqueRoutes":8,"uniqueTrips":55,"walk":500},{"access":"public","active":true,"activeStops":11,"events":65,"time":"2030","uniqueRoutes":8,"uniqueTrips":63,"walk":300},{"access":"public","active":true,"activeStops":12,"events":70,"time":"2030","uniqueRoutes":8,"uniqueTrips":63,"walk":400},{"access":"public","active":true,"activeStops":12,"events":70,"time":"2030","uniqueRoutes":8,"uniqueTrips":63,"walk":500},{"access":"rider_conditional","active":true,"activeStops":11,"events":65,"time":"2030","uniqueRoutes":8,"uniqueTrips":63,"walk":300},{"access":"rider_conditional","active":true,"activeStops":12,"events":70,"time":"2030","uniqueRoutes":8,"uniqueTrips":63,"walk":400},{"access":"rider_conditional","active":true,"activeStops":12,"events":70,"time":"2030","uniqueRoutes":8,"uniqueTrips":63,"walk":500},{"access":"public","active":true,"activeStops":11,"events":54,"time":"2200","uniqueRoutes":8,"uniqueTrips":52,"walk":300},{"access":"public","active":true,"activeStops":12,"events":59,"time":"2200","uniqueRoutes":8,"uniqueTrips":52,"walk":400},{"access":"public","active":true,"activeStops":12,"events":59,"time":"2200","uniqueRoutes":8,"uniqueTrips":52,"walk":500},{"access":"rider_conditional","active":true,"activeStops":11,"events":54,"time":"2200","uniqueRoutes":8,"uniqueTrips":52,"walk":300},{"access":"rider_conditional","active":true,"activeStops":12,"events":59,"time":"2200","uniqueRoutes":8,"uniqueTrips":52,"walk":400},{"access":"rider_conditional","active":true,"activeStops":12,"events":59,"time":"2200","uniqueRoutes":8,"uniqueTrips":52,"walk":500},{"access":"public","active":true,"activeStops":9,"events":38,"time":"0030","uniqueRoutes":6,"uniqueTrips":37,"walk":300},{"access":"public","active":true,"activeStops":10,"events":42,"time":"0030","uniqueRoutes":6,"uniqueTrips":37,"walk":400},{"access":"public","active":true,"activeStops":10,"events":42,"time":"0030","uniqueRoutes":6,"uniqueTrips":37,"walk":500},{"access":"rider_conditional","active":true,"activeStops":9,"events":38,"time":"0030","uniqueRoutes":6,"uniqueTrips":37,"walk":300},{"access":"rider_conditional","active":true,"activeStops":10,"events":42,"time":"0030","uniqueRoutes":6,"uniqueTrips":37,"walk":400},{"access":"rider_conditional","active":true,"activeStops":10,"events":42,"time":"0030","uniqueRoutes":6,"uniqueTrips":37,"walk":500}],"reachAvailable":true,"schemaVersion":1,"sensitivityRanks":[{"applicable":true,"rank":6,"scenario_id":"distance-300"},{"applicable":true,"rank":12,"scenario_id":"distance-500"},{"applicable":true,"rank":7,"scenario_id":"rider-conditional"},{"applicable":true,"rank":10,"scenario_id":"normal-operations"},{"applicable":true,"rank":10,"scenario_id":"optimistic-information"},{"applicable":true,"rank":13,"scenario_id":"saturday"}],"sourceUrl":"https://www.ttc.ca/transparency-and-accountability/open-data","stability":"robust","verificationSubtype":null},"type":"Feature"},{"geometry":{"coordinates":[-79.3777006823494,43.64844620348097],"type":"Point"},"id":"new-facility-zone:13814","properties":{"accessCondition":"unrestricted","accessibility":"unknown","action":"new","actionClass":"new_facility_zone","auditStatus":"valid","closureCategory":"none","facilityId":null,"hours":"investigation zone","id":"new-facility-zone:13814","materialGain":true,"name":"King","primaryMetrics":{"combined_incremental":{"active_stops":17,"stop_time_events":157,"unique_routes":7,"unique_trips":94},"combined_total":{"active_stops":23,"stop_time_events":197,"unique_routes":9,"unique_trips":108},"positive_late_snapshots":2,"scenario_id":"primary","snapshot_gains":[{"incremental":{"active_stops":17,"stop_time_events":85,"unique_routes":7,"unique_trips":50},"snapshot_id":"2200","total_catchment":{"active_stops":23,"stop_time_events":108,"unique_routes":9,"unique_trips":59}},{"incremental":{"active_stops":17,"stop_time_events":72,"unique_routes":7,"unique_trips":44},"snapshot_id":"0030","total_catchment":{"active_stops":23,"stop_time_events":89,"unique_routes":8,"unique_trips":49}}]},"primaryRank":7,"queryCells":[{"access":"public","active":true,"activeStops":13,"events":62,"time":"1200","uniqueRoutes":7,"uniqueTrips":46,"walk":300},{"access":"public","active":true,"activeStops":16,"events":76,"time":"1200","uniqueRoutes":7,"uniqueTrips":50,"walk":400},{"access":"public","active":true,"activeStops":17,"events":73,"time":"1200","uniqueRoutes":6,"uniqueTrips":49,"walk":500},{"access":"rider_conditional","active":true,"activeStops":13,"events":62,"time":"1200","uniqueRoutes":7,"uniqueTrips":46,"walk":300},{"access":"rider_conditional","active":true,"activeStops":16,"events":76,"time":"1200","uniqueRoutes":7,"uniqueTrips":50,"walk":400},{"access":"rider_conditional","active":true,"activeStops":17,"events":73,"time":"1200","uniqueRoutes":6,"uniqueTrips":49,"walk":500},{"access":"public","active":true,"activeStops":13,"events":69,"time":"2030","uniqueRoutes":7,"uniqueTrips":51,"walk":300},{"access":"public","active":true,"activeStops":17,"events":93,"time":"2030","uniqueRoutes":7,"uniqueTrips":54,"walk":400},{"access":"public","active":true,"activeStops":20,"events":103,"time":"2030","uniqueRoutes":7,"uniqueTrips":56,"walk":500},{"access":"rider_conditional","active":true,"activeStops":13,"events":69,"time":"2030","uniqueRoutes":7,"uniqueTrips":51,"walk":300},{"access":"rider_conditional","active":true,"activeStops":17,"events":93,"time":"2030","uniqueRoutes":7,"uniqueTrips":54,"walk":400},{"access":"rider_conditional","active":true,"activeStops":20,"events":103,"time":"2030","uniqueRoutes":7,"uniqueTrips":56,"walk":500},{"access":"public","active":true,"activeStops":13,"events":61,"time":"2200","uniqueRoutes":7,"uniqueTrips":45,"walk":300},{"access":"public","active":true,"activeStops":17,"events":85,"time":"2200","uniqueRoutes":7,"uniqueTrips":50,"walk":400},{"access":"public","active":true,"activeStops":20,"events":94,"time":"2200","uniqueRoutes":7,"uniqueTrips":50,"walk":500},{"access":"rider_conditional","active":true,"activeStops":13,"events":61,"time":"2200","uniqueRoutes":7,"uniqueTrips":45,"walk":300},{"access":"rider_conditional","active":true,"activeStops":17,"events":85,"time":"2200","uniqueRoutes":7,"uniqueTrips":50,"walk":400},{"access":"rider_conditional","active":true,"activeStops":20,"events":94,"time":"2200","uniqueRoutes":7,"uniqueTrips":50,"walk":500},{"access":"public","active":true,"activeStops":13,"events":51,"time":"0030","uniqueRoutes":7,"uniqueTrips":38,"walk":300},{"access":"public","active":true,"activeStops":17,"events":72,"time":"0030","uniqueRoutes":7,"uniqueTrips":44,"walk":400},{"access":"public","active":true,"activeStops":20,"events":78,"time":"0030","uniqueRoutes":7,"uniqueTrips":43,"walk":500},{"access":"rider_conditional","active":true,"activeStops":13,"events":51,"time":"0030","uniqueRoutes":7,"uniqueTrips":38,"walk":300},{"access":"rider_conditional","active":true,"activeStops":17,"events":72,"time":"0030","uniqueRoutes":7,"uniqueTrips":44,"walk":400},{"access":"rider_conditional","active":true,"activeStops":20,"events":78,"time":"0030","uniqueRoutes":7,"uniqueTrips":43,"walk":500}],"reachAvailable":true,"schemaVersion":1,"sensitivityRanks":[{"applicable":true,"rank":10,"scenario_id":"distance-300"},{"applicable":true,"rank":9,"scenario_id":"distance-500"},{"applicable":true,"rank":4,"scenario_id":"rider-conditional"},{"applicable":true,"rank":7,"scenario_id":"normal-operations"},{"applicable":true,"rank":7,"scenario_id":"optimistic-information"},{"applicable":true,"rank":7,"scenario_id":"saturday"}],"sourceUrl":"https://www.ttc.ca/transparency-and-accountability/open-data","stability":"robust","verificationSubtype":null},"type":"Feature"},{"geometry":{"coordinates":[-79.53620515674716,43.637603423149656],"type":"Point"},"id":"new-facility-zone:14948","properties":{"accessCondition":"unrestricted","accessibility":"unknown","action":"new","actionClass":"new_facility_zone","auditStatus":"valid","closureCategory":"none","facilityId":null,"hours":"investigation zone","id":"new-facility-zone:14948","materialGain":true,"name":"Kipling","primaryMetrics":{"combined_incremental":{"active_stops":19,"stop_time_events":178,"unique_routes":12,"unique_trips":121},"combined_total":{"active_stops":19,"stop_time_events":178,"unique_routes":12,"unique_trips":121},"positive_late_snapshots":2,"scenario_id":"primary","snapshot_gains":[{"incremental":{"active_stops":19,"stop_time_events":93,"unique_routes":12,"unique_trips":63},"snapshot_id":"2200","total_catchment":{"active_stops":19,"stop_time_events":93,"unique_routes":12,"unique_trips":63}},{"incremental":{"active_stops":19,"stop_time_events":85,"unique_routes":12,"unique_trips":58},"snapshot_id":"0030","total_catchment":{"active_stops":19,"stop_time_events":85,"unique_routes":12,"unique_trips":58}}]},"primaryRank":3,"queryCells":[{"access":"public","active":true,"activeStops":16,"events":96,"time":"1200","uniqueRoutes":12,"uniqueTrips":74,"walk":300},{"access":"public","active":true,"activeStops":19,"events":109,"time":"1200","uniqueRoutes":12,"uniqueTrips":74,"walk":400},{"access":"public","active":true,"activeStops":19,"events":109,"time":"1200","uniqueRoutes":12,"uniqueTrips":74,"walk":500},{"access":"rider_conditional","active":true,"activeStops":2,"events":11,"time":"1200","uniqueRoutes":5,"uniqueTrips":11,"walk":300},{"access":"rider_conditional","active":true,"activeStops":1,"events":7,"time":"1200","uniqueRoutes":3,"uniqueTrips":7,"walk":400},{"access":"rider_conditional","active":true,"activeStops":0,"events":0,"time":"1200","uniqueRoutes":0,"uniqueTrips":0,"walk":500},{"access":"public","active":true,"activeStops":16,"events":85,"time":"2030","uniqueRoutes":12,"uniqueTrips":66,"walk":300},{"access":"public","active":true,"activeStops":19,"events":95,"time":"2030","uniqueRoutes":12,"uniqueTrips":66,"walk":400},{"access":"public","active":true,"activeStops":19,"events":95,"time":"2030","uniqueRoutes":12,"uniqueTrips":66,"walk":500},{"access":"rider_conditional","active":true,"activeStops":2,"events":11,"time":"2030","uniqueRoutes":5,"uniqueTrips":11,"walk":300},{"access":"rider_conditional","active":true,"activeStops":1,"events":5,"time":"2030","uniqueRoutes":3,"uniqueTrips":5,"walk":400},{"access":"rider_conditional","active":true,"activeStops":0,"events":0,"time":"2030","uniqueRoutes":0,"uniqueTrips":0,"walk":500},{"access":"public","active":true,"activeStops":16,"events":81,"time":"2200","uniqueRoutes":12,"uniqueTrips":62,"walk":300},{"access":"public","active":true,"activeStops":19,"events":93,"time":"2200","uniqueRoutes":12,"uniqueTrips":63,"walk":400},{"access":"public","active":true,"activeStops":19,"events":93,"time":"2200","uniqueRoutes":12,"uniqueTrips":63,"walk":500},{"access":"rider_conditional","active":true,"activeStops":2,"events":10,"time":"2200","uniqueRoutes":5,"uniqueTrips":10,"walk":300},{"access":"rider_conditional","active":true,"activeStops":1,"events":6,"time":"2200","uniqueRoutes":3,"uniqueTrips":6,"walk":400},{"access":"rider_conditional","active":true,"activeStops":0,"events":0,"time":"2200","uniqueRoutes":0,"uniqueTrips":0,"walk":500},{"access":"public","active":true,"activeStops":16,"events":75,"time":"0030","uniqueRoutes":12,"uniqueTrips":58,"walk":300},{"access":"public","active":true,"activeStops":19,"events":85,"time":"0030","uniqueRoutes":12,"uniqueTrips":58,"walk":400},{"access":"public","active":true,"activeStops":19,"events":85,"time":"0030","uniqueRoutes":12,"uniqueTrips":58,"walk":500},{"access":"rider_conditional","active":true,"activeStops":2,"events":9,"time":"0030","uniqueRoutes":5,"uniqueTrips":9,"walk":300},{"access":"rider_conditional","active":true,"activeStops":1,"events":5,"time":"0030","uniqueRoutes":3,"uniqueTrips":5,"walk":400},{"access":"rider_conditional","active":true,"activeStops":0,"events":0,"time":"0030","uniqueRoutes":0,"uniqueTrips":0,"walk":500}],"reachAvailable":true,"schemaVersion":1,"sensitivityRanks":[{"applicable":true,"rank":3,"scenario_id":"distance-300"},{"applicable":true,"rank":4,"scenario_id":"distance-500"},{"applicable":true,"rank":377,"scenario_id":"rider-conditional"},{"applicable":true,"rank":3,"scenario_id":"normal-operations"},{"applicable":true,"rank":3,"scenario_id":"optimistic-information"},{"applicable":true,"rank":3,"scenario_id":"saturday"}],"sourceUrl":"https://www.ttc.ca/transparency-and-accountability/open-data","stability":"robust","verificationSubtype":null},"type":"Feature"},{"geometry":{"coordinates":[-79.28130445205205,43.7118485426979],"type":"Point"},"id":"new-facility-zone:18724","properties":{"accessCondition":"unrestricted","accessibility":"unknown","action":"new","actionClass":"new_facility_zone","auditStatus":"valid","closureCategory":"none","facilityId":null,"hours":"investigation zone","id":"new-facility-zone:18724","materialGain":true,"name":"St Clair Ave East at Warden Ave","primaryMetrics":{"combined_incremental":{"active_stops":15,"stop_time_events":133,"unique_routes":10,"unique_trips":93},"combined_total":{"active_stops":15,"stop_time_events":133,"unique_routes":10,"unique_trips":93},"positive_late_snapshots":2,"scenario_id":"primary","snapshot_gains":[{"incremental":{"active_stops":15,"stop_time_events":68,"unique_routes":10,"unique_trips":48},"snapshot_id":"2200","total_catchment":{"active_stops":15,"stop_time_events":68,"unique_routes":10,"unique_trips":48}},{"incremental":{"active_stops":15,"stop_time_events":65,"unique_routes":10,"unique_trips":45},"snapshot_id":"0030","total_catchment":{"active_stops":15,"stop_time_events":65,"unique_routes":10,"unique_trips":45}}]},"primaryRank":8,"queryCells":[{"access":"public","active":true,"activeStops":9,"events":52,"time":"1200","uniqueRoutes":10,"uniqueTrips":52,"walk":300},{"access":"public","active":true,"activeStops":14,"events":75,"time":"1200","uniqueRoutes":11,"uniqueTrips":56,"walk":400},{"access":"public","active":true,"activeStops":13,"events":82,"time":"1200","uniqueRoutes":11,"uniqueTrips":57,"walk":500},{"access":"rider_conditional","active":true,"activeStops":9,"events":52,"time":"1200","uniqueRoutes":10,"uniqueTrips":52,"walk":300},{"access":"rider_conditional","active":true,"activeStops":14,"events":75,"time":"1200","uniqueRoutes":11,"uniqueTrips":56,"walk":400},{"access":"rider_conditional","active":true,"activeStops":13,"events":82,"time":"1200","uniqueRoutes":11,"uniqueTrips":57,"walk":500},{"access":"public","active":true,"activeStops":9,"events":52,"time":"2030","uniqueRoutes":9,"uniqueTrips":52,"walk":300},{"access":"public","active":true,"activeStops":14,"events":76,"time":"2030","uniqueRoutes":10,"uniqueTrips":56,"walk":400},{"access":"public","active":true,"activeStops":13,"events":87,"time":"2030","uniqueRoutes":10,"uniqueTrips":57,"walk":500},{"access":"rider_conditional","active":true,"activeStops":9,"events":52,"time":"2030","uniqueRoutes":9,"uniqueTrips":52,"walk":300},{"access":"rider_conditional","active":true,"activeStops":14,"events":76,"time":"2030","uniqueRoutes":10,"uniqueTrips":56,"walk":400},{"access":"rider_conditional","active":true,"activeStops":13,"events":87,"time":"2030","uniqueRoutes":10,"uniqueTrips":57,"walk":500},{"access":"public","active":true,"activeStops":10,"events":46,"time":"2200","uniqueRoutes":9,"uniqueTrips":45,"walk":300},{"access":"public","active":true,"activeStops":15,"events":68,"time":"2200","uniqueRoutes":10,"uniqueTrips":48,"walk":400},{"access":"public","active":true,"activeStops":16,"events":79,"time":"2200","uniqueRoutes":10,"uniqueTrips":48,"walk":500},{"access":"rider_conditional","active":true,"activeStops":10,"events":46,"time":"2200","uniqueRoutes":9,"uniqueTrips":45,"walk":300},{"access":"rider_conditional","active":true,"activeStops":15,"events":68,"time":"2200","uniqueRoutes":10,"uniqueTrips":48,"walk":400},{"access":"rider_conditional","active":true,"activeStops":16,"events":79,"time":"2200","uniqueRoutes":10,"uniqueTrips":48,"walk":500},{"access":"public","active":true,"activeStops":10,"events":43,"time":"0030","uniqueRoutes":9,"uniqueTrips":41,"walk":300},{"access":"public","active":true,"activeStops":15,"events":65,"time":"0030","uniqueRoutes":10,"uniqueTrips":45,"walk":400},{"access":"public","active":true,"activeStops":16,"events":75,"time":"0030","uniqueRoutes":10,"uniqueTrips":45,"walk":500},{"access":"rider_conditional","active":true,"activeStops":10,"events":43,"time":"0030","uniqueRoutes":9,"uniqueTrips":41,"walk":300},{"access":"rider_conditional","active":true,"activeStops":15,"events":65,"time":"0030","uniqueRoutes":10,"uniqueTrips":45,"walk":400},{"access":"rider_conditional","active":true,"activeStops":16,"events":75,"time":"0030","uniqueRoutes":10,"uniqueTrips":45,"walk":500}],"reachAvailable":true,"schemaVersion":1,"sensitivityRanks":[{"applicable":true,"rank":9,"scenario_id":"distance-300"},{"applicable":true,"rank":8,"scenario_id":"distance-500"},{"applicable":true,"rank":5,"scenario_id":"rider-conditional"},{"applicable":true,"rank":8,"scenario_id":"normal-operations"},{"applicable":true,"rank":8,"scenario_id":"optimistic-information"},{"applicable":true,"rank":11,"scenario_id":"saturday"}],"sourceUrl":"https://www.ttc.ca/transparency-and-accountability/open-data","stability":"robust","verificationSubtype":null},"type":"Feature"},{"geometry":{"coordinates":[-79.35873185567276,43.676809619131404],"type":"Point"},"id":"new-facility-zone:3734","properties":{"accessCondition":"unrestricted","accessibility":"unknown","action":"new","actionClass":"new_facility_zone","auditStatus":"valid","closureCategory":"none","facilityId":null,"hours":"investigation zone","id":"new-facility-zone:3734","materialGain":true,"name":"Broadview","primaryMetrics":{"combined_incremental":{"active_stops":16,"stop_time_events":214,"unique_routes":9,"unique_trips":108},"combined_total":{"active_stops":16,"stop_time_events":214,"unique_routes":9,"unique_trips":108},"positive_late_snapshots":2,"scenario_id":"primary","snapshot_gains":[{"incremental":{"active_stops":16,"stop_time_events":112,"unique_routes":9,"unique_trips":58},"snapshot_id":"2200","total_catchment":{"active_stops":16,"stop_time_events":112,"unique_routes":9,"unique_trips":58}},{"incremental":{"active_stops":15,"stop_time_events":102,"unique_routes":8,"unique_trips":50},"snapshot_id":"0030","total_catchment":{"active_stops":15,"stop_time_events":102,"unique_routes":8,"unique_trips":50}}]},"primaryRank":5,"queryCells":[{"access":"public","active":true,"activeStops":9,"events":65,"time":"1200","uniqueRoutes":7,"uniqueTrips":43,"walk":300},{"access":"public","active":true,"activeStops":16,"events":130,"time":"1200","uniqueRoutes":9,"uniqueTrips":67,"walk":400},{"access":"public","active":true,"activeStops":17,"events":143,"time":"1200","uniqueRoutes":9,"uniqueTrips":67,"walk":500},{"access":"rider_conditional","active":true,"activeStops":9,"events":65,"time":"1200","uniqueRoutes":7,"uniqueTrips":43,"walk":300},{"access":"rider_conditional","active":true,"activeStops":16,"events":130,"time":"1200","uniqueRoutes":9,"uniqueTrips":67,"walk":400},{"access":"rider_conditional","active":true,"activeStops":17,"events":143,"time":"1200","uniqueRoutes":9,"uniqueTrips":67,"walk":500},{"access":"public","active":true,"activeStops":9,"events":60,"time":"2030","uniqueRoutes":7,"uniqueTrips":39,"walk":300},{"access":"public","active":true,"activeStops":16,"events":122,"time":"2030","uniqueRoutes":9,"uniqueTrips":64,"walk":400},{"access":"public","active":true,"activeStops":17,"events":134,"time":"2030","uniqueRoutes":9,"uniqueTrips":64,"walk":500},{"access":"rider_conditional","active":true,"activeStops":9,"events":60,"time":"2030","uniqueRoutes":7,"uniqueTrips":39,"walk":300},{"access":"rider_conditional","active":true,"activeStops":16,"events":122,"time":"2030","uniqueRoutes":9,"uniqueTrips":64,"walk":400},{"access":"rider_conditional","active":true,"activeStops":17,"events":134,"time":"2030","uniqueRoutes":9,"uniqueTrips":64,"walk":500},{"access":"public","active":true,"activeStops":9,"events":61,"time":"2200","uniqueRoutes":7,"uniqueTrips":40,"walk":300},{"access":"public","active":true,"activeStops":16,"events":112,"time":"2200","uniqueRoutes":9,"uniqueTrips":58,"walk":400},{"access":"public","active":true,"activeStops":17,"events":126,"time":"2200","uniqueRoutes":9,"uniqueTrips":58,"walk":500},{"access":"rider_conditional","active":true,"activeStops":9,"events":61,"time":"2200","uniqueRoutes":7,"uniqueTrips":40,"walk":300},{"access":"rider_conditional","active":true,"activeStops":16,"events":112,"time":"2200","uniqueRoutes":9,"uniqueTrips":58,"walk":400},{"access":"rider_conditional","active":true,"activeStops":17,"events":126,"time":"2200","uniqueRoutes":9,"uniqueTrips":58,"walk":500},{"access":"public","active":true,"activeStops":9,"events":54,"time":"0030","uniqueRoutes":7,"uniqueTrips":35,"walk":300},{"access":"public","active":true,"activeStops":15,"events":102,"time":"0030","uniqueRoutes":8,"uniqueTrips":50,"walk":400},{"access":"public","active":true,"activeStops":16,"events":113,"time":"0030","uniqueRoutes":8,"uniqueTrips":50,"walk":500},{"access":"rider_conditional","active":true,"activeStops":9,"events":54,"time":"0030","uniqueRoutes":7,"uniqueTrips":35,"walk":300},{"access":"rider_conditional","active":true,"activeStops":15,"events":102,"time":"0030","uniqueRoutes":8,"uniqueTrips":50,"walk":400},{"access":"rider_conditional","active":true,"activeStops":16,"events":113,"time":"0030","uniqueRoutes":8,"uniqueTrips":50,"walk":500}],"reachAvailable":true,"schemaVersion":1,"sensitivityRanks":[{"applicable":true,"rank":16,"scenario_id":"distance-300"},{"applicable":true,"rank":5,"scenario_id":"distance-500"},{"applicable":true,"rank":2,"scenario_id":"rider-conditional"},{"applicable":true,"rank":5,"scenario_id":"normal-operations"},{"applicable":true,"rank":5,"scenario_id":"optimistic-information"},{"applicable":true,"rank":6,"scenario_id":"saturday"}],"sourceUrl":"https://www.ttc.ca/transparency-and-accountability/open-data","stability":"robust","verificationSubtype":null},"type":"Feature"},{"geometry":{"coordinates":[-79.41252308853232,43.78033437946697],"type":"Point"},"id":"new-facility-zone:8878","properties":{"accessCondition":"unrestricted","accessibility":"unknown","action":"new","actionClass":"new_facility_zone","auditStatus":"valid","closureCategory":"none","facilityId":null,"hours":"investigation zone","id":"new-facility-zone:8878","materialGain":true,"name":"Finch Ave East at Kenneth Ave","primaryMetrics":{"combined_incremental":{"active_stops":18,"stop_time_events":165,"unique_routes":10,"unique_trips":114},"combined_total":{"active_stops":18,"stop_time_events":165,"unique_routes":10,"unique_trips":114},"positive_late_snapshots":2,"scenario_id":"primary","snapshot_gains":[{"incremental":{"active_stops":18,"stop_time_events":93,"unique_routes":10,"unique_trips":67},"snapshot_id":"2200","total_catchment":{"active_stops":18,"stop_time_events":93,"unique_routes":10,"unique_trips":67}},{"incremental":{"active_stops":17,"stop_time_events":72,"unique_routes":8,"unique_trips":47},"snapshot_id":"0030","total_catchment":{"active_stops":17,"stop_time_events":72,"unique_routes":8,"unique_trips":47}}]},"primaryRank":4,"queryCells":[{"access":"public","active":true,"activeStops":9,"events":37,"time":"1200","uniqueRoutes":5,"uniqueTrips":26,"walk":300},{"access":"public","active":true,"activeStops":18,"events":98,"time":"1200","uniqueRoutes":10,"uniqueTrips":68,"walk":400},{"access":"public","active":true,"activeStops":23,"events":117,"time":"1200","uniqueRoutes":11,"uniqueTrips":74,"walk":500},{"access":"rider_conditional","active":true,"activeStops":4,"events":14,"time":"1200","uniqueRoutes":1,"uniqueTrips":7,"walk":300},{"access":"rider_conditional","active":true,"activeStops":6,"events":41,"time":"1200","uniqueRoutes":6,"uniqueTrips":34,"walk":400},{"access":"rider_conditional","active":true,"activeStops":10,"events":56,"time":"1200","uniqueRoutes":8,"uniqueTrips":42,"walk":500},{"access":"public","active":true,"activeStops":9,"events":33,"time":"2030","uniqueRoutes":5,"uniqueTrips":24,"walk":300},{"access":"public","active":true,"activeStops":18,"events":96,"time":"2030","uniqueRoutes":10,"uniqueTrips":70,"walk":400},{"access":"public","active":true,"activeStops":23,"events":116,"time":"2030","uniqueRoutes":11,"uniqueTrips":77,"walk":500},{"access":"rider_conditional","active":true,"activeStops":4,"events":13,"time":"2030","uniqueRoutes":1,"uniqueTrips":7,"walk":300},{"access":"rider_conditional","active":true,"activeStops":6,"events":41,"time":"2030","uniqueRoutes":6,"uniqueTrips":35,"walk":400},{"access":"rider_conditional","active":true,"activeStops":10,"events":56,"time":"2030","uniqueRoutes":8,"uniqueTrips":43,"walk":500},{"access":"public","active":true,"activeStops":9,"events":33,"time":"2200","uniqueRoutes":5,"uniqueTrips":24,"walk":300},{"access":"public","active":true,"activeStops":18,"events":93,"time":"2200","uniqueRoutes":10,"uniqueTrips":67,"walk":400},{"access":"public","active":true,"activeStops":23,"events":115,"time":"2200","uniqueRoutes":11,"uniqueTrips":76,"walk":500},{"access":"rider_conditional","active":true,"activeStops":4,"events":13,"time":"2200","uniqueRoutes":1,"uniqueTrips":7,"walk":300},{"access":"rider_conditional","active":true,"activeStops":6,"events":41,"time":"2200","uniqueRoutes":6,"uniqueTrips":35,"walk":400},{"access":"rider_conditional","active":true,"activeStops":10,"events":57,"time":"2200","uniqueRoutes":8,"uniqueTrips":44,"walk":500},{"access":"public","active":true,"activeStops":8,"events":29,"time":"0030","uniqueRoutes":4,"uniqueTrips":20,"walk":300},{"access":"public","active":true,"activeStops":17,"events":72,"time":"0030","uniqueRoutes":8,"uniqueTrips":47,"walk":400},{"access":"public","active":true,"activeStops":22,"events":90,"time":"0030","uniqueRoutes":10,"uniqueTrips":54,"walk":500},{"access":"rider_conditional","active":true,"activeStops":4,"events":13,"time":"0030","uniqueRoutes":1,"uniqueTrips":7,"walk":300},{"access":"rider_conditional","active":true,"activeStops":6,"events":28,"time":"0030","uniqueRoutes":5,"uniqueTrips":22,"walk":400},{"access":"rider_conditional","active":true,"activeStops":10,"events":41,"time":"0030","uniqueRoutes":7,"uniqueTrips":28,"walk":500}],"reachAvailable":true,"schemaVersion":1,"sensitivityRanks":[{"applicable":true,"rank":59,"scenario_id":"distance-300"},{"applicable":true,"rank":3,"scenario_id":"distance-500"},{"applicable":true,"rank":40,"scenario_id":"rider-conditional"},{"applicable":true,"rank":4,"scenario_id":"normal-operations"},{"applicable":true,"rank":4,"scenario_id":"optimistic-information"},{"applicable":true,"rank":5,"scenario_id":"saturday"}],"sourceUrl":"https://www.ttc.ca/transparency-and-accountability/open-data","stability":"robust","verificationSubtype":null},"type":"Feature"},{"geometry":{"coordinates":[-79.29934845,43.76069713],"type":"Point"},"id":"verify-accessibility:parks:1729","properties":{"accessCondition":"unrestricted","accessibility":"unknown","action":"verify","actionClass":"verify_information","auditStatus":"valid","closureCategory":"none","facilityId":"parks:1729","hours":"Mon Closed; Tue 8 a.m. to 11 p.m.; Wed 8 a.m. to 11 p.m.; Thu 8 a.m. to 11 p.m.; Fri 8 a.m. to 11 p.m.; Sat 8 a.m. to 11:30 a.m.; Sun 8 a.m. to 11 p.m.","id":"verify-accessibility:parks:1729","materialGain":true,"name":"Ellesmere Community Centre Washroom","primaryMetrics":{"combined_incremental":{"active_stops":6,"stop_time_events":21,"unique_routes":2,"unique_trips":14},"combined_total":{"active_stops":6,"stop_time_events":21,"unique_routes":2,"unique_trips":14},"positive_late_snapshots":1,"scenario_id":"primary","snapshot_gains":[{"incremental":{"active_stops":6,"stop_time_events":21,"unique_routes":2,"unique_trips":14},"snapshot_id":"2200","total_catchment":{"active_stops":6,"stop_time_events":21,"unique_routes":2,"unique_trips":14}},{"incremental":{"active_stops":0,"stop_time_events":0,"unique_routes":0,"unique_trips":0},"snapshot_id":"0030","total_catchment":{"active_stops":0,"stop_time_events":0,"unique_routes":0,"unique_trips":0}}]},"primaryRank":1,"queryCells":[{"access":"public","active":true,"activeStops":5,"events":24,"time":"1200","uniqueRoutes":4,"uniqueTrips":21,"walk":300},{"access":"public","active":true,"activeStops":6,"events":27,"time":"1200","uniqueRoutes":4,"uniqueTrips":21,"walk":400},{"access":"public","active":true,"activeStops":9,"events":36,"time":"1200","uniqueRoutes":4,"uniqueTrips":21,"walk":500},{"access":"rider_conditional","active":true,"activeStops":5,"events":24,"time":"1200","uniqueRoutes":4,"uniqueTrips":21,"walk":300},{"access":"rider_conditional","active":true,"activeStops":6,"events":27,"time":"1200","uniqueRoutes":4,"uniqueTrips":21,"walk":400},{"access":"rider_conditional","active":true,"activeStops":9,"events":36,"time":"1200","uniqueRoutes":4,"uniqueTrips":21,"walk":500},{"access":"public","active":true,"activeStops":5,"events":19,"time":"2030","uniqueRoutes":2,"uniqueTrips":14,"walk":300},{"access":"public","active":true,"activeStops":6,"events":21,"time":"2030","uniqueRoutes":2,"uniqueTrips":14,"walk":400},{"access":"public","active":true,"activeStops":9,"events":33,"time":"2030","uniqueRoutes":2,"uniqueTrips":14,"walk":500},{"access":"rider_conditional","active":true,"activeStops":5,"events":19,"time":"2030","uniqueRoutes":2,"uniqueTrips":14,"walk":300},{"access":"rider_conditional","active":true,"activeStops":6,"events":21,"time":"2030","uniqueRoutes":2,"uniqueTrips":14,"walk":400},{"access":"rider_conditional","active":true,"activeStops":9,"events":33,"time":"2030","uniqueRoutes":2,"uniqueTrips":14,"walk":500},{"access":"public","active":true,"activeStops":5,"events":19,"time":"2200","uniqueRoutes":2,"uniqueTrips":14,"walk":300},{"access":"public","active":true,"activeStops":6,"events":21,"time":"2200","uniqueRoutes":2,"uniqueTrips":14,"walk":400},{"access":"public","active":true,"activeStops":9,"events":34,"time":"2200","uniqueRoutes":2,"uniqueTrips":15,"walk":500},{"access":"rider_conditional","active":true,"activeStops":5,"events":19,"time":"2200","uniqueRoutes":2,"uniqueTrips":14,"walk":300},{"access":"rider_conditional","active":true,"activeStops":6,"events":21,"time":"2200","uniqueRoutes":2,"uniqueTrips":14,"walk":400},{"access":"rider_conditional","active":true,"activeStops":9,"events":34,"time":"2200","uniqueRoutes":2,"uniqueTrips":15,"walk":500},{"access":"public","active":false,"activeStops":0,"events":0,"time":"0030","uniqueRoutes":0,"uniqueTrips":0,"walk":300},{"access":"public","active":false,"activeStops":0,"events":0,"time":"0030","uniqueRoutes":0,"uniqueTrips":0,"walk":400},{"access":"public","active":false,"activeStops":0,"events":0,"time":"0030","uniqueRoutes":0,"uniqueTrips":0,"walk":500},{"access":"rider_conditional","active":false,"activeStops":0,"events":0,"time":"0030","uniqueRoutes":0,"uniqueTrips":0,"walk":300},{"access":"rider_conditional","active":false,"activeStops":0,"events":0,"time":"0030","uniqueRoutes":0,"uniqueTrips":0,"walk":400},{"access":"rider_conditional","active":false,"activeStops":0,"events":0,"time":"0030","uniqueRoutes":0,"uniqueTrips":0,"walk":500}],"reachAvailable":true,"schemaVersion":1,"sensitivityRanks":[{"applicable":true,"rank":1,"scenario_id":"distance-300"},{"applicable":true,"rank":1,"scenario_id":"distance-500"},{"applicable":true,"rank":1,"scenario_id":"rider-conditional"},{"applicable":true,"rank":1,"scenario_id":"normal-operations"},{"applicable":false,"rank":"not applicable","scenario_id":"optimistic-information"},{"applicable":true,"rank":4,"scenario_id":"saturday"}],"sourceUrl":"https://www.toronto.ca/explore-enjoy/parks-recreation/places-spaces/parks-and-recreation-facilities/location/?id=617","stability":"robust","verificationSubtype":"accessibility"},"type":"Feature"},{"geometry":{"coordinates":[-79.4093814162204,43.6359758223186],"type":"Point"},"id":"verify-hours:automated:PW-00011","properties":{"accessCondition":"unrestricted","accessibility":"accessible","action":"verify","actionClass":"verify_information","auditStatus":"valid","closureCategory":"none","facilityId":"automated:PW-00011","hours":"Seasonal Apr-Oct; daily hours not published","id":"verify-hours:automated:PW-00011","materialGain":true,"name":"Automated public washroom at 1 Strachan Ave","primaryMetrics":{"combined_incremental":{"active_stops":4,"stop_time_events":96,"unique_routes":2,"unique_trips":51},"combined_total":{"active_stops":4,"stop_time_events":96,"unique_routes":2,"unique_trips":51},"positive_late_snapshots":2,"scenario_id":"primary","snapshot_gains":[{"incremental":{"active_stops":4,"stop_time_events":48,"unique_routes":2,"unique_trips":25},"snapshot_id":"2200","total_catchment":{"active_stops":4,"stop_time_events":48,"unique_routes":2,"unique_trips":25}},{"incremental":{"active_stops":4,"stop_time_events":48,"unique_routes":2,"unique_trips":26},"snapshot_id":"0030","total_catchment":{"active_stops":4,"stop_time_events":48,"unique_routes":2,"unique_trips":26}}]},"primaryRank":1,"queryCells":[{"access":"public","active":true,"activeStops":4,"events":48,"time":"1200","uniqueRoutes":2,"uniqueTrips":26,"walk":300},{"access":"public","active":true,"activeStops":4,"events":48,"time":"1200","uniqueRoutes":2,"uniqueTrips":26,"walk":400},{"access":"public","active":true,"activeStops":7,"events":76,"time":"1200","uniqueRoutes":3,"uniqueTrips":30,"walk":500},{"access":"rider_conditional","active":true,"activeStops":4,"events":48,"time":"1200","uniqueRoutes":2,"uniqueTrips":26,"walk":300},{"access":"rider_conditional","active":true,"activeStops":4,"events":48,"time":"1200","uniqueRoutes":2,"uniqueTrips":26,"walk":400},{"access":"rider_conditional","active":true,"activeStops":7,"events":76,"time":"1200","uniqueRoutes":3,"uniqueTrips":30,"walk":500},{"access":"public","active":true,"activeStops":4,"events":48,"time":"2030","uniqueRoutes":2,"uniqueTrips":25,"walk":300},{"access":"public","active":true,"activeStops":4,"events":48,"time":"2030","uniqueRoutes":2,"uniqueTrips":25,"walk":400},{"access":"public","active":true,"activeStops":7,"events":75,"time":"2030","uniqueRoutes":3,"uniqueTrips":30,"walk":500},{"access":"rider_conditional","active":true,"activeStops":4,"events":48,"time":"2030","uniqueRoutes":2,"uniqueTrips":25,"walk":300},{"access":"rider_conditional","active":true,"activeStops":4,"events":48,"time":"2030","uniqueRoutes":2,"uniqueTrips":25,"walk":400},{"access":"rider_conditional","active":true,"activeStops":7,"events":75,"time":"2030","uniqueRoutes":3,"uniqueTrips":30,"walk":500},{"access":"public","active":true,"activeStops":4,"events":48,"time":"2200","uniqueRoutes":2,"uniqueTrips":25,"walk":300},{"access":"public","active":true,"activeStops":4,"events":48,"time":"2200","uniqueRoutes":2,"uniqueTrips":25,"walk":400},{"access":"public","active":true,"activeStops":7,"events":76,"time":"2200","uniqueRoutes":3,"uniqueTrips":31,"walk":500},{"access":"rider_conditional","active":true,"activeStops":4,"events":48,"time":"2200","uniqueRoutes":2,"uniqueTrips":25,"walk":300},{"access":"rider_conditional","active":true,"activeStops":4,"events":48,"time":"2200","uniqueRoutes":2,"uniqueTrips":25,"walk":400},{"access":"rider_conditional","active":true,"activeStops":7,"events":76,"time":"2200","uniqueRoutes":3,"uniqueTrips":31,"walk":500},{"access":"public","active":true,"activeStops":4,"events":48,"time":"0030","uniqueRoutes":2,"uniqueTrips":26,"walk":300},{"access":"public","active":true,"activeStops":4,"events":48,"time":"0030","uniqueRoutes":2,"uniqueTrips":26,"walk":400},{"access":"public","active":true,"activeStops":7,"events":76,"time":"0030","uniqueRoutes":3,"uniqueTrips":31,"walk":500},{"access":"rider_conditional","active":true,"activeStops":4,"events":48,"time":"0030","uniqueRoutes":2,"uniqueTrips":26,"walk":300},{"access":"rider_conditional","active":true,"activeStops":4,"events":48,"time":"0030","uniqueRoutes":2,"uniqueTrips":26,"walk":400},{"access":"rider_conditional","active":true,"activeStops":7,"events":76,"time":"0030","uniqueRoutes":3,"uniqueTrips":31,"walk":500}],"reachAvailable":true,"schemaVersion":1,"sensitivityRanks":[{"applicable":true,"rank":1,"scenario_id":"distance-300"},{"applicable":true,"rank":1,"scenario_id":"distance-500"},{"applicable":true,"rank":1,"scenario_id":"rider-conditional"},{"applicable":true,"rank":1,"scenario_id":"normal-operations"},{"applicable":false,"rank":"not applicable","scenario_id":"optimistic-information"},{"applicable":true,"rank":1,"scenario_id":"saturday"}],"sourceUrl":"https://open.toronto.ca/dataset/street-furniture-public-washroom/","stability":"robust","verificationSubtype":"hours"},"type":"Feature"},{"geometry":{"coordinates":[-79.45218224,43.67556711],"type":"Point"},"id":"verify-hours:parks:13499","properties":{"accessCondition":"unrestricted","accessibility":"unknown","action":"verify","actionClass":"verify_information","auditStatus":"valid","closureCategory":"none","facilityId":"parks:13499","hours":"View the facility hours","id":"verify-hours:parks:13499","materialGain":true,"name":"Giovanni Caboto Outdoor Pool / Rink Washroom","primaryMetrics":{"combined_incremental":{"active_stops":8,"stop_time_events":50,"unique_routes":2,"unique_trips":25},"combined_total":{"active_stops":8,"stop_time_events":50,"unique_routes":2,"unique_trips":25},"positive_late_snapshots":2,"scenario_id":"primary","snapshot_gains":[{"incremental":{"active_stops":8,"stop_time_events":26,"unique_routes":2,"unique_trips":13},"snapshot_id":"2200","total_catchment":{"active_stops":8,"stop_time_events":26,"unique_routes":2,"unique_trips":13}},{"incremental":{"active_stops":8,"stop_time_events":24,"unique_routes":2,"unique_trips":12},"snapshot_id":"0030","total_catchment":{"active_stops":8,"stop_time_events":24,"unique_routes":2,"unique_trips":12}}]},"primaryRank":6,"queryCells":[{"access":"public","active":true,"activeStops":3,"events":13,"time":"1200","uniqueRoutes":2,"uniqueTrips":13,"walk":300},{"access":"public","active":true,"activeStops":2,"events":9,"time":"1200","uniqueRoutes":2,"uniqueTrips":9,"walk":400},{"access":"public","active":true,"activeStops":2,"events":9,"time":"1200","uniqueRoutes":2,"uniqueTrips":9,"walk":500},{"access":"rider_conditional","active":true,"activeStops":3,"events":13,"time":"1200","uniqueRoutes":2,"uniqueTrips":13,"walk":300},{"access":"rider_conditional","active":true,"activeStops":2,"events":9,"time":"1200","uniqueRoutes":2,"uniqueTrips":9,"walk":400},{"access":"rider_conditional","active":true,"activeStops":2,"events":9,"time":"1200","uniqueRoutes":2,"uniqueTrips":9,"walk":500},{"access":"public","active":true,"activeStops":3,"events":11,"time":"2030","uniqueRoutes":2,"uniqueTrips":11,"walk":300},{"access":"public","active":true,"activeStops":2,"events":7,"time":"2030","uniqueRoutes":2,"uniqueTrips":7,"walk":400},{"access":"public","active":true,"activeStops":2,"events":7,"time":"2030","uniqueRoutes":2,"uniqueTrips":7,"walk":500},{"access":"rider_conditional","active":true,"activeStops":3,"events":11,"time":"2030","uniqueRoutes":2,"uniqueTrips":11,"walk":300},{"access":"rider_conditional","active":true,"activeStops":2,"events":7,"time":"2030","uniqueRoutes":2,"uniqueTrips":7,"walk":400},{"access":"rider_conditional","active":true,"activeStops":2,"events":7,"time":"2030","uniqueRoutes":2,"uniqueTrips":7,"walk":500},{"access":"public","active":true,"activeStops":7,"events":23,"time":"2200","uniqueRoutes":2,"uniqueTrips":13,"walk":300},{"access":"public","active":true,"activeStops":8,"events":26,"time":"2200","uniqueRoutes":2,"uniqueTrips":13,"walk":400},{"access":"public","active":true,"activeStops":12,"events":38,"time":"2200","uniqueRoutes":2,"uniqueTrips":13,"walk":500},{"access":"rider_conditional","active":true,"activeStops":7,"events":23,"time":"2200","uniqueRoutes":2,"uniqueTrips":13,"walk":300},{"access":"rider_conditional","active":true,"activeStops":8,"events":26,"time":"2200","uniqueRoutes":2,"uniqueTrips":13,"walk":400},{"access":"rider_conditional","active":true,"activeStops":12,"events":38,"time":"2200","uniqueRoutes":2,"uniqueTrips":13,"walk":500},{"access":"public","active":true,"activeStops":7,"events":21,"time":"0030","uniqueRoutes":2,"uniqueTrips":12,"walk":300},{"access":"public","active":true,"activeStops":8,"events":24,"time":"0030","uniqueRoutes":2,"uniqueTrips":12,"walk":400},{"access":"public","active":true,"activeStops":12,"events":36,"time":"0030","uniqueRoutes":2,"uniqueTrips":13,"walk":500},{"access":"rider_conditional","active":true,"activeStops":7,"events":21,"time":"0030","uniqueRoutes":2,"uniqueTrips":12,"walk":300},{"access":"rider_conditional","active":true,"activeStops":8,"events":24,"time":"0030","uniqueRoutes":2,"uniqueTrips":12,"walk":400},{"access":"rider_conditional","active":true,"activeStops":12,"events":36,"time":"0030","uniqueRoutes":2,"uniqueTrips":13,"walk":500}],"reachAvailable":true,"schemaVersion":1,"sensitivityRanks":[{"applicable":true,"rank":3,"scenario_id":"distance-300"},{"applicable":true,"rank":13,"scenario_id":"distance-500"},{"applicable":true,"rank":6,"scenario_id":"rider-conditional"},{"applicable":true,"rank":6,"scenario_id":"normal-operations"},{"applicable":false,"rank":"not applicable","scenario_id":"optimistic-information"},{"applicable":true,"rank":6,"scenario_id":"saturday"}],"sourceUrl":"https://www.toronto.ca/explore-enjoy/parks-recreation/places-spaces/parks-and-recreation-facilities/location/?id=1068","stability":"robust","verificationSubtype":"hours"},"type":"Feature"},{"geometry":{"coordinates":[-79.35945084,43.65866908],"type":"Point"},"id":"verify-hours:parks:28897","properties":{"accessCondition":"unrestricted","accessibility":"unknown","action":"verify","actionClass":"verify_information","auditStatus":"valid","closureCategory":"none","facilityId":"parks:28897","hours":"View outdoor rink hours","id":"verify-hours:parks:28897","materialGain":true,"name":"Regent Park Athletic Grounds Outdoor Rink Washroom","primaryMetrics":{"combined_incremental":{"active_stops":5,"stop_time_events":26,"unique_routes":3,"unique_trips":26},"combined_total":{"active_stops":5,"stop_time_events":26,"unique_routes":3,"unique_trips":26},"positive_late_snapshots":2,"scenario_id":"primary","snapshot_gains":[{"incremental":{"active_stops":5,"stop_time_events":13,"unique_routes":3,"unique_trips":13},"snapshot_id":"2200","total_catchment":{"active_stops":5,"stop_time_events":13,"unique_routes":3,"unique_trips":13}},{"incremental":{"active_stops":5,"stop_time_events":13,"unique_routes":3,"unique_trips":13},"snapshot_id":"0030","total_catchment":{"active_stops":5,"stop_time_events":13,"unique_routes":3,"unique_trips":13}}]},"primaryRank":5,"queryCells":[{"access":"public","active":true,"activeStops":2,"events":6,"time":"1200","uniqueRoutes":1,"uniqueTrips":6,"walk":300},{"access":"public","active":true,"activeStops":2,"events":6,"time":"1200","uniqueRoutes":1,"uniqueTrips":6,"walk":400},{"access":"public","active":true,"activeStops":5,"events":24,"time":"1200","uniqueRoutes":4,"uniqueTrips":24,"walk":500},{"access":"rider_conditional","active":true,"activeStops":2,"events":6,"time":"1200","uniqueRoutes":1,"uniqueTrips":6,"walk":300},{"access":"rider_conditional","active":true,"activeStops":2,"events":6,"time":"1200","uniqueRoutes":1,"uniqueTrips":6,"walk":400},{"access":"rider_conditional","active":true,"activeStops":5,"events":24,"time":"1200","uniqueRoutes":4,"uniqueTrips":24,"walk":500},{"access":"public","active":true,"activeStops":2,"events":6,"time":"2030","uniqueRoutes":1,"uniqueTrips":6,"walk":300},{"access":"public","active":true,"activeStops":2,"events":6,"time":"2030","uniqueRoutes":1,"uniqueTrips":6,"walk":400},{"access":"public","active":true,"activeStops":5,"events":29,"time":"2030","uniqueRoutes":4,"uniqueTrips":29,"walk":500},{"access":"rider_conditional","active":true,"activeStops":2,"events":6,"time":"2030","uniqueRoutes":1,"uniqueTrips":6,"walk":300},{"access":"rider_conditional","active":true,"activeStops":2,"events":6,"time":"2030","uniqueRoutes":1,"uniqueTrips":6,"walk":400},{"access":"rider_conditional","active":true,"activeStops":5,"events":29,"time":"2030","uniqueRoutes":4,"uniqueTrips":29,"walk":500},{"access":"public","active":true,"activeStops":2,"events":6,"time":"2200","uniqueRoutes":1,"uniqueTrips":6,"walk":300},{"access":"public","active":true,"activeStops":5,"events":13,"time":"2200","uniqueRoutes":3,"uniqueTrips":13,"walk":400},{"access":"public","active":true,"activeStops":14,"events":48,"time":"2200","uniqueRoutes":5,"uniqueTrips":32,"walk":500},{"access":"rider_conditional","active":true,"activeStops":2,"events":6,"time":"2200","uniqueRoutes":1,"uniqueTrips":6,"walk":300},{"access":"rider_conditional","active":true,"activeStops":5,"events":13,"time":"2200","uniqueRoutes":3,"uniqueTrips":13,"walk":400},{"access":"rider_conditional","active":true,"activeStops":14,"events":48,"time":"2200","uniqueRoutes":5,"uniqueTrips":32,"walk":500},{"access":"public","active":true,"activeStops":2,"events":6,"time":"0030","uniqueRoutes":1,"uniqueTrips":6,"walk":300},{"access":"public","active":true,"activeStops":5,"events":13,"time":"0030","uniqueRoutes":3,"uniqueTrips":13,"walk":400},{"access":"public","active":true,"activeStops":14,"events":44,"time":"0030","uniqueRoutes":5,"uniqueTrips":29,"walk":500},{"access":"rider_conditional","active":true,"activeStops":2,"events":6,"time":"0030","uniqueRoutes":1,"uniqueTrips":6,"walk":300},{"access":"rider_conditional","active":true,"activeStops":5,"events":13,"time":"0030","uniqueRoutes":3,"uniqueTrips":13,"walk":400},{"access":"rider_conditional","active":true,"activeStops":14,"events":44,"time":"0030","uniqueRoutes":5,"uniqueTrips":29,"walk":500}],"reachAvailable":true,"schemaVersion":1,"sensitivityRanks":[{"applicable":true,"rank":16,"scenario_id":"distance-300"},{"applicable":true,"rank":2,"scenario_id":"distance-500"},{"applicable":true,"rank":5,"scenario_id":"rider-conditional"},{"applicable":true,"rank":5,"scenario_id":"normal-operations"},{"applicable":false,"rank":"not applicable","scenario_id":"optimistic-information"},{"applicable":true,"rank":4,"scenario_id":"saturday"}],"sourceUrl":"https://www.toronto.ca/explore-enjoy/parks-recreation/places-spaces/parks-and-recreation-facilities/location/?id=419","stability":"robust","verificationSubtype":"hours"},"type":"Feature"},{"geometry":{"coordinates":[-79.32971394,43.669485900000005],"type":"Point"},"id":"verify-hours:parks:5675","properties":{"accessCondition":"unrestricted","accessibility":"unknown","action":"verify","actionClass":"verify_information","auditStatus":"valid","closureCategory":"none","facilityId":"parks:5675","hours":"View facility hours","id":"verify-hours:parks:5675","materialGain":true,"name":"Greenwood Park Outdoor Pool / Rink Washroom","primaryMetrics":{"combined_incremental":{"active_stops":7,"stop_time_events":41,"unique_routes":2,"unique_trips":23},"combined_total":{"active_stops":7,"stop_time_events":41,"unique_routes":2,"unique_trips":23},"positive_late_snapshots":2,"scenario_id":"primary","snapshot_gains":[{"incremental":{"active_stops":7,"stop_time_events":22,"unique_routes":2,"unique_trips":12},"snapshot_id":"2200","total_catchment":{"active_stops":7,"stop_time_events":22,"unique_routes":2,"unique_trips":12}},{"incremental":{"active_stops":7,"stop_time_events":19,"unique_routes":2,"unique_trips":11},"snapshot_id":"0030","total_catchment":{"active_stops":7,"stop_time_events":19,"unique_routes":2,"unique_trips":11}}]},"primaryRank":10,"queryCells":[{"access":"public","active":true,"activeStops":2,"events":6,"time":"1200","uniqueRoutes":1,"uniqueTrips":6,"walk":300},{"access":"public","active":true,"activeStops":4,"events":12,"time":"1200","uniqueRoutes":1,"uniqueTrips":6,"walk":400},{"access":"public","active":true,"activeStops":2,"events":6,"time":"1200","uniqueRoutes":1,"uniqueTrips":6,"walk":500},{"access":"rider_conditional","active":true,"activeStops":2,"events":6,"time":"1200","uniqueRoutes":1,"uniqueTrips":6,"walk":300},{"access":"rider_conditional","active":true,"activeStops":4,"events":12,"time":"1200","uniqueRoutes":1,"uniqueTrips":6,"walk":400},{"access":"rider_conditional","active":true,"activeStops":2,"events":6,"time":"1200","uniqueRoutes":1,"uniqueTrips":6,"walk":500},{"access":"public","active":true,"activeStops":2,"events":7,"time":"2030","uniqueRoutes":1,"uniqueTrips":7,"walk":300},{"access":"public","active":true,"activeStops":4,"events":14,"time":"2030","uniqueRoutes":1,"uniqueTrips":7,"walk":400},{"access":"public","active":true,"activeStops":2,"events":7,"time":"2030","uniqueRoutes":1,"uniqueTrips":7,"walk":500},{"access":"rider_conditional","active":true,"activeStops":2,"events":7,"time":"2030","uniqueRoutes":1,"uniqueTrips":7,"walk":300},{"access":"rider_conditional","active":true,"activeStops":4,"events":14,"time":"2030","uniqueRoutes":1,"uniqueTrips":7,"walk":400},{"access":"rider_conditional","active":true,"activeStops":2,"events":7,"time":"2030","uniqueRoutes":1,"uniqueTrips":7,"walk":500},{"access":"public","active":true,"activeStops":2,"events":7,"time":"2200","uniqueRoutes":1,"uniqueTrips":7,"walk":300},{"access":"public","active":true,"activeStops":7,"events":22,"time":"2200","uniqueRoutes":2,"uniqueTrips":12,"walk":400},{"access":"public","active":true,"activeStops":10,"events":29,"time":"2200","uniqueRoutes":2,"uniqueTrips":13,"walk":500},{"access":"rider_conditional","active":true,"activeStops":2,"events":7,"time":"2200","uniqueRoutes":1,"uniqueTrips":7,"walk":300},{"access":"rider_conditional","active":true,"activeStops":7,"events":22,"time":"2200","uniqueRoutes":2,"uniqueTrips":12,"walk":400},{"access":"rider_conditional","active":true,"activeStops":10,"events":29,"time":"2200","uniqueRoutes":2,"uniqueTrips":13,"walk":500},{"access":"public","active":true,"activeStops":2,"events":6,"time":"0030","uniqueRoutes":1,"uniqueTrips":6,"walk":300},{"access":"public","active":true,"activeStops":7,"events":19,"time":"0030","uniqueRoutes":2,"uniqueTrips":11,"walk":400},{"access":"public","active":true,"activeStops":10,"events":26,"time":"0030","uniqueRoutes":2,"uniqueTrips":11,"walk":500},{"access":"rider_conditional","active":true,"activeStops":2,"events":6,"time":"0030","uniqueRoutes":1,"uniqueTrips":6,"walk":300},{"access":"rider_conditional","active":true,"activeStops":7,"events":19,"time":"0030","uniqueRoutes":2,"uniqueTrips":11,"walk":400},{"access":"rider_conditional","active":true,"activeStops":10,"events":26,"time":"0030","uniqueRoutes":2,"uniqueTrips":11,"walk":500}],"reachAvailable":true,"schemaVersion":1,"sensitivityRanks":[{"applicable":true,"rank":13,"scenario_id":"distance-300"},{"applicable":true,"rank":15,"scenario_id":"distance-500"},{"applicable":true,"rank":10,"scenario_id":"rider-conditional"},{"applicable":true,"rank":10,"scenario_id":"normal-operations"},{"applicable":false,"rank":"not applicable","scenario_id":"optimistic-information"},{"applicable":true,"rank":10,"scenario_id":"saturday"}],"sourceUrl":"https://www.toronto.ca/explore-enjoy/parks-recreation/places-spaces/parks-and-recreation-facilities/location/?id=70","stability":"robust","verificationSubtype":"hours"},"type":"Feature"},{"geometry":{"coordinates":[-79.48791123,43.61304005],"type":"Point"},"id":"verify-hours:parks:5976","properties":{"accessCondition":"unrestricted","accessibility":"unknown","action":"verify","actionClass":"verify_information","auditStatus":"valid","closureCategory":"none","facilityId":"parks:5976","hours":"View outdoor pool hours","id":"verify-hours:parks:5976","materialGain":true,"name":"Amos Waites Park Outdoor Pool Washroom","primaryMetrics":{"combined_incremental":{"active_stops":4,"stop_time_events":31,"unique_routes":2,"unique_trips":25},"combined_total":{"active_stops":4,"stop_time_events":31,"unique_routes":2,"unique_trips":25},"positive_late_snapshots":2,"scenario_id":"primary","snapshot_gains":[{"incremental":{"active_stops":4,"stop_time_events":16,"unique_routes":2,"unique_trips":13},"snapshot_id":"2200","total_catchment":{"active_stops":4,"stop_time_events":16,"unique_routes":2,"unique_trips":13}},{"incremental":{"active_stops":4,"stop_time_events":15,"unique_routes":2,"unique_trips":12},"snapshot_id":"0030","total_catchment":{"active_stops":4,"stop_time_events":15,"unique_routes":2,"unique_trips":12}}]},"primaryRank":7,"queryCells":[{"access":"public","active":true,"activeStops":0,"events":0,"time":"1200","uniqueRoutes":0,"uniqueTrips":0,"walk":300},{"access":"public","active":true,"activeStops":0,"events":0,"time":"1200","uniqueRoutes":0,"uniqueTrips":0,"walk":400},{"access":"public","active":true,"activeStops":0,"events":0,"time":"1200","uniqueRoutes":0,"uniqueTrips":0,"walk":500},{"access":"rider_conditional","active":true,"activeStops":0,"events":0,"time":"1200","uniqueRoutes":0,"uniqueTrips":0,"walk":300},{"access":"rider_conditional","active":true,"activeStops":0,"events":0,"time":"1200","uniqueRoutes":0,"uniqueTrips":0,"walk":400},{"access":"rider_conditional","active":true,"activeStops":0,"events":0,"time":"1200","uniqueRoutes":0,"uniqueTrips":0,"walk":500},{"access":"public","active":true,"activeStops":0,"events":0,"time":"2030","uniqueRoutes":0,"uniqueTrips":0,"walk":300},{"access":"public","active":true,"activeStops":0,"events":0,"time":"2030","uniqueRoutes":0,"uniqueTrips":0,"walk":400},{"access":"public","active":true,"activeStops":0,"events":0,"time":"2030","uniqueRoutes":0,"uniqueTrips":0,"walk":500},{"access":"rider_conditional","active":true,"activeStops":0,"events":0,"time":"2030","uniqueRoutes":0,"uniqueTrips":0,"walk":300},{"access":"rider_conditional","active":true,"activeStops":0,"events":0,"time":"2030","uniqueRoutes":0,"uniqueTrips":0,"walk":400},{"access":"rider_conditional","active":true,"activeStops":0,"events":0,"time":"2030","uniqueRoutes":0,"uniqueTrips":0,"walk":500},{"access":"public","active":true,"activeStops":1,"events":4,"time":"2200","uniqueRoutes":1,"uniqueTrips":4,"walk":300},{"access":"public","active":true,"activeStops":4,"events":16,"time":"2200","uniqueRoutes":2,"uniqueTrips":13,"walk":400},{"access":"public","active":true,"activeStops":6,"events":23,"time":"2200","uniqueRoutes":2,"uniqueTrips":13,"walk":500},{"access":"rider_conditional","active":true,"activeStops":1,"events":4,"time":"2200","uniqueRoutes":1,"uniqueTrips":4,"walk":300},{"access":"rider_conditional","active":true,"activeStops":4,"events":16,"time":"2200","uniqueRoutes":2,"uniqueTrips":13,"walk":400},{"access":"rider_conditional","active":true,"activeStops":6,"events":23,"time":"2200","uniqueRoutes":2,"uniqueTrips":13,"walk":500},{"access":"public","active":true,"activeStops":1,"events":3,"time":"0030","uniqueRoutes":1,"uniqueTrips":3,"walk":300},{"access":"public","active":true,"activeStops":4,"events":15,"time":"0030","uniqueRoutes":2,"uniqueTrips":12,"walk":400},{"access":"public","active":true,"activeStops":6,"events":21,"time":"0030","uniqueRoutes":2,"uniqueTrips":12,"walk":500},{"access":"rider_conditional","active":true,"activeStops":1,"events":3,"time":"0030","uniqueRoutes":1,"uniqueTrips":3,"walk":300},{"access":"rider_conditional","active":true,"activeStops":4,"events":15,"time":"0030","uniqueRoutes":2,"uniqueTrips":12,"walk":400},{"access":"rider_conditional","active":true,"activeStops":6,"events":21,"time":"0030","uniqueRoutes":2,"uniqueTrips":12,"walk":500}],"reachAvailable":true,"schemaVersion":1,"sensitivityRanks":[{"applicable":true,"rank":20,"scenario_id":"distance-300"},{"applicable":true,"rank":14,"scenario_id":"distance-500"},{"applicable":true,"rank":7,"scenario_id":"rider-conditional"},{"applicable":true,"rank":7,"scenario_id":"normal-operations"},{"applicable":false,"rank":"not applicable","scenario_id":"optimistic-information"},{"applicable":true,"rank":7,"scenario_id":"saturday"}],"sourceUrl":"https://www.toronto.ca/explore-enjoy/parks-recreation/places-spaces/parks-and-recreation-facilities/location/?id=906","stability":"robust","verificationSubtype":"hours"},"type":"Feature"},{"geometry":{"coordinates":[-79.408071,43.64197334],"type":"Point"},"id":"verify-hours:parks:6091","properties":{"accessCondition":"unrestricted","accessibility":"unknown","action":"verify","actionClass":"verify_information","auditStatus":"valid","closureCategory":"none","facilityId":"parks:6091","hours":"View outdoor pool hours","id":"verify-hours:parks:6091","materialGain":true,"name":"Stanley Park South Outdoor Pool Washroom ","primaryMetrics":{"combined_incremental":{"active_stops":5,"stop_time_events":67,"unique_routes":1,"unique_trips":28},"combined_total":{"active_stops":5,"stop_time_events":67,"unique_routes":1,"unique_trips":28},"positive_late_snapshots":2,"scenario_id":"primary","snapshot_gains":[{"incremental":{"active_stops":5,"stop_time_events":37,"unique_routes":1,"unique_trips":16},"snapshot_id":"2200","total_catchment":{"active_stops":5,"stop_time_events":37,"unique_routes":1,"unique_trips":16}},{"incremental":{"active_stops":5,"stop_time_events":30,"unique_routes":1,"unique_trips":12},"snapshot_id":"0030","total_catchment":{"active_stops":5,"stop_time_events":30,"unique_routes":1,"unique_trips":12}}]},"primaryRank":4,"queryCells":[{"access":"public","active":true,"activeStops":0,"events":0,"time":"1200","uniqueRoutes":0,"uniqueTrips":0,"walk":300},{"access":"public","active":true,"activeStops":0,"events":0,"time":"1200","uniqueRoutes":0,"uniqueTrips":0,"walk":400},{"access":"public","active":true,"activeStops":0,"events":0,"time":"1200","uniqueRoutes":0,"uniqueTrips":0,"walk":500},{"access":"rider_conditional","active":true,"activeStops":0,"events":0,"time":"1200","uniqueRoutes":0,"uniqueTrips":0,"walk":300},{"access":"rider_conditional","active":true,"activeStops":0,"events":0,"time":"1200","uniqueRoutes":0,"uniqueTrips":0,"walk":400},{"access":"rider_conditional","active":true,"activeStops":0,"events":0,"time":"1200","uniqueRoutes":0,"uniqueTrips":0,"walk":500},{"access":"public","active":true,"activeStops":0,"events":0,"time":"2030","uniqueRoutes":0,"uniqueTrips":0,"walk":300},{"access":"public","active":true,"activeStops":0,"events":0,"time":"2030","uniqueRoutes":0,"uniqueTrips":0,"walk":400},{"access":"public","active":true,"activeStops":0,"events":0,"time":"2030","uniqueRoutes":0,"uniqueTrips":0,"walk":500},{"access":"rider_conditional","active":true,"activeStops":0,"events":0,"time":"2030","uniqueRoutes":0,"uniqueTrips":0,"walk":300},{"access":"rider_conditional","active":true,"activeStops":0,"events":0,"time":"2030","uniqueRoutes":0,"uniqueTrips":0,"walk":400},{"access":"rider_conditional","active":true,"activeStops":0,"events":0,"time":"2030","uniqueRoutes":0,"uniqueTrips":0,"walk":500},{"access":"public","active":true,"activeStops":2,"events":15,"time":"2200","uniqueRoutes":1,"uniqueTrips":15,"walk":300},{"access":"public","active":true,"activeStops":5,"events":37,"time":"2200","uniqueRoutes":1,"uniqueTrips":16,"walk":400},{"access":"public","active":true,"activeStops":7,"events":47,"time":"2200","uniqueRoutes":2,"uniqueTrips":19,"walk":500},{"access":"rider_conditional","active":true,"activeStops":2,"events":15,"time":"2200","uniqueRoutes":1,"uniqueTrips":15,"walk":300},{"access":"rider_conditional","active":true,"activeStops":5,"events":37,"time":"2200","uniqueRoutes":1,"uniqueTrips":16,"walk":400},{"access":"rider_conditional","active":true,"activeStops":7,"events":47,"time":"2200","uniqueRoutes":2,"uniqueTrips":19,"walk":500},{"access":"public","active":true,"activeStops":2,"events":12,"time":"0030","uniqueRoutes":1,"uniqueTrips":12,"walk":300},{"access":"public","active":true,"activeStops":5,"events":30,"time":"0030","uniqueRoutes":1,"uniqueTrips":12,"walk":400},{"access":"public","active":true,"activeStops":7,"events":39,"time":"0030","uniqueRoutes":2,"uniqueTrips":16,"walk":500},{"access":"rider_conditional","active":true,"activeStops":2,"events":12,"time":"0030","uniqueRoutes":1,"uniqueTrips":12,"walk":300},{"access":"rider_conditional","active":true,"activeStops":5,"events":30,"time":"0030","uniqueRoutes":1,"uniqueTrips":12,"walk":400},{"access":"rider_conditional","active":true,"activeStops":7,"events":39,"time":"0030","uniqueRoutes":2,"uniqueTrips":16,"walk":500}],"reachAvailable":true,"schemaVersion":1,"sensitivityRanks":[{"applicable":true,"rank":2,"scenario_id":"distance-300"},{"applicable":true,"rank":7,"scenario_id":"distance-500"},{"applicable":true,"rank":4,"scenario_id":"rider-conditional"},{"applicable":true,"rank":4,"scenario_id":"normal-operations"},{"applicable":false,"rank":"not applicable","scenario_id":"optimistic-information"},{"applicable":true,"rank":8,"scenario_id":"saturday"}],"sourceUrl":"https://www.toronto.ca/explore-enjoy/parks-recreation/places-spaces/parks-and-recreation-facilities/location/?id=2750","stability":"robust","verificationSubtype":"hours"},"type":"Feature"},{"geometry":{"coordinates":[-79.49762667,43.67482715],"type":"Point"},"id":"verify-hours:parks:6105","properties":{"accessCondition":"unrestricted","accessibility":"unknown","action":"verify","actionClass":"verify_information","auditStatus":"valid","closureCategory":"none","facilityId":"parks:6105","hours":"View outdoor pool hours","id":"verify-hours:parks:6105","materialGain":true,"name":"Smythe Park Outdoor Pool Washroom ","primaryMetrics":{"combined_incremental":{"active_stops":4,"stop_time_events":37,"unique_routes":3,"unique_trips":28},"combined_total":{"active_stops":4,"stop_time_events":37,"unique_routes":3,"unique_trips":28},"positive_late_snapshots":2,"scenario_id":"primary","snapshot_gains":[{"incremental":{"active_stops":4,"stop_time_events":18,"unique_routes":3,"unique_trips":15},"snapshot_id":"2200","total_catchment":{"active_stops":4,"stop_time_events":18,"unique_routes":3,"unique_trips":15}},{"incremental":{"active_stops":4,"stop_time_events":19,"unique_routes":2,"unique_trips":13},"snapshot_id":"0030","total_catchment":{"active_stops":4,"stop_time_events":19,"unique_routes":2,"unique_trips":13}}]},"primaryRank":3,"queryCells":[{"access":"public","active":true,"activeStops":1,"events":6,"time":"1200","uniqueRoutes":2,"uniqueTrips":6,"walk":300},{"access":"public","active":true,"activeStops":4,"events":16,"time":"1200","uniqueRoutes":3,"uniqueTrips":13,"walk":400},{"access":"public","active":true,"activeStops":5,"events":19,"time":"1200","uniqueRoutes":3,"uniqueTrips":13,"walk":500},{"access":"rider_conditional","active":true,"activeStops":1,"events":6,"time":"1200","uniqueRoutes":2,"uniqueTrips":6,"walk":300},{"access":"rider_conditional","active":true,"activeStops":4,"events":16,"time":"1200","uniqueRoutes":3,"uniqueTrips":13,"walk":400},{"access":"rider_conditional","active":true,"activeStops":5,"events":19,"time":"1200","uniqueRoutes":3,"uniqueTrips":13,"walk":500},{"access":"public","active":true,"activeStops":1,"events":7,"time":"2030","uniqueRoutes":2,"uniqueTrips":7,"walk":300},{"access":"public","active":true,"activeStops":4,"events":18,"time":"2030","uniqueRoutes":3,"uniqueTrips":16,"walk":400},{"access":"public","active":true,"activeStops":5,"events":21,"time":"2030","uniqueRoutes":3,"uniqueTrips":16,"walk":500},{"access":"rider_conditional","active":true,"activeStops":1,"events":7,"time":"2030","uniqueRoutes":2,"uniqueTrips":7,"walk":300},{"access":"rider_conditional","active":true,"activeStops":4,"events":18,"time":"2030","uniqueRoutes":3,"uniqueTrips":16,"walk":400},{"access":"rider_conditional","active":true,"activeStops":5,"events":21,"time":"2030","uniqueRoutes":3,"uniqueTrips":16,"walk":500},{"access":"public","active":true,"activeStops":1,"events":5,"time":"2200","uniqueRoutes":2,"uniqueTrips":5,"walk":300},{"access":"public","active":true,"activeStops":4,"events":18,"time":"2200","uniqueRoutes":3,"uniqueTrips":15,"walk":400},{"access":"public","active":true,"activeStops":5,"events":21,"time":"2200","uniqueRoutes":3,"uniqueTrips":15,"walk":500},{"access":"rider_conditional","active":true,"activeStops":1,"events":5,"time":"2200","uniqueRoutes":2,"uniqueTrips":5,"walk":300},{"access":"rider_conditional","active":true,"activeStops":4,"events":18,"time":"2200","uniqueRoutes":3,"uniqueTrips":15,"walk":400},{"access":"rider_conditional","active":true,"activeStops":5,"events":21,"time":"2200","uniqueRoutes":3,"uniqueTrips":15,"walk":500},{"access":"public","active":true,"activeStops":1,"events":6,"time":"0030","uniqueRoutes":1,"uniqueTrips":6,"walk":300},{"access":"public","active":true,"activeStops":4,"events":19,"time":"0030","uniqueRoutes":2,"uniqueTrips":13,"walk":400},{"access":"public","active":true,"activeStops":5,"events":24,"time":"0030","uniqueRoutes":2,"uniqueTrips":13,"walk":500},{"access":"rider_conditional","active":true,"activeStops":1,"events":6,"time":"0030","uniqueRoutes":1,"uniqueTrips":6,"walk":300},{"access":"rider_conditional","active":true,"activeStops":4,"events":19,"time":"0030","uniqueRoutes":2,"uniqueTrips":13,"walk":400},{"access":"rider_conditional","active":true,"activeStops":5,"events":24,"time":"0030","uniqueRoutes":2,"uniqueTrips":13,"walk":500}],"reachAvailable":true,"schemaVersion":1,"sensitivityRanks":[{"applicable":true,"rank":17,"scenario_id":"distance-300"},{"applicable":true,"rank":10,"scenario_id":"distance-500"},{"applicable":true,"rank":3,"scenario_id":"rider-conditional"},{"applicable":true,"rank":3,"scenario_id":"normal-operations"},{"applicable":false,"rank":"not applicable","scenario_id":"optimistic-information"},{"applicable":true,"rank":9,"scenario_id":"saturday"}],"sourceUrl":"https://www.toronto.ca/explore-enjoy/parks-recreation/places-spaces/parks-and-recreation-facilities/location/?id=504","stability":"robust","verificationSubtype":"hours"},"type":"Feature"},{"geometry":{"coordinates":[-79.35701774,43.672518249999996],"type":"Point"},"id":"verify-hours:parks:6171","properties":{"accessCondition":"unrestricted","accessibility":"unknown","action":"verify","actionClass":"verify_information","auditStatus":"valid","closureCategory":"none","facilityId":"parks:6171","hours":"View facility hours","id":"verify-hours:parks:6171","materialGain":true,"name":"Riverdale Park East Outdoor Rink / Pool Washroom ","primaryMetrics":{"combined_incremental":{"active_stops":4,"stop_time_events":72,"unique_routes":4,"unique_trips":36},"combined_total":{"active_stops":4,"stop_time_events":72,"unique_routes":4,"unique_trips":36},"positive_late_snapshots":2,"scenario_id":"primary","snapshot_gains":[{"incremental":{"active_stops":4,"stop_time_events":34,"unique_routes":4,"unique_trips":17},"snapshot_id":"2200","total_catchment":{"active_stops":4,"stop_time_events":34,"unique_routes":4,"unique_trips":17}},{"incremental":{"active_stops":4,"stop_time_events":38,"unique_routes":4,"unique_trips":19},"snapshot_id":"0030","total_catchment":{"active_stops":4,"stop_time_events":38,"unique_routes":4,"unique_trips":19}}]},"primaryRank":2,"queryCells":[{"access":"public","active":true,"activeStops":1,"events":12,"time":"1200","uniqueRoutes":4,"uniqueTrips":12,"walk":300},{"access":"public","active":true,"activeStops":4,"events":45,"time":"1200","uniqueRoutes":4,"uniqueTrips":23,"walk":400},{"access":"public","active":true,"activeStops":4,"events":45,"time":"1200","uniqueRoutes":4,"uniqueTrips":23,"walk":500},{"access":"rider_conditional","active":true,"activeStops":1,"events":12,"time":"1200","uniqueRoutes":4,"uniqueTrips":12,"walk":300},{"access":"rider_conditional","active":true,"activeStops":4,"events":45,"time":"1200","uniqueRoutes":4,"uniqueTrips":23,"walk":400},{"access":"rider_conditional","active":true,"activeStops":4,"events":45,"time":"1200","uniqueRoutes":4,"uniqueTrips":23,"walk":500},{"access":"public","active":true,"activeStops":1,"events":11,"time":"2030","uniqueRoutes":4,"uniqueTrips":11,"walk":300},{"access":"public","active":true,"activeStops":4,"events":43,"time":"2030","uniqueRoutes":4,"uniqueTrips":22,"walk":400},{"access":"public","active":true,"activeStops":4,"events":43,"time":"2030","uniqueRoutes":4,"uniqueTrips":22,"walk":500},{"access":"rider_conditional","active":true,"activeStops":1,"events":11,"time":"2030","uniqueRoutes":4,"uniqueTrips":11,"walk":300},{"access":"rider_conditional","active":true,"activeStops":4,"events":43,"time":"2030","uniqueRoutes":4,"uniqueTrips":22,"walk":400},{"access":"rider_conditional","active":true,"activeStops":4,"events":43,"time":"2030","uniqueRoutes":4,"uniqueTrips":22,"walk":500},{"access":"public","active":true,"activeStops":1,"events":8,"time":"2200","uniqueRoutes":4,"uniqueTrips":8,"walk":300},{"access":"public","active":true,"activeStops":4,"events":34,"time":"2200","uniqueRoutes":4,"uniqueTrips":17,"walk":400},{"access":"public","active":true,"activeStops":4,"events":34,"time":"2200","uniqueRoutes":4,"uniqueTrips":17,"walk":500},{"access":"rider_conditional","active":true,"activeStops":1,"events":8,"time":"2200","uniqueRoutes":4,"uniqueTrips":8,"walk":300},{"access":"rider_conditional","active":true,"activeStops":4,"events":34,"time":"2200","uniqueRoutes":4,"uniqueTrips":17,"walk":400},{"access":"rider_conditional","active":true,"activeStops":4,"events":34,"time":"2200","uniqueRoutes":4,"uniqueTrips":17,"walk":500},{"access":"public","active":true,"activeStops":1,"events":10,"time":"0030","uniqueRoutes":4,"uniqueTrips":10,"walk":300},{"access":"public","active":true,"activeStops":4,"events":38,"time":"0030","uniqueRoutes":4,"uniqueTrips":19,"walk":400},{"access":"public","active":true,"activeStops":4,"events":38,"time":"0030","uniqueRoutes":4,"uniqueTrips":19,"walk":500},{"access":"rider_conditional","active":true,"activeStops":1,"events":10,"time":"0030","uniqueRoutes":4,"uniqueTrips":10,"walk":300},{"access":"rider_conditional","active":true,"activeStops":4,"events":38,"time":"0030","uniqueRoutes":4,"uniqueTrips":19,"walk":400},{"access":"rider_conditional","active":true,"activeStops":4,"events":38,"time":"0030","uniqueRoutes":4,"uniqueTrips":19,"walk":500}],"reachAvailable":true,"schemaVersion":1,"sensitivityRanks":[{"applicable":true,"rank":8,"scenario_id":"distance-300"},{"applicable":true,"rank":5,"scenario_id":"distance-500"},{"applicable":true,"rank":2,"scenario_id":"rider-conditional"},{"applicable":true,"rank":2,"scenario_id":"normal-operations"},{"applicable":false,"rank":"not applicable","scenario_id":"optimistic-information"},{"applicable":true,"rank":2,"scenario_id":"saturday"}],"sourceUrl":"https://www.toronto.ca/explore-enjoy/parks-recreation/places-spaces/parks-and-recreation-facilities/location/?id=343","stability":"robust","verificationSubtype":"hours"},"type":"Feature"}],"schemaVersion":1,"type":"FeatureCollection"}
